{"type":"FeatureCollection","features":[{"type":"Feature","geometry":{"type":"Polygon","coordinates":[[[4.7802,46.1767],[4.7946,46.2183],[4.8078,46.237],[4.811,46.2599],[4.826,46.2748],[4.8318,46.2969],[4.8528,46.3282],[4.8515,46.3563],[4.8882,46.403],[4.8918,46.4399],[4.9158,46.4654],[4.9156,46.4889],[4.9356,46.5142],[5.0043,46.5104],[5.0278,46.4936],[5.0564,46.4839],[5.1074,46.4919],[5.1372,46.5093],[5.1727,46.5134],[5.2011,46.5082],[5.2151,46.4684],[5.2558,46.4519],[5.3106,46.4468],[5.3195,46.4308],[5.2988,46.4127],[5.3414,46.4018],[5.3756,46.3802],[5.3735,46.3522],[5.402,46.339],[5.4258,46.3389],[5.4378,46.3151],[5.4669,46.3233],[5.4751,46.315],[5.4568,46.2745],[5.4731,46.2651],[5.5203,46.2642],[5.542,46.2702],[5.5664,46.2941],[5.5974,46.2972],[5.6176,46.3291],[5.6494,46.3395],[5.6846,46.3109],[5.7147,46.3088],[5.715,46.2818],[5.7252,46.2607],[5.7657,46.2683],[5.8498,46.2621],[5.8784,46.2692],[5.8946,46.2866],[5.9089,46.284],[5.918,46.3092],[5.9414,46.3094],[5.9836,46.3624],[6.0295,46.3868],[6.064,46.4162],[6.0982,46.4088],[6.1697,46.3679],[6.1213,46.3137],[6.1194,46.2949],[6.1026,46.2851],[6.1242,46.251],[6.1018,46.2375],[6.0882,46.2468],[6.0331,46.238],[6.0026,46.2209],[5.9784,46.217],[5.9637,46.197],[5.9922,46.1866],[5.9561,46.1321],[5.9223,46.1315],[5.8924,46.1185],[5.8832,46.0849],[5.8557,46.0868],[5.8323,46.106],[5.8114,46.0784],[5.807,46.0438],[5.8124,46.024],[5.8096,45.9898],[5.834,45.972],[5.8312,45.9385],[5.8285,45.9093],[5.8037,45.8556],[5.7868,45.8094],[5.7794,45.7622],[5.7835,45.7443],[5.7567,45.7087],[5.7041,45.7109],[5.7083,45.6831],[5.6871,45.6682],[5.6892,45.6485],[5.6595,45.6387],[5.6237,45.6133],[5.6027,45.6515],[5.5864,45.6671],[5.5527,45.6799],[5.5758,45.6918],[5.5455,45.7136],[5.5257,45.7167],[5.5162,45.7323],[5.4825,45.7546],[5.4574,45.781],[5.4225,45.8073],[5.4349,45.8311],[5.4131,45.8522],[5.351,45.8837],[5.3293,45.8636],[5.302,45.8476],[5.2889,45.8111],[5.2669,45.7894],[5.2211,45.7685],[5.1915,45.7717],[5.1769,45.7935],[5.1604,45.8023],[5.1011,45.8134],[5.0448,45.8117],[5.0135,45.8051],[4.9631,45.811],[4.9183,45.807],[4.9161,45.8455],[4.9012,45.8603],[4.909,45.8741],[4.8838,45.88],[4.8807,45.8972],[4.848,45.913],[4.8052,45.8963],[4.8059,45.9216],[4.7886,45.924],[4.7718,45.9392],[4.7373,45.9382],[4.7291,45.9491],[4.7545,45.9723],[4.7458,46.0348],[4.7399,46.0445],[4.7617,46.0688],[4.7484,46.0921],[4.7974,46.1407],[4.8024,46.1569],[4.7802,46.1767]]]},"properties":{"code":"01","nom":"Ain"}},{"type":"Feature","geometry":{"type":"Polygon","coordinates":[[[4.048,49.4056],[4.0399,49.3974],[4.0355,49.3599],[4.0127,49.3583],[3.9949,49.3779],[3.9613,49.3773],[3.9252,49.4076],[3.8982,49.3932],[3.8649,49.4053],[3.8377,49.3957],[3.8564,49.3812],[3.8481,49.3639],[3.8225,49.357],[3.7775,49.3558],[3.7422,49.3365],[3.6989,49.332],[3.6439,49.3127],[3.6573,49.291],[3.6553,49.2629],[3.6708,49.2396],[3.6625,49.209],[3.6971,49.2055],[3.7044,49.1814],[3.7254,49.1735],[3.7511,49.1777],[3.7488,49.1571],[3.7016,49.1431],[3.6838,49.1545],[3.6534,49.1487],[3.6222,49.1511],[3.6104,49.1355],[3.6118,49.1181],[3.6391,49.0813],[3.5877,49.0594],[3.5876,49.0338],[3.6477,49.0414],[3.664,49.0373],[3.6781,49.0169],[3.6652,49.0056],[3.6388,49.0023],[3.6207,48.9659],[3.5916,48.9604],[3.602,48.9451],[3.5744,48.939],[3.5739,48.9215],[3.5286,48.9121],[3.5083,48.8904],[3.4852,48.8519],[3.4607,48.8394],[3.4522,48.8563],[3.4046,48.8639],[3.3805,48.8748],[3.3828,48.8887],[3.3663,48.9228],[3.3303,48.9087],[3.3131,48.9212],[3.3047,48.9488],[3.2678,48.9383],[3.2518,48.9724],[3.2292,48.9884],[3.1683,49.0167],[3.1818,49.0609],[3.1536,49.0833],[3.1652,49.0997],[3.1361,49.1074],[3.1039,49.1078],[3.0719,49.1176],[3.0925,49.1288],[3.0943,49.142],[3.1397,49.1526],[3.1214,49.1616],[3.1169,49.1893],[3.1027,49.1973],[3.0576,49.1973],[3.05,49.2088],[3.0005,49.2136],[3.0024,49.1878],[2.9678,49.1916],[2.9706,49.2143],[2.9586,49.2261],[3.0028,49.2357],[3.0236,49.2166],[3.0398,49.2284],[3.0258,49.2599],[3.0352,49.2872],[2.981,49.2979],[2.9646,49.3219],[3.0015,49.34],[3.0429,49.3336],[3.0747,49.349],[3.0768,49.3713],[3.0925,49.3753],[3.1005,49.4393],[3.1319,49.4318],[3.1626,49.4406],[3.1606,49.4516],[3.1071,49.4682],[3.1213,49.4937],[3.0963,49.5179],[3.1212,49.521],[3.1315,49.5434],[3.127,49.573],[3.1398,49.5762],[3.122,49.6037],[3.0936,49.6225],[3.1128,49.6313],[3.0978,49.6567],[3.1156,49.665],[3.1184,49.706],[3.0938,49.7571],[3.0627,49.7826],[3.086,49.792],[3.0787,49.8224],[3.0559,49.8317],[3.0855,49.8438],[3.0835,49.8664],[3.1201,49.8843],[3.118,49.9143],[3.1515,49.9427],[3.1768,49.9852],[3.1614,49.996],[3.173,50.0113],[3.2026,50.0174],[3.2307,50.032],[3.2802,50.0152],[3.3371,50.0171],[3.353,50.0359],[3.3989,50.0348],[3.4282,50.0221],[3.4907,50.0189],[3.5071,50.0358],[3.5286,50.0382],[3.5428,50.0539],[3.5672,50.0533],[3.6007,50.0399],[3.6136,50.0254],[3.6623,50.0391],[3.6657,50.0547],[3.7152,50.0693],[3.7464,50.0536],[3.7975,50.0484],[3.8158,50.039],[3.8357,50.0483],[3.882,50.033],[3.9034,50.018],[3.9895,50.0413],[3.9947,50.0255],[3.9794,50.003],[4.013,49.9857],[4.0567,49.9854],[4.0871,49.9692],[4.1409,49.9788],[4.1724,49.9771],[4.1971,49.9677],[4.1959,49.9557],[4.2332,49.9578],[4.2172,49.9148],[4.2557,49.9032],[4.2488,49.8568],[4.2236,49.8341],[4.2143,49.8061],[4.2267,49.793],[4.2076,49.7811],[4.2382,49.7674],[4.2469,49.7548],[4.228,49.7436],[4.2247,49.7272],[4.1912,49.7163],[4.1846,49.6988],[4.1442,49.6885],[4.127,49.6779],[4.1245,49.6496],[4.0957,49.6291],[4.0643,49.637],[4.042,49.6298],[4.0314,49.6143],[4.0766,49.5711],[4.0583,49.5525],[4.076,49.5398],[4.0773,49.5252],[4.0407,49.5085],[4.0424,49.4687],[4.0576,49.4512],[4.0377,49.4383],[4.048,49.4056]]]},"properties":{"code":"02","nom":"Aisne"}},{"type":"Feature","geometry":{"type":"Polygon","coordinates":[[[3.0321,46.7949],[3.0491,46.7581],[3.0839,46.7376],[3.1298,46.7272],[3.1632,46.6935],[3.1973,46.6799],[3.2155,46.6829],[3.2698,46.7167],[3.3009,46.7163],[3.314,46.6888],[3.3467,46.6844],[3.3664,46.6913],[3.3878,46.7148],[3.4341,46.7119],[3.433,46.6933],[3.4538,46.6841],[3.4473,46.6636],[3.4553,46.6524],[3.4886,46.6602],[3.524,46.686],[3.5465,46.6783],[3.5601,46.6894],[3.5504,46.7159],[3.5773,46.7149],[3.598,46.724],[3.5757,46.7495],[3.6294,46.7495],[3.6379,46.7072],[3.6514,46.7028],[3.669,46.6735],[3.697,46.6606],[3.7121,46.6336],[3.7139,46.614],[3.7324,46.6049],[3.7431,46.5655],[3.7315,46.5496],[3.7418,46.5395],[3.7675,46.539],[3.8018,46.5199],[3.834,46.5311],[3.8398,46.5176],[3.8646,46.5097],[3.8618,46.4921],[3.8905,46.4813],[3.919,46.4961],[3.9579,46.4898],[3.998,46.4655],[3.9881,46.4355],[3.9961,46.4274],[3.9772,46.3992],[3.9916,46.3696],[3.9866,46.3192],[3.9502,46.3206],[3.9477,46.3034],[3.9136,46.2967],[3.8995,46.2759],[3.8778,46.2759],[3.8691,46.2637],[3.8049,46.2549],[3.8027,46.2385],[3.7682,46.2378],[3.7903,46.2109],[3.7907,46.1845],[3.8079,46.1616],[3.7898,46.1549],[3.8026,46.1103],[3.8219,46.088],[3.807,46.0613],[3.8068,46.0456],[3.8284,45.9995],[3.8238,45.9874],[3.778,45.9718],[3.7413,45.966],[3.7089,45.9738],[3.6938,45.9495],[3.694,45.9307],[3.6768,45.9581],[3.6413,45.9646],[3.6014,46.0151],[3.5413,46.0152],[3.5346,46.0224],[3.4814,46.0137],[3.4679,46.0237],[3.4536,46.0638],[3.4331,46.0612],[3.419,46.0743],[3.3829,46.0648],[3.3676,46.0543],[3.3328,46.055],[3.281,46.0659],[3.2337,46.0636],[3.2145,46.0749],[3.1831,46.0745],[3.1665,46.0657],[3.1281,46.0714],[3.0998,46.0949],[3.0906,46.1145],[3.0481,46.1003],[3.0165,46.1024],[2.9938,46.1237],[2.9718,46.1218],[2.9428,46.1685],[2.9111,46.1774],[2.9201,46.191],[2.9134,46.2108],[2.9365,46.2217],[2.9371,46.2429],[2.8913,46.2536],[2.8382,46.2513],[2.8186,46.2326],[2.823,46.2198],[2.8103,46.1962],[2.7868,46.1986],[2.7324,46.2231],[2.7209,46.2113],[2.7306,46.1961],[2.7159,46.1796],[2.6775,46.1728],[2.6755,46.1558],[2.6553,46.126],[2.6407,46.1185],[2.5654,46.143],[2.5598,46.1734],[2.528,46.1863],[2.5159,46.237],[2.4918,46.2479],[2.4771,46.2694],[2.4808,46.281],[2.443,46.295],[2.4213,46.2846],[2.4205,46.3101],[2.3919,46.33],[2.3705,46.3126],[2.3549,46.3257],[2.323,46.3293],[2.3027,46.3544],[2.3233,46.3665],[2.2848,46.3863],[2.281,46.4204],[2.2858,46.4535],[2.3055,46.4754],[2.352,46.5122],[2.3683,46.5184],[2.4455,46.5201],[2.4829,46.5327],[2.4991,46.5213],[2.5286,46.5295],[2.5367,46.5197],[2.6099,46.5501],[2.6011,46.5902],[2.578,46.6038],[2.5966,46.6372],[2.5722,46.6594],[2.5978,46.6647],[2.6239,46.6566],[2.6479,46.6889],[2.7017,46.7278],[2.7145,46.7445],[2.7373,46.7432],[2.7587,46.7177],[2.7912,46.7335],[2.8276,46.7353],[2.9098,46.7793],[2.9081,46.7879],[2.9599,46.8039],[3.0321,46.7949]]]},"properties":{"code":"03","nom":"Allier"}},{"type":"Feature","geometry":{"type":"Polygon","coordinates":[[[5.676,44.1914],[5.6921,44.1865],[5.7139,44.1993],[5.7555,44.2102],[5.7765,44.2055],[5.7954,44.2135],[5.8286,44.2007],[5.9093,44.1905],[5.9147,44.2034],[5.8818,44.211],[5.86,44.2451],[5.8267,44.2625],[5.8239,44.2789],[5.8485,44.3007],[5.8771,44.2888],[5.8801,44.271],[5.9132,44.2487],[5.913,44.2683],[5.9256,44.3086],[5.8961,44.3186],[5.9374,44.3594],[5.9537,44.3951],[5.9778,44.4074],[6.0204,44.4201],[6.0263,44.4346],[6.0724,44.4521],[6.0797,44.4755],[6.116,44.4755],[6.1556,44.462],[6.1563,44.4421],[6.1736,44.4395],[6.2282,44.3817],[6.2417,44.3849],[6.2625,44.4122],[6.2361,44.4614],[6.2628,44.4655],[6.2935,44.4809],[6.3231,44.4638],[6.3386,44.4728],[6.3483,44.4981],[6.3324,44.51],[6.3573,44.5226],[6.3988,44.4942],[6.4112,44.471],[6.4334,44.4725],[6.462,44.4625],[6.4693,44.4513],[6.5333,44.452],[6.5474,44.4468],[6.6323,44.4469],[6.6437,44.4878],[6.6685,44.5003],[6.6809,44.541],[6.7012,44.539],[6.7372,44.5525],[6.7669,44.587],[6.7999,44.6042],[6.8539,44.6148],[6.8581,44.6281],[6.8801,44.63],[6.9145,44.6595],[6.9483,44.6548],[6.9623,44.6266],[6.9484,44.6175],[6.9327,44.5927],[6.932,44.5727],[6.9132,44.5588],[6.876,44.5502],[6.854,44.5291],[6.8657,44.495],[6.882,44.4773],[6.9063,44.4668],[6.9111,44.4524],[6.9371,44.4389],[6.9371,44.4297],[6.8929,44.4208],[6.8965,44.3743],[6.8874,44.361],[6.8561,44.343],[6.8397,44.3462],[6.8119,44.3322],[6.7961,44.3161],[6.7864,44.2885],[6.7629,44.279],[6.7591,44.2621],[6.7242,44.2495],[6.7183,44.2107],[6.6865,44.1693],[6.7055,44.1445],[6.7076,44.1245],[6.7366,44.1023],[6.7553,44.0786],[6.7458,44.0427],[6.7959,44.007],[6.8387,43.9897],[6.8491,43.9556],[6.8755,43.9528],[6.884,43.9353],[6.9131,43.928],[6.9418,43.897],[6.8846,43.8891],[6.8766,43.8986],[6.8307,43.9184],[6.8043,43.9108],[6.7816,43.8835],[6.7484,43.8717],[6.6973,43.8737],[6.6987,43.8552],[6.6779,43.851],[6.6679,43.8309],[6.7037,43.8228],[6.7061,43.8084],[6.6415,43.7955],[6.6364,43.789],[6.62,43.8055],[6.5853,43.8005],[6.5589,43.7842],[6.5248,43.8064],[6.4821,43.7911],[6.4388,43.7977],[6.4144,43.7916],[6.4135,43.7604],[6.3835,43.7344],[6.357,43.7364],[6.3268,43.7466],[6.2629,43.7819],[6.2542,43.8004],[6.2124,43.7984],[6.1885,43.7763],[6.1829,43.7622],[6.1408,43.7377],[6.1036,43.7372],[6.0773,43.7082],[6.0361,43.6942],[6.039,43.6789],[6.0217,43.6683],[6.005,43.6878],[5.9879,43.6951],[5.9854,43.714],[5.9564,43.7194],[5.938,43.7306],[5.9377,43.7502],[5.9035,43.7514],[5.9015,43.7329],[5.8491,43.7203],[5.8279,43.7481],[5.7813,43.7557],[5.7573,43.7294],[5.7492,43.7405],[5.7184,43.7551],[5.7134,43.7795],[5.6846,43.7885],[5.6745,43.8074],[5.6544,43.8251],[5.6277,43.8309],[5.5746,43.8303],[5.5445,43.8182],[5.5492,43.8514],[5.5732,43.8649],[5.6064,43.9161],[5.5799,43.926],[5.5588,43.9426],[5.545,43.9391],[5.5121,43.946],[5.5086,43.9598],[5.5181,43.9901],[5.5436,44.026],[5.5446,44.0699],[5.5026,44.0634],[5.4988,44.1157],[5.5404,44.1322],[5.5513,44.1498],[5.583,44.1576],[5.5644,44.1709],[5.5762,44.188],[5.6096,44.1882],[5.6396,44.1676],[5.6317,44.1514],[5.6786,44.1461],[5.6827,44.1632],[5.647,44.1663],[5.6516,44.1896],[5.676,44.1914]]]},"properties":{"code":"04","nom":"Alpes-de-Haute-Provence"}},{"type":"Feature","geometry":{"type":"Polygon","coordinates":[[[6.2606,45.1268],[6.2992,45.1086],[6.3313,45.1181],[6.3629,45.1045],[6.3735,45.0841],[6.3649,45.0702],[6.3939,45.0618],[6.4386,45.0626],[6.4518,45.0517],[6.4862,45.0561],[6.4804,45.0908],[6.511,45.1088],[6.5297,45.0986],[6.556,45.1042],[6.5765,45.1231],[6.6156,45.1215],[6.63,45.1093],[6.6275,45.1012],[6.6621,45.0716],[6.6588,45.0522],[6.6724,45.0214],[6.7257,45.0215],[6.7434,45.0159],[6.7512,44.9976],[6.7376,44.9915],[6.7635,44.9712],[6.7531,44.943],[6.7507,44.9057],[6.7712,44.9034],[6.8059,44.8766],[6.8632,44.8506],[6.9138,44.8454],[6.9337,44.862],[6.9726,44.8462],[7.0068,44.8393],[7.0183,44.8123],[6.9996,44.7894],[7.0247,44.7624],[7.0242,44.7413],[7.0437,44.7181],[7.0658,44.7136],[7.0771,44.6809],[7.0597,44.68],[7.0237,44.6913],[6.9862,44.6881],[6.9575,44.6698],[6.9483,44.6548],[6.9145,44.6595],[6.8801,44.63],[6.8581,44.6281],[6.8539,44.6148],[6.7999,44.6042],[6.7669,44.587],[6.7372,44.5525],[6.7012,44.539],[6.6809,44.541],[6.6685,44.5003],[6.6437,44.4878],[6.6323,44.4469],[6.5474,44.4468],[6.5333,44.452],[6.4693,44.4513],[6.462,44.4625],[6.4334,44.4725],[6.4112,44.471],[6.3988,44.4942],[6.3573,44.5226],[6.3324,44.51],[6.3483,44.4981],[6.3386,44.4728],[6.3231,44.4638],[6.2935,44.4809],[6.2628,44.4655],[6.2361,44.4614],[6.2625,44.4122],[6.2417,44.3849],[6.2282,44.3817],[6.1736,44.4395],[6.1563,44.4421],[6.1556,44.462],[6.116,44.4755],[6.0797,44.4755],[6.0724,44.4521],[6.0263,44.4346],[6.0204,44.4201],[5.9778,44.4074],[5.9537,44.3951],[5.9374,44.3594],[5.8961,44.3186],[5.9256,44.3086],[5.913,44.2683],[5.9132,44.2487],[5.8801,44.271],[5.8771,44.2888],[5.8485,44.3007],[5.8239,44.2789],[5.8267,44.2625],[5.86,44.2451],[5.8818,44.211],[5.9147,44.2034],[5.9093,44.1905],[5.8286,44.2007],[5.7954,44.2135],[5.7765,44.2055],[5.7555,44.2102],[5.7139,44.1993],[5.6921,44.1865],[5.676,44.1914],[5.6813,44.2329],[5.673,44.2398],[5.6762,44.2755],[5.6475,44.2725],[5.632,44.2847],[5.6378,44.2997],[5.6081,44.3085],[5.6171,44.3325],[5.5374,44.3335],[5.5218,44.3493],[5.4931,44.3372],[5.4694,44.3515],[5.4607,44.3683],[5.435,44.3691],[5.443,44.3912],[5.4185,44.4249],[5.4472,44.4319],[5.4765,44.4197],[5.4983,44.4373],[5.4644,44.4479],[5.4587,44.4661],[5.4799,44.4912],[5.5165,44.4914],[5.5624,44.4749],[5.6037,44.4655],[5.6163,44.4727],[5.6298,44.5012],[5.6645,44.5019],[5.6274,44.5346],[5.5972,44.5433],[5.6177,44.5831],[5.6439,44.6097],[5.6417,44.6511],[5.726,44.6394],[5.7539,44.6627],[5.7906,44.6533],[5.7994,44.6739],[5.8258,44.6857],[5.8271,44.7003],[5.8015,44.7068],[5.8278,44.7401],[5.8468,44.7516],[5.8888,44.7488],[5.9001,44.7583],[5.9222,44.7541],[5.9801,44.7812],[5.9778,44.791],[5.9495,44.8045],[5.9792,44.8186],[6.0049,44.8204],[6.0302,44.8381],[6.0569,44.8165],[6.1119,44.8441],[6.1284,44.8619],[6.1708,44.8542],[6.1964,44.859],[6.2505,44.8527],[6.2694,44.8705],[6.3007,44.8735],[6.3363,44.8484],[6.3547,44.856],[6.3508,44.8812],[6.3584,44.8921],[6.3546,44.9236],[6.3588,44.9413],[6.329,44.9473],[6.3285,44.9697],[6.3148,44.9802],[6.3218,45.0001],[6.3002,45.004],[6.2518,44.9967],[6.2039,45.0125],[6.2201,45.0654],[6.243,45.0691],[6.2294,45.1088],[6.2606,45.1268]]]},"properties":{"code":"05","nom":"Hautes-Alpes"}},{"type":"Feature","geometry":{"type":"Polygon","coordinates":[[[6.8874,44.361],[6.9226,44.3507],[6.9265,44.3347],[6.9605,44.3109],[6.9559,44.2971],[6.9934,44.2809],[6.9971,44.252],[7.0081,44.2364],[7.0388,44.2237],[7.0702,44.233],[7.1122,44.2173],[7.1411,44.201],[7.1597,44.2062],[7.2034,44.1848],[7.2189,44.1689],[7.237,44.1743],[7.2486,44.1585],[7.2803,44.1412],[7.3404,44.1456],[7.3585,44.1182],[7.3889,44.1248],[7.4268,44.1176],[7.4299,44.1278],[7.46,44.1257],[7.5057,44.1437],[7.5568,44.1469],[7.5771,44.1529],[7.6146,44.1497],[7.6451,44.1779],[7.6846,44.174],[7.6709,44.1537],[7.6672,44.1334],[7.6745,44.118],[7.7157,44.0828],[7.7141,44.0654],[7.7,44.0408],[7.665,44.0307],[7.6702,43.9985],[7.6527,43.9748],[7.6102,43.9551],[7.5969,43.9565],[7.5729,43.9378],[7.5599,43.9144],[7.5592,43.8973],[7.5113,43.8823],[7.4952,43.8623],[7.5183,43.8033],[7.5302,43.788],[7.4902,43.7672],[7.4759,43.7508],[7.4597,43.76],[7.4123,43.7344],[7.4132,43.7248],[7.3751,43.7175],[7.3607,43.7223],[7.3376,43.7117],[7.3265,43.6962],[7.2972,43.6861],[7.2852,43.6943],[7.2438,43.6894],[7.2259,43.6623],[7.2065,43.6456],[7.1945,43.6579],[7.1579,43.6539],[7.1393,43.6361],[7.123,43.5883],[7.1218,43.5595],[7.1013,43.5707],[7.0676,43.5616],[7.0559,43.548],[7.0148,43.5509],[6.9743,43.5461],[6.9522,43.5347],[6.9384,43.5164],[6.9547,43.5047],[6.9471,43.4844],[6.9337,43.4801],[6.8842,43.5025],[6.8964,43.5272],[6.8795,43.5354],[6.9072,43.573],[6.908,43.5991],[6.8879,43.6074],[6.8388,43.6136],[6.8129,43.6305],[6.7987,43.6282],[6.7823,43.6542],[6.7608,43.6665],[6.7744,43.6934],[6.7666,43.7202],[6.7535,43.7382],[6.7194,43.7381],[6.7014,43.7541],[6.6827,43.7579],[6.6574,43.7487],[6.6364,43.789],[6.6415,43.7955],[6.7061,43.8084],[6.7037,43.8228],[6.6679,43.8309],[6.6779,43.851],[6.6987,43.8552],[6.6973,43.8737],[6.7484,43.8717],[6.7816,43.8835],[6.8043,43.9108],[6.8307,43.9184],[6.8766,43.8986],[6.8846,43.8891],[6.9418,43.897],[6.9131,43.928],[6.884,43.9353],[6.8755,43.9528],[6.8491,43.9556],[6.8387,43.9897],[6.7959,44.007],[6.7458,44.0427],[6.7553,44.0786],[6.7366,44.1023],[6.7076,44.1245],[6.7055,44.1445],[6.6865,44.1693],[6.7183,44.2107],[6.7242,44.2495],[6.7591,44.2621],[6.7629,44.279],[6.7864,44.2885],[6.7961,44.3161],[6.8119,44.3322],[6.8397,44.3462],[6.8561,44.343],[6.8874,44.361]]]},"properties":{"code":"06","nom":"Alpes-Maritimes"}},{"type":"Feature","geometry":{"type":"Polygon","coordinates":[[[4.4831,45.2364],[4.5405,45.2348],[4.5655,45.248],[4.6024,45.2517],[4.5906,45.273],[4.5986,45.2895],[4.621,45.2912],[4.6145,45.3098],[4.6801,45.3463],[4.7004,45.3457],[4.7258,45.3618],[4.756,45.3657],[4.7726,45.3549],[4.7614,45.3406],[4.7699,45.316],[4.8005,45.2984],[4.8095,45.2898],[4.8096,45.2604],[4.8026,45.2269],[4.8126,45.2043],[4.8048,45.194],[4.8137,45.1634],[4.8291,45.1567],[4.8045,45.1332],[4.8045,45.1219],[4.8274,45.1021],[4.8317,45.0703],[4.8607,45.0554],[4.8403,45.0358],[4.8377,45.0048],[4.8513,44.9947],[4.8602,44.9659],[4.8757,44.9552],[4.8856,44.9347],[4.8579,44.9032],[4.8595,44.8718],[4.8413,44.8426],[4.8217,44.8387],[4.7957,44.7938],[4.7609,44.7717],[4.7629,44.7201],[4.7811,44.6828],[4.7741,44.6443],[4.7404,44.6024],[4.7412,44.5888],[4.7103,44.5815],[4.6924,44.5559],[4.707,44.5308],[4.6921,44.5152],[4.69,44.4913],[4.699,44.4817],[4.6987,44.4523],[4.6674,44.4307],[4.6644,44.3989],[4.6489,44.3725],[4.6506,44.3298],[4.6535,44.3021],[4.6492,44.2704],[4.6381,44.283],[4.6181,44.2785],[4.6068,44.2905],[4.5569,44.3041],[4.5445,44.3208],[4.5033,44.3392],[4.4576,44.3416],[4.4511,44.3346],[4.4484,44.2966],[4.4328,44.287],[4.399,44.2889],[4.3908,44.303],[4.4032,44.3339],[4.3865,44.3466],[4.3668,44.3395],[4.3361,44.3395],[4.3217,44.324],[4.2884,44.3147],[4.2894,44.2932],[4.2775,44.2747],[4.2588,44.2648],[4.2413,44.2701],[4.2153,44.2907],[4.1867,44.2997],[4.1777,44.3179],[4.1429,44.3134],[4.1268,44.3377],[4.0716,44.3273],[4.0515,44.3173],[4.0369,44.3308],[4.0534,44.3393],[4.053,44.3787],[4.0684,44.4051],[4.0478,44.4181],[4.0376,44.4457],[3.9982,44.4598],[3.9877,44.4728],[3.9817,44.5151],[3.9488,44.5729],[3.9236,44.5719],[3.9083,44.6066],[3.8937,44.6178],[3.8947,44.6511],[3.8699,44.6789],[3.8625,44.7439],[3.8895,44.752],[3.9198,44.7746],[3.937,44.7954],[3.9445,44.8232],[3.9885,44.8134],[4.0284,44.8341],[4.0202,44.8457],[4.0339,44.871],[4.0683,44.8675],[4.1037,44.8773],[4.1562,44.8733],[4.18,44.8873],[4.1899,44.9142],[4.2166,44.9336],[4.2217,44.9613],[4.2516,44.9589],[4.3117,44.9718],[4.2898,44.9973],[4.2972,45.017],[4.3147,45.0308],[4.3384,45.0267],[4.3791,45.0362],[4.378,45.0543],[4.3596,45.0557],[4.3462,45.0696],[4.3726,45.1048],[4.4002,45.116],[4.3702,45.1303],[4.3766,45.1444],[4.4461,45.1317],[4.4475,45.1612],[4.4725,45.1794],[4.4773,45.2098],[4.4896,45.2248],[4.4831,45.2364]]]},"properties":{"code":"07","nom":"Ardèche"}},{"type":"Feature","geometry":{"type":"Polygon","coordinates":[[[4.2332,49.9578],[4.3081,49.9695],[4.3497,49.9522],[4.3789,49.9531],[4.4469,49.9375],[4.4816,49.9479],[4.5104,49.9467],[4.5405,49.968],[4.5737,49.9803],[4.6747,49.9966],[4.6993,50.0538],[4.6827,50.0688],[4.7021,50.0955],[4.7513,50.1117],[4.7622,50.1364],[4.8243,50.1607],[4.832,50.154],[4.8796,50.152],[4.8949,50.1346],[4.8708,50.1243],[4.8685,50.0976],[4.8512,50.1014],[4.8293,50.048],[4.8404,50.0376],[4.817,50.0156],[4.8189,49.9951],[4.7901,49.97],[4.7909,49.9584],[4.8502,49.9465],[4.8581,49.9329],[4.8892,49.9097],[4.8518,49.861],[4.8676,49.8401],[4.8671,49.8142],[4.8554,49.7924],[4.9309,49.7869],[4.9561,49.8012],[4.9988,49.7993],[5.0089,49.7819],[5.0632,49.7619],[5.0902,49.7651],[5.1151,49.7414],[5.1257,49.7145],[5.1659,49.7071],[5.1662,49.6929],[5.2088,49.6946],[5.2436,49.6857],[5.2673,49.6965],[5.332,49.6548],[5.3085,49.6359],[5.3117,49.6135],[5.343,49.6267],[5.3935,49.6171],[5.3794,49.5943],[5.3399,49.5925],[5.3118,49.5593],[5.2627,49.5418],[5.2328,49.5695],[5.2131,49.5735],[5.163,49.5635],[5.1449,49.5899],[5.1183,49.5931],[5.0894,49.5415],[5.1006,49.5358],[5.0796,49.5099],[5.0624,49.4992],[5.0835,49.4841],[5.1053,49.4252],[5.0882,49.4064],[5.1041,49.3898],[5.0899,49.3703],[5.0602,49.3715],[5.0534,49.357],[5.0264,49.3359],[5.0298,49.3113],[5.049,49.2853],[4.9644,49.2474],[4.951,49.2369],[4.9096,49.2635],[4.8628,49.2415],[4.8269,49.2358],[4.8154,49.2499],[4.7889,49.2413],[4.7442,49.2415],[4.7268,49.2523],[4.6861,49.2568],[4.6704,49.2415],[4.6355,49.2321],[4.6059,49.2697],[4.595,49.2707],[4.5759,49.2967],[4.5412,49.2862],[4.4595,49.2776],[4.4188,49.2851],[4.3934,49.2971],[4.3769,49.317],[4.3542,49.3162],[4.3309,49.3272],[4.3068,49.3278],[4.2909,49.347],[4.2584,49.3635],[4.2483,49.3823],[4.2013,49.3838],[4.189,49.3987],[4.0769,49.4016],[4.048,49.4056],[4.0377,49.4383],[4.0576,49.4512],[4.0424,49.4687],[4.0407,49.5085],[4.0773,49.5252],[4.076,49.5398],[4.0583,49.5525],[4.0766,49.5711],[4.0314,49.6143],[4.042,49.6298],[4.0643,49.637],[4.0957,49.6291],[4.1245,49.6496],[4.127,49.6779],[4.1442,49.6885],[4.1846,49.6988],[4.1912,49.7163],[4.2247,49.7272],[4.228,49.7436],[4.2469,49.7548],[4.2382,49.7674],[4.2076,49.7811],[4.2267,49.793],[4.2143,49.8061],[4.2236,49.8341],[4.2488,49.8568],[4.2557,49.9032],[4.2172,49.9148],[4.2332,49.9578]]]},"properties":{"code":"08","nom":"Ardennes"}},{"type":"Feature","geometry":{"type":"Polygon","coordinates":[[[1.6884,43.2736],[1.7008,43.2605],[1.6998,43.2438],[1.7238,43.2245],[1.7099,43.2006],[1.7135,43.1856],[1.7436,43.1827],[1.7806,43.1598],[1.8248,43.1458],[1.8804,43.1415],[1.8954,43.1166],[1.9177,43.1332],[1.9494,43.1207],[1.9558,43.0854],[1.9411,43.0527],[1.9731,43.0462],[1.985,43.0326],[1.9853,42.967],[1.9364,42.954],[1.9339,42.9393],[1.9806,42.9296],[1.9919,42.9051],[1.981,42.8784],[1.9869,42.871],[1.9457,42.8562],[1.8759,42.8527],[1.8692,42.8151],[1.8971,42.808],[1.9177,42.7827],[1.9132,42.7588],[1.9516,42.7367],[2.0079,42.7341],[2.0572,42.7562],[2.0839,42.7516],[2.0874,42.739],[2.1606,42.7011],[2.1759,42.6828],[2.1661,42.6639],[2.1274,42.6723],[2.1115,42.666],[2.047,42.6636],[2.0188,42.6534],[1.9969,42.6601],[1.9722,42.6171],[1.9521,42.6183],[1.9361,42.6054],[1.9073,42.6086],[1.8745,42.5814],[1.8348,42.5835],[1.801,42.5724],[1.7861,42.5736],[1.7732,42.5807],[1.7259,42.5904],[1.738,42.6113],[1.6836,42.6249],[1.662,42.6195],[1.6372,42.6303],[1.6064,42.6275],[1.5857,42.6336],[1.5624,42.6535],[1.5492,42.6558],[1.5014,42.6452],[1.4801,42.6514],[1.4695,42.6285],[1.4773,42.615],[1.4557,42.6021],[1.4402,42.6035],[1.4202,42.6261],[1.414,42.6548],[1.3877,42.671],[1.3896,42.6851],[1.3544,42.6995],[1.3579,42.7155],[1.325,42.7239],[1.2778,42.7139],[1.2525,42.7156],[1.2283,42.7274],[1.2172,42.7205],[1.1618,42.711],[1.1333,42.729],[1.1281,42.7554],[1.107,42.7723],[1.0706,42.7825],[0.9831,42.7871],[0.9599,42.8056],[0.9236,42.7904],[0.8583,42.8257],[0.8599,42.8383],[0.8429,42.8886],[0.8261,42.9143],[0.8446,42.926],[0.8736,42.9268],[0.8853,42.936],[0.8749,42.9578],[0.9125,42.9594],[0.9791,42.9744],[1.0013,43.0024],[1.0163,43.0102],[0.9867,43.0275],[0.9857,43.0629],[1.0053,43.0807],[0.9909,43.0928],[1.0185,43.1074],[1.0388,43.1006],[1.0598,43.1408],[1.0898,43.1418],[1.1321,43.1519],[1.1623,43.1323],[1.175,43.141],[1.2087,43.118],[1.2236,43.0861],[1.2616,43.0915],[1.2601,43.1092],[1.2808,43.1114],[1.2914,43.1241],[1.2744,43.1444],[1.2189,43.1532],[1.214,43.1624],[1.2437,43.1896],[1.2741,43.1962],[1.3201,43.1901],[1.3442,43.2107],[1.3744,43.2137],[1.3828,43.2281],[1.3668,43.2418],[1.3324,43.2489],[1.3307,43.2626],[1.3083,43.2645],[1.2925,43.2884],[1.318,43.2959],[1.324,43.3094],[1.3497,43.316],[1.4115,43.2703],[1.4254,43.2566],[1.4176,43.2278],[1.4479,43.2129],[1.4704,43.2121],[1.4845,43.2262],[1.5046,43.2213],[1.5045,43.2494],[1.4894,43.2584],[1.4962,43.2928],[1.5176,43.2894],[1.5187,43.2692],[1.5475,43.2757],[1.602,43.266],[1.6373,43.2555],[1.6748,43.2812],[1.6884,43.2736]]]},"properties":{"code":"09","nom":"Ariège"}},{"type":"Feature","geometry":{"type":"Polygon","coordinates":[[[3.4148,48.3903],[3.4221,48.4133],[3.392,48.4243],[3.4065,48.4525],[3.3884,48.4804],[3.4349,48.4975],[3.4054,48.528],[3.4234,48.5336],[3.4592,48.5307],[3.4796,48.5447],[3.4655,48.5705],[3.4975,48.59],[3.5039,48.6048],[3.5556,48.6203],[3.5799,48.6049],[3.6042,48.5725],[3.6319,48.571],[3.634,48.5413],[3.6436,48.5363],[3.688,48.54],[3.7042,48.5335],[3.7429,48.5337],[3.7947,48.5277],[3.8227,48.5161],[3.8514,48.5234],[3.8656,48.5379],[3.8587,48.5603],[3.8726,48.5805],[3.9001,48.5748],[3.9161,48.607],[3.9492,48.6034],[3.9585,48.6229],[3.9772,48.6322],[3.9865,48.6551],[4.0017,48.6639],[4.0301,48.6591],[4.0582,48.6663],[4.0798,48.7011],[4.1311,48.6862],[4.1612,48.7056],[4.233,48.7023],[4.2524,48.7087],[4.3026,48.7124],[4.3256,48.7003],[4.3328,48.6706],[4.3173,48.6517],[4.3318,48.6303],[4.3149,48.6162],[4.4031,48.5613],[4.4953,48.5387],[4.522,48.5451],[4.5275,48.5285],[4.5765,48.5494],[4.6264,48.5545],[4.635,48.5445],[4.6702,48.5319],[4.6494,48.4709],[4.6357,48.4569],[4.6729,48.4449],[4.7007,48.3958],[4.7602,48.3876],[4.7547,48.3667],[4.8415,48.3395],[4.8142,48.323],[4.8508,48.2962],[4.8424,48.2836],[4.8577,48.2686],[4.8441,48.2416],[4.8621,48.1996],[4.8379,48.169],[4.8501,48.1418],[4.8293,48.1296],[4.8356,48.1086],[4.8193,48.1032],[4.7633,48.1155],[4.7306,48.1182],[4.7085,48.1001],[4.6888,48.0731],[4.711,48.0499],[4.7042,48.0202],[4.6732,48.0151],[4.6168,48.0314],[4.5827,48.0295],[4.5358,48.0012],[4.56,47.9714],[4.5182,47.9666],[4.4933,47.9688],[4.449,47.9572],[4.4143,47.9682],[4.3513,47.9566],[4.309,47.9612],[4.2934,47.9257],[4.2656,47.9241],[4.2427,47.932],[4.2221,47.9497],[4.2285,47.9692],[4.2067,47.9722],[4.2078,47.9466],[4.1663,47.9598],[4.1118,47.927],[4.093,47.943],[4.0613,47.9456],[4.0452,47.926],[4.0181,47.9285],[4.0039,47.942],[3.986,47.9306],[3.9481,47.9309],[3.9016,47.9386],[3.9147,47.9757],[3.9002,47.9979],[3.8783,47.9794],[3.85,47.9838],[3.8398,48.0039],[3.8706,48.0156],[3.8243,48.0429],[3.8246,48.0613],[3.8068,48.0839],[3.805,48.1025],[3.7733,48.1297],[3.7397,48.1328],[3.7548,48.1502],[3.7403,48.1697],[3.705,48.1443],[3.6679,48.1392],[3.6415,48.1839],[3.6196,48.1908],[3.5942,48.1789],[3.5752,48.1887],[3.6112,48.2119],[3.6216,48.2257],[3.6001,48.237],[3.6243,48.2545],[3.6168,48.2713],[3.5872,48.2802],[3.588,48.3008],[3.5666,48.3074],[3.5634,48.3214],[3.5325,48.3405],[3.4987,48.3686],[3.4526,48.3744],[3.4275,48.36],[3.4148,48.3903]]]},"properties":{"code":"10","nom":"Aube"}},{"type":"Feature","geometry":{"type":"Polygon","coordinates":[[[1.6884,43.2736],[1.7084,43.2913],[1.7041,43.3027],[1.7265,43.3136],[1.7238,43.3297],[1.7561,43.3478],[1.7723,43.337],[1.8042,43.3579],[1.8041,43.3917],[1.8276,43.4184],[1.8587,43.4438],[1.8961,43.4184],[1.9031,43.4065],[1.9322,43.4243],[1.9564,43.4254],[1.9883,43.4076],[2.0133,43.4148],[2.0291,43.4369],[2.0531,43.4302],[2.0708,43.4064],[2.1093,43.3946],[2.1716,43.4156],[2.1877,43.3939],[2.215,43.3835],[2.2297,43.4094],[2.222,43.4278],[2.2441,43.4459],[2.2648,43.4535],[2.282,43.4412],[2.3114,43.4416],[2.3951,43.4183],[2.4331,43.4352],[2.4522,43.4319],[2.4969,43.4369],[2.5192,43.4236],[2.5658,43.423],[2.5935,43.4126],[2.5692,43.4003],[2.5532,43.3816],[2.5568,43.3671],[2.5474,43.3387],[2.5848,43.3336],[2.6016,43.2987],[2.6588,43.294],[2.6936,43.3205],[2.7068,43.2937],[2.7002,43.2823],[2.7379,43.2673],[2.7525,43.2546],[2.7722,43.2578],[2.7869,43.2735],[2.7918,43.293],[2.8386,43.3221],[2.8683,43.3296],[2.872,43.3732],[2.8902,43.3654],[2.8867,43.3299],[2.9469,43.3121],[3.0043,43.3201],[3.0059,43.2849],[3.0549,43.2797],[3.0783,43.2618],[3.1109,43.2535],[3.122,43.2616],[3.1472,43.247],[3.1754,43.2437],[3.201,43.2492],[3.2103,43.2356],[3.2406,43.2128],[3.1773,43.1654],[3.1408,43.1288],[3.0929,43.0691],[3.074,43.0381],[3.0428,42.9602],[3.0405,42.9297],[3.0606,42.9171],[3.0435,42.8382],[2.9762,42.8703],[2.9177,42.8849],[2.9069,42.8958],[2.8804,42.9014],[2.8653,42.9183],[2.8347,42.9123],[2.8164,42.9],[2.7891,42.896],[2.7622,42.8737],[2.7544,42.8519],[2.7393,42.837],[2.6805,42.8307],[2.6651,42.8366],[2.598,42.8371],[2.5515,42.8467],[2.5303,42.8433],[2.5015,42.8511],[2.4525,42.8369],[2.3822,42.8485],[2.3271,42.8374],[2.3336,42.8044],[2.3439,42.8012],[2.3429,42.7754],[2.3525,42.7625],[2.3574,42.7306],[2.322,42.7078],[2.2971,42.701],[2.2552,42.6975],[2.2465,42.6812],[2.1762,42.6525],[2.1661,42.6639],[2.1759,42.6828],[2.1606,42.7011],[2.0874,42.739],[2.0839,42.7516],[2.0572,42.7562],[2.0079,42.7341],[1.9516,42.7367],[1.9132,42.7588],[1.9177,42.7827],[1.8971,42.808],[1.8692,42.8151],[1.8759,42.8527],[1.9457,42.8562],[1.9869,42.871],[1.981,42.8784],[1.9919,42.9051],[1.9806,42.9296],[1.9339,42.9393],[1.9364,42.954],[1.9853,42.967],[1.985,43.0326],[1.9731,43.0462],[1.9411,43.0527],[1.9558,43.0854],[1.9494,43.1207],[1.9177,43.1332],[1.8954,43.1166],[1.8804,43.1415],[1.8248,43.1458],[1.7806,43.1598],[1.7436,43.1827],[1.7135,43.1856],[1.7099,43.2006],[1.7238,43.2245],[1.6998,43.2438],[1.7008,43.2605],[1.6884,43.2736]]]},"properties":{"code":"11","nom":"Aude"}},{"type":"Feature","geometry":{"type":"Polygon","coordinates":[[[2.2075,44.6155],[2.2084,44.6438],[2.2286,44.6551],[2.2509,44.6519],[2.291,44.6666],[2.3268,44.6697],[2.3328,44.6506],[2.366,44.6413],[2.382,44.6509],[2.435,44.6389],[2.4522,44.6482],[2.4832,44.6503],[2.5009,44.6904],[2.5582,44.7235],[2.5545,44.7396],[2.5652,44.7782],[2.5994,44.7928],[2.5968,44.8198],[2.6116,44.8307],[2.6027,44.8432],[2.6239,44.8669],[2.6491,44.8697],[2.6578,44.8864],[2.6813,44.9074],[2.7064,44.9072],[2.7165,44.9291],[2.731,44.9367],[2.7564,44.9324],[2.7735,44.9151],[2.7783,44.8877],[2.7727,44.8555],[2.802,44.8736],[2.8135,44.8694],[2.8597,44.8745],[2.8553,44.8512],[2.8704,44.8294],[2.8796,44.803],[2.8935,44.7863],[2.9202,44.7943],[2.9345,44.7792],[2.9208,44.7657],[2.9348,44.744],[2.9251,44.7271],[2.943,44.677],[2.973,44.6457],[2.9817,44.6447],[3.0123,44.6219],[3.0332,44.5969],[3.0759,44.573],[3.0836,44.559],[3.068,44.5029],[3.1003,44.48],[3.1158,44.4756],[3.1352,44.4544],[3.1417,44.4285],[3.1267,44.414],[3.1406,44.3926],[3.1217,44.3887],[3.1193,44.3641],[3.1337,44.3303],[3.1543,44.3084],[3.1252,44.2845],[3.1242,44.2603],[3.1537,44.2738],[3.1607,44.2454],[3.1799,44.2457],[3.2243,44.23],[3.2251,44.2126],[3.2066,44.1899],[3.2403,44.1908],[3.295,44.2069],[3.3173,44.2002],[3.3578,44.1979],[3.3736,44.1708],[3.3361,44.1587],[3.3203,44.1359],[3.3244,44.1153],[3.264,44.0916],[3.2903,44.0717],[3.3289,44.079],[3.3408,44.0568],[3.3671,44.0582],[3.4323,44.0326],[3.4499,44.0203],[3.4392,43.998],[3.4205,43.9941],[3.4055,43.9703],[3.3782,43.9675],[3.3516,43.938],[3.3584,43.9138],[3.3179,43.891],[3.2751,43.8984],[3.2345,43.8576],[3.2511,43.8421],[3.249,43.8296],[3.2097,43.813],[3.1292,43.8169],[3.0892,43.8348],[3.0599,43.8316],[3.0603,43.8094],[3.0494,43.8038],[3.0571,43.7826],[3.0759,43.7685],[3.0531,43.7462],[3.0535,43.7162],[3.0681,43.7087],[3.0602,43.6929],[3.0335,43.6921],[2.9848,43.7089],[2.9466,43.6929],[2.9355,43.6947],[2.925,43.7072],[2.9211,43.7361],[2.8766,43.7404],[2.8137,43.7617],[2.7876,43.7521],[2.7816,43.7371],[2.7376,43.7291],[2.7121,43.7427],[2.6817,43.7435],[2.6292,43.7803],[2.5971,43.819],[2.5642,43.8413],[2.5653,43.8678],[2.5767,43.8817],[2.5505,43.8965],[2.5563,43.9187],[2.5378,43.9337],[2.4993,43.9506],[2.5206,43.9624],[2.5248,43.9781],[2.5021,43.9855],[2.4828,44.0263],[2.4635,44.035],[2.4601,44.0514],[2.4102,44.0558],[2.4008,44.0835],[2.3577,44.1016],[2.3236,44.1247],[2.2907,44.1247],[2.2849,44.1453],[2.2396,44.1345],[2.2006,44.1449],[2.2376,44.1586],[2.2069,44.1713],[2.1911,44.1623],[2.1753,44.181],[2.1566,44.1799],[2.1495,44.2003],[2.103,44.1924],[2.0594,44.1723],[2.0274,44.1677],[2.0297,44.157],[1.9902,44.1495],[1.9771,44.1626],[1.9767,44.1799],[1.9351,44.1814],[1.9037,44.1938],[1.9049,44.2102],[1.9431,44.2476],[1.9594,44.2412],[1.9704,44.2764],[1.9411,44.2824],[1.9014,44.2791],[1.8688,44.292],[1.8809,44.3035],[1.8595,44.3204],[1.8821,44.3401],[1.9068,44.3649],[1.8675,44.3981],[1.8732,44.4241],[1.8505,44.4355],[1.8527,44.4592],[1.8396,44.4759],[1.8616,44.4873],[1.88,44.4838],[1.8903,44.5059],[1.9061,44.4999],[1.9562,44.5185],[1.9885,44.5512],[2.0203,44.5555],[2.0574,44.5829],[2.083,44.5874],[2.1053,44.5712],[2.1269,44.5789],[2.1485,44.5706],[2.1698,44.5914],[2.1936,44.5859],[2.2075,44.6155]]]},"properties":{"code":"12","nom":"Aveyron"}},{"type":"Feature","geometry":{"type":"Polygon","coordinates":[[[4.7391,43.9241],[4.8217,43.9128],[4.8531,43.9114],[4.8852,43.9001],[4.9023,43.8879],[4.9259,43.8865],[4.9663,43.8716],[4.9961,43.8461],[5.0295,43.8278],[5.0497,43.7887],[5.1733,43.7388],[5.188,43.7351],[5.23,43.7477],[5.2557,43.7466],[5.3185,43.735],[5.341,43.7197],[5.4392,43.6811],[5.5327,43.659],[5.5716,43.6619],[5.6069,43.6587],[5.6478,43.6758],[5.6741,43.6935],[5.7173,43.6935],[5.7369,43.716],[5.7537,43.7246],[5.7822,43.7069],[5.8035,43.6797],[5.7991,43.6605],[5.7448,43.6568],[5.7002,43.6417],[5.6811,43.6125],[5.6916,43.5844],[5.656,43.5774],[5.6693,43.5647],[5.6958,43.5621],[5.7228,43.5482],[5.7161,43.5043],[5.6988,43.4822],[5.7295,43.4649],[5.7504,43.4348],[5.7865,43.4145],[5.75,43.4015],[5.7244,43.4089],[5.6828,43.3992],[5.6946,43.3644],[5.705,43.3559],[5.6865,43.3402],[5.6806,43.3206],[5.691,43.313],[5.7266,43.3174],[5.7498,43.2893],[5.7609,43.2673],[5.7381,43.2623],[5.6839,43.2361],[5.6719,43.1793],[5.6526,43.1873],[5.6242,43.187],[5.6009,43.1625],[5.5691,43.1753],[5.5313,43.212],[5.5101,43.1977],[5.4544,43.2106],[5.3911,43.2121],[5.3636,43.2071],[5.3409,43.2146],[5.3484,43.2298],[5.3725,43.2451],[5.3662,43.2693],[5.3457,43.2824],[5.3644,43.3121],[5.3239,43.3569],[5.2965,43.3596],[5.2563,43.3373],[5.2213,43.3284],[5.1775,43.3336],[5.1683,43.3279],[5.0379,43.329],[5.019,43.3429],[5.0243,43.3556],[4.9759,43.4023],[4.9677,43.4261],[4.9314,43.4332],[4.9064,43.4197],[4.8643,43.4062],[4.849,43.3744],[4.8748,43.3605],[4.855,43.3326],[4.833,43.3299],[4.7834,43.3472],[4.7177,43.3503],[4.6618,43.3464],[4.5858,43.3601],[4.5628,43.3721],[4.5574,43.3883],[4.5877,43.4007],[4.582,43.4306],[4.5621,43.4433],[4.5164,43.4547],[4.4653,43.4572],[4.4022,43.4473],[4.382,43.4523],[4.2303,43.4602],[4.2397,43.4992],[4.2959,43.5145],[4.3537,43.5474],[4.4093,43.5611],[4.4255,43.5852],[4.4503,43.5836],[4.4752,43.6083],[4.4397,43.6107],[4.427,43.6207],[4.4542,43.6666],[4.4755,43.6711],[4.4872,43.6992],[4.5369,43.7075],[4.5819,43.6964],[4.593,43.6875],[4.6277,43.6905],[4.613,43.7143],[4.6136,43.7298],[4.63,43.7627],[4.6512,43.7823],[4.6548,43.8023],[4.6424,43.8314],[4.6663,43.8448],[4.6419,43.8675],[4.6933,43.885],[4.7234,43.906],[4.7391,43.9241]],[[5.0145,43.5555],[5.0155,43.5297],[4.9986,43.4981],[5.0046,43.4701],[5.038,43.4706],[5.0519,43.4636],[5.0704,43.4002],[5.1107,43.4041],[5.1373,43.4002],[5.1602,43.411],[5.1913,43.4349],[5.2261,43.4526],[5.2226,43.4835],[5.2028,43.4912],[5.1453,43.4586],[5.1027,43.526],[5.0643,43.5278],[5.0464,43.5221],[5.033,43.5451],[5.0145,43.5555]]]},"properties":{"code":"13","nom":"Bouches-du-Rhône"}},{"type":"Feature","geometry":{"type":"Polygon","coordinates":[[[-1.1196,49.3556],[-1.0782,49.3885],[-1.0302,49.3896],[-0.9887,49.3974],[-0.9394,49.395],[-0.8754,49.3696],[-0.8252,49.3575],[-0.7222,49.347],[-0.6479,49.346],[-0.5987,49.3398],[-0.5532,49.3461],[-0.5153,49.345],[-0.452,49.3355],[-0.4148,49.3356],[-0.361,49.3229],[-0.3026,49.2984],[-0.2257,49.2818],[-0.1697,49.2862],[-0.0956,49.2982],[-0.0005,49.3256],[0.0741,49.3652],[0.1104,49.3943],[0.1298,49.403],[0.1758,49.4124],[0.2199,49.4268],[0.2972,49.4299],[0.3088,49.3879],[0.3017,49.3713],[0.3234,49.3406],[0.3121,49.3223],[0.323,49.297],[0.3649,49.2952],[0.3808,49.2824],[0.3828,49.264],[0.3211,49.2481],[0.3374,49.2315],[0.3665,49.2159],[0.3947,49.2084],[0.3859,49.1541],[0.4267,49.1469],[0.3997,49.1005],[0.4078,49.0774],[0.3794,49.0678],[0.3777,49.0495],[0.3902,49.0344],[0.4259,49.032],[0.4463,49.015],[0.4339,49.005],[0.4288,48.9661],[0.4128,48.9506],[0.4061,48.9635],[0.3773,48.9726],[0.3581,48.9505],[0.3332,48.9428],[0.3105,48.9526],[0.2826,48.949],[0.2725,48.9647],[0.2447,48.9588],[0.2423,48.9443],[0.1875,48.9406],[0.1565,48.9248],[0.1276,48.9522],[0.0949,48.9358],[0.0709,48.9321],[0.0564,48.9025],[0.0088,48.8911],[-0.0307,48.8739],[-0.059,48.8535],[-0.0851,48.8447],[-0.1463,48.8344],[-0.1767,48.8342],[-0.2622,48.8536],[-0.2945,48.8517],[-0.3285,48.8576],[-0.3267,48.8403],[-0.3462,48.822],[-0.3862,48.8453],[-0.409,48.8709],[-0.4313,48.8743],[-0.4688,48.8692],[-0.494,48.8486],[-0.5445,48.8479],[-0.6264,48.8268],[-0.6936,48.8472],[-0.7055,48.8368],[-0.6822,48.8218],[-0.7126,48.8007],[-0.7806,48.7867],[-0.8193,48.7541],[-0.8409,48.7522],[-0.8708,48.7557],[-0.9195,48.7699],[-0.9511,48.7892],[-1.0127,48.7718],[-1.0374,48.7825],[-1.0587,48.7734],[-1.0895,48.7815],[-1.1038,48.8148],[-1.1538,48.8222],[-1.1554,48.8365],[-1.1,48.8681],[-1.0712,48.8703],[-1.0492,48.894],[-1.0137,48.916],[-1.0226,48.9271],[-0.9557,48.9662],[-0.9427,48.9677],[-0.9136,48.991],[-0.9061,49.0061],[-0.8624,49.0347],[-0.8845,49.0387],[-0.8704,49.0783],[-0.88,49.0888],[-0.8785,49.1171],[-0.8866,49.1294],[-0.9314,49.1456],[-0.9373,49.1615],[-0.8958,49.1981],[-0.9206,49.2211],[-0.9755,49.1922],[-1.034,49.2185],[-1.0787,49.2346],[-1.1247,49.2679],[-1.1215,49.2816],[-1.1401,49.2974],[-1.1395,49.3099],[-1.1135,49.3279],[-1.1196,49.3556]]]},"properties":{"code":"14","nom":"Calvados"}},{"type":"Feature","geometry":{"type":"Polygon","coordinates":[[[2.5084,45.4785],[2.5437,45.4776],[2.5904,45.4501],[2.6397,45.4457],[2.6634,45.4342],[2.6765,45.4391],[2.6871,45.4063],[2.7149,45.3816],[2.7428,45.3933],[2.7635,45.3856],[2.8012,45.3929],[2.8517,45.3923],[2.8677,45.3761],[2.8863,45.383],[2.9207,45.3654],[2.9318,45.3306],[2.9496,45.3089],[2.9673,45.3071],[3.0183,45.2871],[3.0218,45.2954],[3.0586,45.3066],[3.0603,45.3306],[3.0817,45.3362],[3.1035,45.3544],[3.1134,45.3272],[3.0999,45.3163],[3.118,45.2842],[3.1596,45.2913],[3.1676,45.2801],[3.2126,45.2806],[3.228,45.2664],[3.221,45.2442],[3.2396,45.2169],[3.2725,45.2092],[3.2606,45.1709],[3.288,45.1204],[3.3014,45.1241],[3.3341,45.1111],[3.3143,45.085],[3.3,45.0561],[3.3003,45.032],[3.3115,45.0228],[3.3372,45.0253],[3.3499,45.0026],[3.348,44.9739],[3.3613,44.9714],[3.3379,44.9559],[3.2989,44.9386],[3.286,44.9264],[3.2438,44.9335],[3.2497,44.9162],[3.2291,44.9093],[3.2366,44.888],[3.216,44.875],[3.1823,44.8637],[3.166,44.8743],[3.1411,44.9033],[3.1055,44.8868],[3.0936,44.8537],[3.0995,44.8336],[3.0715,44.8341],[3.0481,44.8043],[3.048,44.7655],[3.0311,44.7494],[3.0286,44.73],[3.016,44.7137],[2.9817,44.6447],[2.973,44.6457],[2.943,44.677],[2.9251,44.7271],[2.9348,44.744],[2.9208,44.7657],[2.9345,44.7792],[2.9202,44.7943],[2.8935,44.7863],[2.8796,44.803],[2.8704,44.8294],[2.8553,44.8512],[2.8597,44.8745],[2.8135,44.8694],[2.802,44.8736],[2.7727,44.8555],[2.7783,44.8877],[2.7735,44.9151],[2.7564,44.9324],[2.731,44.9367],[2.7165,44.9291],[2.7064,44.9072],[2.6813,44.9074],[2.6578,44.8864],[2.6491,44.8697],[2.6239,44.8669],[2.6027,44.8432],[2.6116,44.8307],[2.5968,44.8198],[2.5994,44.7928],[2.5652,44.7782],[2.5545,44.7396],[2.5582,44.7235],[2.5009,44.6904],[2.4832,44.6503],[2.4522,44.6482],[2.435,44.6389],[2.382,44.6509],[2.366,44.6413],[2.3328,44.6506],[2.3268,44.6697],[2.291,44.6666],[2.2509,44.6519],[2.2286,44.6551],[2.2084,44.6438],[2.2075,44.6155],[2.1694,44.6381],[2.165,44.6632],[2.1792,44.6744],[2.1527,44.6998],[2.1473,44.7209],[2.1535,44.7531],[2.167,44.7731],[2.1668,44.8117],[2.1398,44.8238],[2.0934,44.8729],[2.0865,44.9011],[2.1081,44.9106],[2.0786,44.9325],[2.0802,44.954],[2.0629,44.9765],[2.0938,44.9853],[2.133,44.9855],[2.1406,45.0059],[2.1168,45.0211],[2.0952,45.056],[2.1402,45.0865],[2.1718,45.0815],[2.1881,45.1179],[2.1817,45.1327],[2.2076,45.1435],[2.208,45.1587],[2.1901,45.2051],[2.2046,45.2282],[2.2388,45.2604],[2.2586,45.2702],[2.269,45.2894],[2.2874,45.2866],[2.3177,45.323],[2.3505,45.3276],[2.3513,45.3486],[2.3648,45.3579],[2.3694,45.3865],[2.3546,45.4014],[2.3782,45.4143],[2.3983,45.4002],[2.4227,45.3972],[2.4463,45.3833],[2.4858,45.3789],[2.5233,45.3844],[2.5257,45.3946],[2.4875,45.4182],[2.5068,45.4641],[2.5084,45.4785]]]},"properties":{"code":"15","nom":"Cantal"}},{"type":"Feature","geometry":{"type":"Polygon","coordinates":[[[-0.1029,45.9697],[-0.0414,45.9935],[-0.0455,46.0206],[-0.0214,46.0289],[-0.032,46.0559],[0.0193,46.0528],[0.073,46.0939],[0.0997,46.0929],[0.1357,46.104],[0.1779,46.0833],[0.1974,46.0956],[0.2197,46.0943],[0.2522,46.08],[0.2798,46.061],[0.3911,46.0663],[0.4133,46.0491],[0.4451,46.0508],[0.4691,46.0615],[0.476,46.0827],[0.4445,46.0912],[0.4433,46.1016],[0.4925,46.136],[0.5382,46.0953],[0.5646,46.0896],[0.575,46.079],[0.606,46.0771],[0.6086,46.0897],[0.6875,46.0973],[0.6841,46.1193],[0.7106,46.1309],[0.7469,46.1386],[0.7802,46.1321],[0.8095,46.1382],[0.8234,46.1286],[0.8152,46.1158],[0.8337,46.1064],[0.8189,46.0774],[0.8269,46.0639],[0.8179,46.0479],[0.8511,46.0346],[0.867,46.0184],[0.894,46.0231],[0.9256,46.0105],[0.9426,45.9574],[0.9227,45.953],[0.8847,45.9237],[0.8595,45.918],[0.8222,45.9321],[0.8133,45.8987],[0.8274,45.8827],[0.798,45.8327],[0.7822,45.8211],[0.7721,45.7876],[0.7471,45.8031],[0.7164,45.8056],[0.7079,45.7955],[0.7149,45.7631],[0.6884,45.7604],[0.6525,45.7405],[0.6454,45.7175],[0.6297,45.7146],[0.5988,45.6706],[0.5678,45.651],[0.5612,45.6327],[0.5355,45.6334],[0.4999,45.6167],[0.5156,45.6004],[0.5007,45.5731],[0.5065,45.5539],[0.4963,45.5445],[0.4657,45.5396],[0.4328,45.5025],[0.3565,45.4655],[0.3078,45.4609],[0.2944,45.4342],[0.2782,45.4273],[0.2501,45.3718],[0.265,45.3342],[0.2697,45.3054],[0.2474,45.2895],[0.2214,45.2903],[0.2044,45.2636],[0.1776,45.2537],[0.1706,45.237],[0.1303,45.208],[0.0962,45.2279],[0.0757,45.2203],[0.0534,45.2269],[0.0348,45.2087],[0.0077,45.202],[0.0043,45.1916],[0.0061,45.2202],[-0.0363,45.2372],[-0.0401,45.2467],[-0.1091,45.2473],[-0.1088,45.289],[-0.1379,45.2929],[-0.1643,45.307],[-0.1964,45.3051],[-0.2305,45.3145],[-0.2735,45.3023],[-0.2887,45.3291],[-0.2779,45.3478],[-0.2503,45.3413],[-0.2483,45.359],[-0.2711,45.3581],[-0.3098,45.3737],[-0.2782,45.3987],[-0.2498,45.4087],[-0.2473,45.4355],[-0.2742,45.4586],[-0.2581,45.4873],[-0.2662,45.5251],[-0.3184,45.5348],[-0.297,45.564],[-0.3076,45.5736],[-0.3759,45.6089],[-0.3888,45.6262],[-0.4165,45.6172],[-0.432,45.6246],[-0.4095,45.6556],[-0.3825,45.6598],[-0.4105,45.6834],[-0.4221,45.7095],[-0.4158,45.7417],[-0.46,45.7393],[-0.4493,45.766],[-0.4273,45.7641],[-0.4022,45.773],[-0.4004,45.7867],[-0.3659,45.7803],[-0.3213,45.7845],[-0.2888,45.8065],[-0.2387,45.803],[-0.2217,45.7757],[-0.191,45.7899],[-0.1539,45.7985],[-0.1359,45.8199],[-0.1402,45.8365],[-0.122,45.8498],[-0.131,45.891],[-0.1472,45.899],[-0.1511,45.9266],[-0.0983,45.9351],[-0.0865,45.95],[-0.1029,45.9697]]]},"properties":{"code":"16","nom":"Charente"}},{"type":"Feature","geometry":{"type":"MultiPolygon","coordinates":[[[[-1.4809,46.21],[-1.4528,46.2286],[-1.4248,46.2303],[-1.4292,46.2059],[-1.4042,46.2031],[-1.3639,46.2075],[-1.3213,46.1872],[-1.2911,46.1862],[-1.2742,46.1602],[-1.2762,46.1473],[-1.3048,46.1429],[-1.355,46.1559],[-1.3915,46.1772],[-1.4616,46.2021],[-1.5059,46.1941],[-1.5324,46.2023],[-1.5614,46.2372],[-1.5128,46.2581],[-1.4894,46.2533],[-1.4745,46.2333],[-1.5127,46.2223],[-1.4809,46.21]]],[[[-1.1294,46.3103],[-1.0807,46.3214],[-1.0525,46.3425],[-1.0138,46.3556],[-0.9774,46.3511],[-0.9645,46.3654],[-0.9318,46.3658],[-0.9442,46.336],[-0.9618,46.3231],[-0.9349,46.3129],[-0.9048,46.3138],[-0.8877,46.3263],[-0.8509,46.3172],[-0.8399,46.3404],[-0.8091,46.3384],[-0.8025,46.3252],[-0.7505,46.3043],[-0.7498,46.2868],[-0.7359,46.2669],[-0.7515,46.2451],[-0.6907,46.2192],[-0.6849,46.2005],[-0.6554,46.17],[-0.6284,46.161],[-0.62,46.1378],[-0.547,46.1442],[-0.5332,46.1397],[-0.491,46.1083],[-0.4225,46.0939],[-0.4015,46.0842],[-0.372,46.0935],[-0.3627,46.0755],[-0.3311,46.0826],[-0.2817,46.0798],[-0.273,46.0573],[-0.213,46.0441],[-0.1946,46.0444],[-0.1891,46.0261],[-0.1614,46.0346],[-0.1634,46.0102],[-0.1382,45.9965],[-0.1369,45.979],[-0.1029,45.9697],[-0.0865,45.95],[-0.0983,45.9351],[-0.1511,45.9266],[-0.1472,45.899],[-0.131,45.891],[-0.122,45.8498],[-0.1402,45.8365],[-0.1359,45.8199],[-0.1539,45.7985],[-0.191,45.7899],[-0.2217,45.7757],[-0.2387,45.803],[-0.2888,45.8065],[-0.3213,45.7845],[-0.3659,45.7803],[-0.4004,45.7867],[-0.4022,45.773],[-0.4273,45.7641],[-0.4493,45.766],[-0.46,45.7393],[-0.4158,45.7417],[-0.4221,45.7095],[-0.4105,45.6834],[-0.3825,45.6598],[-0.4095,45.6556],[-0.432,45.6246],[-0.4165,45.6172],[-0.3888,45.6262],[-0.3759,45.6089],[-0.3076,45.5736],[-0.297,45.564],[-0.3184,45.5348],[-0.2662,45.5251],[-0.2581,45.4873],[-0.2742,45.4586],[-0.2473,45.4355],[-0.2498,45.4087],[-0.2782,45.3987],[-0.3098,45.3737],[-0.2711,45.3581],[-0.2483,45.359],[-0.2503,45.3413],[-0.2779,45.3478],[-0.2887,45.3291],[-0.2735,45.3023],[-0.2305,45.3145],[-0.1964,45.3051],[-0.1643,45.307],[-0.1379,45.2929],[-0.1088,45.289],[-0.1091,45.2473],[-0.0401,45.2467],[-0.0363,45.2372],[0.0061,45.2202],[0.0043,45.1916],[-0.0174,45.1699],[0.0047,45.1537],[-0.0371,45.139],[-0.0292,45.1298],[-0.0402,45.1024],[-0.0636,45.0991],[-0.0877,45.1214],[-0.1149,45.1139],[-0.1306,45.0967],[-0.153,45.0888],[-0.1892,45.0945],[-0.2182,45.1064],[-0.2468,45.1086],[-0.2754,45.1414],[-0.3206,45.1562],[-0.3384,45.1669],[-0.3636,45.1703],[-0.3797,45.1553],[-0.3971,45.1703],[-0.4028,45.1905],[-0.4208,45.2085],[-0.4084,45.2478],[-0.4154,45.2693],[-0.4405,45.2838],[-0.4862,45.2936],[-0.5136,45.2863],[-0.5706,45.2998],[-0.569,45.3315],[-0.5945,45.3211],[-0.6443,45.322],[-0.7188,45.3274],[-0.7343,45.3688],[-0.7562,45.406],[-0.8017,45.4595],[-0.8475,45.4988],[-0.9323,45.5479],[-0.9629,45.5568],[-0.993,45.5772],[-0.9937,45.5976],[-1.0096,45.6114],[-1.0489,45.6203],[-1.0794,45.6389],[-1.1158,45.647],[-1.1573,45.6718],[-1.2093,45.6967],[-1.2372,45.7059],[-1.2426,45.7816],[-1.209,45.7958],[-1.192,45.7894],[-1.1321,45.8049],[-1.1567,45.843],[-1.1532,45.8624],[-1.1251,45.8572],[-1.1009,45.8722],[-1.0738,45.9142],[-1.0769,45.9367],[-1.0643,45.9499],[-1.0989,45.9905],[-1.0631,45.9944],[-1.0527,46.0112],[-1.0659,46.0498],[-1.0888,46.0539],[-1.1007,46.0938],[-1.1151,46.1023],[-1.1291,46.127],[-1.1729,46.1393],[-1.1784,46.1532],[-1.2069,46.1458],[-1.2239,46.1659],[-1.1993,46.1943],[-1.199,46.2132],[-1.1713,46.2241],[-1.1428,46.244],[-1.1404,46.254],[-1.1112,46.2613],[-1.1294,46.3103]]],[[[-1.2503,45.846],[-1.2662,45.8782],[-1.2933,45.8999],[-1.351,45.925],[-1.3888,45.9573],[-1.3958,45.9768],[-1.3871,45.9972],[-1.4134,46.0469],[-1.3723,46.0395],[-1.3721,46.0322],[-1.3066,45.9911],[-1.2479,45.9904],[-1.236,45.9815],[-1.2421,45.9575],[-1.2298,45.9443],[-1.2338,45.9271],[-1.2236,45.9131],[-1.1884,45.8867],[-1.2077,45.8503],[-1.1956,45.8297],[-1.2319,45.8018],[-1.2457,45.8214],[-1.2503,45.846]]]]},"properties":{"code":"17","nom":"Charente-Maritime"}},{"type":"Feature","geometry":{"type":"Polygon","coordinates":[[[2.2392,47.621],[2.2896,47.6291],[2.325,47.6076],[2.3424,47.6053],[2.373,47.5855],[2.4027,47.5995],[2.4394,47.6095],[2.475,47.5799],[2.4991,47.5675],[2.5473,47.5752],[2.5729,47.56],[2.5969,47.5564],[2.6167,47.5409],[2.612,47.5264],[2.6559,47.5104],[2.6585,47.4879],[2.6844,47.483],[2.7161,47.4895],[2.7274,47.4989],[2.7223,47.5214],[2.7671,47.5251],[2.7848,47.5159],[2.7969,47.4967],[2.8253,47.4972],[2.8347,47.5089],[2.8746,47.5204],[2.8885,47.5094],[2.9027,47.4788],[2.9312,47.4417],[2.9195,47.4073],[2.8735,47.3484],[2.8768,47.3218],[2.9078,47.311],[2.9379,47.2877],[2.9834,47.2598],[2.9817,47.222],[3.0093,47.1799],[3.0281,47.1291],[3.0314,47.0925],[3.0232,47.0626],[3.0627,47.0453],[3.0758,47.0191],[3.0629,46.9858],[3.0793,46.9551],[3.0503,46.9106],[3.0681,46.8777],[3.0695,46.8531],[3.0593,46.8273],[3.0321,46.7949],[2.9599,46.8039],[2.9081,46.7879],[2.9098,46.7793],[2.8276,46.7353],[2.7912,46.7335],[2.7587,46.7177],[2.7373,46.7432],[2.7145,46.7445],[2.7017,46.7278],[2.6479,46.6889],[2.6239,46.6566],[2.5978,46.6647],[2.5722,46.6594],[2.5966,46.6372],[2.578,46.6038],[2.6011,46.5902],[2.6099,46.5501],[2.5367,46.5197],[2.5286,46.5295],[2.4991,46.5213],[2.4829,46.5327],[2.4455,46.5201],[2.3683,46.5184],[2.352,46.5122],[2.3055,46.4754],[2.2858,46.4535],[2.281,46.4204],[2.2499,46.4264],[2.2138,46.4231],[2.1976,46.4283],[2.1678,46.4241],[2.1543,46.4341],[2.1565,46.4615],[2.1932,46.4703],[2.2044,46.4844],[2.1811,46.529],[2.1587,46.5573],[2.1732,46.5662],[2.1671,46.589],[2.1875,46.6167],[2.1894,46.6421],[2.1387,46.6674],[2.1554,46.6922],[2.1113,46.7116],[2.0658,46.7425],[2.093,46.755],[2.1166,46.7797],[2.1032,46.7954],[2.0725,46.8088],[2.0488,46.8294],[2.0782,46.8389],[2.1069,46.8721],[2.139,46.8886],[2.1548,46.9116],[2.146,46.9175],[2.11,46.9134],[2.0707,46.934],[2.0702,46.9544],[2.1089,46.9972],[2.0934,47.0157],[2.0297,47.0475],[2.0557,47.0717],[2.0484,47.106],[2.0245,47.1044],[1.9967,47.127],[1.9664,47.1254],[1.9184,47.1048],[1.8827,47.1019],[1.8489,47.1094],[1.8227,47.1221],[1.7937,47.1209],[1.7776,47.1324],[1.8101,47.1562],[1.8235,47.1739],[1.8422,47.1776],[1.8391,47.2193],[1.8555,47.2204],[1.873,47.2053],[1.9038,47.2152],[1.9166,47.236],[1.8948,47.2547],[1.9215,47.2627],[1.9408,47.2901],[1.9985,47.264],[2.0311,47.2698],[2.0773,47.2858],[2.1117,47.2794],[2.139,47.2855],[2.1516,47.3107],[2.1282,47.3317],[2.1037,47.3932],[2.117,47.4101],[2.1428,47.4089],[2.1886,47.4377],[2.2052,47.4053],[2.2437,47.4148],[2.2479,47.4414],[2.237,47.4713],[2.2477,47.4917],[2.2179,47.4953],[2.2153,47.5221],[2.1956,47.5486],[2.1313,47.5503],[2.1196,47.583],[2.1537,47.6008],[2.1979,47.6072],[2.2392,47.621]]]},"properties":{"code":"18","nom":"Cher"}},{"type":"Feature","geometry":{"type":"Polygon","coordinates":[[[1.8987,45.6983],[1.9155,45.7113],[1.9417,45.7114],[1.9566,45.7248],[1.9885,45.7214],[2.0015,45.7488],[2.0357,45.7551],[2.0839,45.746],[2.1135,45.7248],[2.1338,45.7354],[2.1609,45.7358],[2.183,45.7206],[2.2023,45.7186],[2.194,45.699],[2.2711,45.6916],[2.2734,45.664],[2.3059,45.6747],[2.3209,45.6686],[2.3402,45.6826],[2.3517,45.7101],[2.4102,45.7096],[2.4359,45.6993],[2.4921,45.7377],[2.521,45.7068],[2.5265,45.6854],[2.5126,45.6698],[2.5249,45.6572],[2.5175,45.6396],[2.4834,45.6393],[2.4784,45.6079],[2.4639,45.5947],[2.4909,45.5604],[2.5163,45.5534],[2.5168,45.5238],[2.5084,45.4785],[2.5068,45.4641],[2.4875,45.4182],[2.5257,45.3946],[2.5233,45.3844],[2.4858,45.3789],[2.4463,45.3833],[2.4227,45.3972],[2.3983,45.4002],[2.3782,45.4143],[2.3546,45.4014],[2.3694,45.3865],[2.3648,45.3579],[2.3513,45.3486],[2.3505,45.3276],[2.3177,45.323],[2.2874,45.2866],[2.269,45.2894],[2.2586,45.2702],[2.2388,45.2604],[2.2046,45.2282],[2.1901,45.2051],[2.208,45.1587],[2.2076,45.1435],[2.1817,45.1327],[2.1881,45.1179],[2.1718,45.0815],[2.1402,45.0865],[2.0952,45.056],[2.1168,45.0211],[2.1406,45.0059],[2.133,44.9855],[2.0938,44.9853],[2.0629,44.9765],[2.0454,44.9837],[1.9817,44.9729],[1.9407,44.9551],[1.9391,44.9732],[1.9082,44.9784],[1.8863,44.9561],[1.8312,44.9455],[1.8239,44.9277],[1.7871,44.9322],[1.7746,44.9235],[1.7539,44.9409],[1.7506,44.955],[1.711,44.9673],[1.7027,44.9878],[1.6714,45.0043],[1.651,45.025],[1.626,45.0339],[1.5763,45.0407],[1.552,45.0285],[1.5406,45.046],[1.4837,45.0309],[1.4763,45.0184],[1.4483,45.0193],[1.3998,45.0616],[1.4064,45.0693],[1.3864,45.1029],[1.4095,45.1126],[1.4129,45.1251],[1.3852,45.1356],[1.3521,45.134],[1.3174,45.1421],[1.2899,45.142],[1.2548,45.1593],[1.2853,45.176],[1.2921,45.1865],[1.2741,45.2001],[1.2323,45.1977],[1.2336,45.2222],[1.2745,45.2379],[1.2745,45.2571],[1.2546,45.2549],[1.2271,45.272],[1.2416,45.3006],[1.2358,45.322],[1.2726,45.3282],[1.2891,45.3541],[1.3158,45.3609],[1.3239,45.379],[1.2959,45.3948],[1.2798,45.3845],[1.2596,45.3983],[1.2887,45.4261],[1.2532,45.4442],[1.2645,45.4541],[1.2703,45.4777],[1.3104,45.483],[1.3511,45.47],[1.3716,45.4921],[1.3896,45.4962],[1.4121,45.5281],[1.4503,45.5304],[1.4551,45.5533],[1.4807,45.5659],[1.5063,45.551],[1.5221,45.5641],[1.5572,45.5494],[1.5849,45.5561],[1.5938,45.5771],[1.6249,45.5779],[1.6582,45.5953],[1.6602,45.608],[1.7048,45.6374],[1.7481,45.6457],[1.7764,45.6585],[1.7858,45.6827],[1.8264,45.6651],[1.8751,45.6649],[1.88,45.6782],[1.9043,45.6777],[1.8987,45.6983]]]},"properties":{"code":"19","nom":"Corrèze"}},{"type":"Feature","geometry":{"type":"MultiPolygon","coordinates":[[[[4.1819,47.1505],[4.1871,47.1336],[4.1719,47.1174],[4.1538,47.1146],[4.116,47.1233],[4.1151,47.1462],[4.1374,47.1427],[4.1819,47.1505]]],[[[4.2934,47.9257],[4.309,47.9612],[4.3513,47.9566],[4.4143,47.9682],[4.449,47.9572],[4.4933,47.9688],[4.5182,47.9666],[4.56,47.9714],[4.5358,48.0012],[4.5827,48.0295],[4.6168,48.0314],[4.6732,48.0151],[4.7042,48.0202],[4.7199,48.0089],[4.7493,48.0043],[4.7891,48.0078],[4.7946,47.9832],[4.7851,47.9689],[4.811,47.9593],[4.8452,47.9613],[4.8661,47.9405],[4.8289,47.9151],[4.857,47.8959],[4.8763,47.9202],[4.9018,47.9213],[4.9282,47.8869],[4.9282,47.8711],[4.9541,47.8668],[4.9684,47.8319],[4.9939,47.8196],[4.9872,47.8033],[4.9183,47.7773],[4.9307,47.7613],[4.9496,47.765],[4.9718,47.7302],[4.9538,47.7069],[4.9598,47.697],[4.9923,47.6883],[5.03,47.7094],[5.0436,47.6765],[5.0849,47.6573],[5.1282,47.6477],[5.1783,47.681],[5.1736,47.6526],[5.2114,47.6419],[5.2392,47.6161],[5.2387,47.5973],[5.2529,47.5769],[5.2998,47.6049],[5.34,47.6091],[5.3549,47.5913],[5.3741,47.6045],[5.3998,47.5972],[5.4256,47.6321],[5.4775,47.6087],[5.4971,47.5542],[5.4864,47.527],[5.4717,47.5275],[5.4471,47.4963],[5.3992,47.499],[5.3766,47.4647],[5.4065,47.4618],[5.4323,47.4383],[5.4514,47.3841],[5.4774,47.3953],[5.497,47.3901],[5.488,47.362],[5.4928,47.3321],[5.4722,47.317],[5.5185,47.3042],[5.5047,47.2857],[5.4883,47.2893],[5.486,47.251],[5.474,47.2311],[5.48,47.2174],[5.448,47.1962],[5.4592,47.1834],[5.44,47.1444],[5.4087,47.1261],[5.4107,47.1141],[5.386,47.082],[5.3222,47.073],[5.2839,47.0479],[5.2753,47.0269],[5.31,47.018],[5.3029,47.003],[5.2789,46.999],[5.2552,46.9799],[5.222,46.9889],[5.1819,46.9748],[5.1662,46.9639],[5.1243,46.9637],[5.1003,46.956],[5.0763,46.9594],[5.0493,46.9816],[5.0034,46.9721],[4.9945,46.9591],[4.9275,46.9675],[4.8961,46.9662],[4.8939,46.9512],[4.7885,46.9319],[4.7805,46.9182],[4.7281,46.9194],[4.7157,46.9069],[4.6855,46.9009],[4.6645,46.9142],[4.6791,46.9302],[4.6501,46.9413],[4.6232,46.9408],[4.5896,46.9557],[4.5737,46.9734],[4.5548,47.0201],[4.5067,47.0132],[4.4882,47.0321],[4.4538,47.0418],[4.4283,47.0398],[4.4063,47.05],[4.4016,47.0827],[4.3443,47.0724],[4.3494,47.097],[4.2732,47.1085],[4.2545,47.1172],[4.2351,47.1457],[4.2098,47.1554],[4.2125,47.1818],[4.2307,47.199],[4.2181,47.2205],[4.1781,47.2503],[4.1355,47.2374],[4.1158,47.2797],[4.1141,47.308],[4.1304,47.3202],[4.1249,47.3359],[4.1061,47.3393],[4.0762,47.3835],[4.0883,47.3965],[4.0661,47.4073],[4.1194,47.4436],[4.1298,47.4748],[4.1124,47.5035],[4.1381,47.5215],[4.1565,47.5516],[4.1751,47.5533],[4.1972,47.598],[4.2142,47.6029],[4.2124,47.628],[4.2491,47.6595],[4.2256,47.6712],[4.2583,47.6839],[4.2673,47.7016],[4.2526,47.7161],[4.2605,47.7422],[4.2897,47.7332],[4.3325,47.7565],[4.3272,47.7857],[4.3403,47.7996],[4.3203,47.8117],[4.3193,47.8374],[4.3008,47.8488],[4.261,47.8439],[4.2622,47.884],[4.2773,47.8995],[4.3112,47.9039],[4.2934,47.9257]]]]},"properties":{"code":"21","nom":"Côte-d'Or"}},{"type":"Feature","geometry":{"type":"Polygon","coordinates":[[[-3.6591,48.6592],[-3.6365,48.6707],[-3.5812,48.67],[-3.5848,48.7171],[-3.5554,48.7275],[-3.5503,48.7482],[-3.5839,48.771],[-3.5779,48.7883],[-3.535,48.8027],[-3.5409,48.8232],[-3.5231,48.8298],[-3.4678,48.8233],[-3.4302,48.7973],[-3.3975,48.8007],[-3.3824,48.8159],[-3.357,48.8197],[-3.3234,48.8373],[-3.2621,48.8354],[-3.2458,48.8571],[-3.2197,48.8665],[-3.2028,48.8345],[-3.1679,48.8531],[-3.1248,48.8647],[-3.0944,48.8676],[-3.0835,48.8273],[-3.0537,48.8152],[-3.0136,48.8221],[-3.0061,48.8003],[-3.0454,48.7878],[-3.0109,48.7666],[-2.9503,48.7636],[-2.929,48.7538],[-2.9451,48.7208],[-2.9253,48.7077],[-2.8903,48.6978],[-2.8808,48.6742],[-2.8565,48.674],[-2.8269,48.6506],[-2.8158,48.6097],[-2.8196,48.5935],[-2.7797,48.5851],[-2.7727,48.5705],[-2.7202,48.5555],[-2.721,48.5328],[-2.6984,48.5057],[-2.6757,48.5107],[-2.6816,48.5311],[-2.6303,48.5261],[-2.6313,48.5381],[-2.6056,48.5518],[-2.5597,48.5864],[-2.4952,48.6089],[-2.4729,48.6231],[-2.468,48.6496],[-2.4356,48.6522],[-2.4122,48.6415],[-2.3609,48.6556],[-2.3145,48.6741],[-2.2942,48.66],[-2.3134,48.6332],[-2.3375,48.6197],[-2.3119,48.6115],[-2.2999,48.6241],[-2.2635,48.6436],[-2.2054,48.5789],[-2.1756,48.5764],[-2.1572,48.5884],[-2.1658,48.6042],[-2.1237,48.6044],[-2.1233,48.589],[-2.0925,48.5725],[-2.0448,48.5642],[-2.0462,48.544],[-2.0069,48.5661],[-1.9723,48.5346],[-1.948,48.5388],[-1.9251,48.5453],[-1.911,48.5174],[-1.9269,48.4769],[-1.9239,48.4609],[-1.9486,48.4465],[-1.9519,48.4292],[-1.9368,48.4201],[-1.9385,48.3914],[-1.9477,48.3689],[-1.9291,48.347],[-1.9669,48.3428],[-1.9548,48.3171],[-1.9983,48.297],[-2.0141,48.2795],[-2.0533,48.2983],[-2.0763,48.2837],[-2.1101,48.2529],[-2.1269,48.2598],[-2.1629,48.2563],[-2.187,48.2464],[-2.1844,48.2131],[-2.2198,48.2021],[-2.2247,48.1706],[-2.2482,48.1528],[-2.2832,48.1453],[-2.2873,48.1337],[-2.3077,48.1368],[-2.3211,48.1233],[-2.372,48.1228],[-2.3757,48.1414],[-2.3999,48.1546],[-2.4071,48.1678],[-2.4492,48.173],[-2.4575,48.1636],[-2.489,48.1553],[-2.5337,48.1569],[-2.5164,48.128],[-2.5493,48.0991],[-2.5484,48.0767],[-2.5808,48.0671],[-2.6282,48.0338],[-2.6709,48.0503],[-2.6733,48.0633],[-2.6562,48.0843],[-2.6532,48.1181],[-2.6684,48.1327],[-2.7025,48.118],[-2.758,48.1108],[-2.782,48.1206],[-2.8098,48.1463],[-2.8508,48.1412],[-2.9027,48.1627],[-2.9397,48.1716],[-2.9877,48.1596],[-3.0118,48.1721],[-3.014,48.1871],[-3.0406,48.2033],[-3.1304,48.1984],[-3.1395,48.1637],[-3.1553,48.1585],[-3.1971,48.1627],[-3.2154,48.1482],[-3.2523,48.1491],[-3.2722,48.14],[-3.2996,48.1548],[-3.3162,48.1546],[-3.3447,48.1699],[-3.3751,48.163],[-3.4123,48.147],[-3.4365,48.1555],[-3.4215,48.1719],[-3.4795,48.186],[-3.5227,48.1787],[-3.5648,48.1857],[-3.5382,48.2065],[-3.5578,48.2285],[-3.5532,48.2419],[-3.526,48.2608],[-3.5181,48.2818],[-3.5409,48.2991],[-3.5568,48.3355],[-3.5546,48.3778],[-3.6055,48.3865],[-3.6005,48.4216],[-3.5632,48.4399],[-3.5814,48.4648],[-3.5989,48.4705],[-3.6045,48.4958],[-3.582,48.5069],[-3.5539,48.5304],[-3.57,48.5561],[-3.5933,48.5546],[-3.5901,48.5827],[-3.6411,48.5968],[-3.6543,48.617],[-3.6591,48.6592]]]},"properties":{"code":"22","nom":"Côtes-d'Armor"}},{"type":"Feature","geometry":{"type":"Polygon","coordinates":[[[2.1678,46.4241],[2.1976,46.4283],[2.2138,46.4231],[2.2499,46.4264],[2.281,46.4204],[2.2848,46.3863],[2.3233,46.3665],[2.3027,46.3544],[2.323,46.3293],[2.3549,46.3257],[2.3705,46.3126],[2.3919,46.33],[2.4205,46.3101],[2.4213,46.2846],[2.443,46.295],[2.4808,46.281],[2.4771,46.2694],[2.4918,46.2479],[2.5159,46.237],[2.528,46.1863],[2.5598,46.1734],[2.5654,46.143],[2.5505,46.119],[2.5522,46.0825],[2.5717,46.0484],[2.6025,46.0335],[2.5944,45.9894],[2.6108,45.9712],[2.5696,45.9588],[2.5516,45.9413],[2.5279,45.8992],[2.4922,45.864],[2.4706,45.8723],[2.4265,45.8348],[2.4013,45.8376],[2.388,45.8274],[2.4274,45.7943],[2.4355,45.767],[2.4547,45.7609],[2.4921,45.7377],[2.4359,45.6993],[2.4102,45.7096],[2.3517,45.7101],[2.3402,45.6826],[2.3209,45.6686],[2.3059,45.6747],[2.2734,45.664],[2.2711,45.6916],[2.194,45.699],[2.2023,45.7186],[2.183,45.7206],[2.1609,45.7358],[2.1338,45.7354],[2.1135,45.7248],[2.0839,45.746],[2.0357,45.7551],[2.0015,45.7488],[1.9885,45.7214],[1.9566,45.7248],[1.9417,45.7114],[1.9155,45.7113],[1.8987,45.6983],[1.881,45.7129],[1.8751,45.7328],[1.8941,45.7593],[1.8809,45.7977],[1.8464,45.8099],[1.8284,45.8098],[1.7892,45.8301],[1.7558,45.8557],[1.7149,45.8401],[1.6904,45.8436],[1.6766,45.8351],[1.6024,45.8575],[1.6023,45.891],[1.636,45.8884],[1.6397,45.8995],[1.6151,45.932],[1.5792,45.9304],[1.5783,45.9173],[1.5473,45.9168],[1.53,45.9318],[1.5325,45.9528],[1.5661,45.9633],[1.5765,45.981],[1.5648,45.9971],[1.5385,45.9974],[1.5364,46.0263],[1.5492,46.0354],[1.5318,46.0582],[1.543,46.0766],[1.5049,46.0882],[1.492,46.1147],[1.5052,46.1275],[1.4679,46.1518],[1.4552,46.181],[1.4153,46.1772],[1.3749,46.2155],[1.3941,46.2383],[1.4169,46.2409],[1.4037,46.2599],[1.4266,46.2989],[1.4438,46.3059],[1.4152,46.3472],[1.4354,46.3638],[1.4629,46.3754],[1.5223,46.4265],[1.544,46.4169],[1.5462,46.3935],[1.5697,46.4055],[1.6143,46.4053],[1.6448,46.3868],[1.6836,46.4182],[1.7109,46.3921],[1.7277,46.3894],[1.7601,46.4276],[1.7476,46.45],[1.7984,46.4548],[1.8195,46.43],[1.8834,46.4326],[1.9092,46.4435],[1.9243,46.4319],[1.9781,46.4398],[1.9931,46.4309],[2.0444,46.4213],[2.0742,46.4198],[2.0889,46.4089],[2.1297,46.4199],[2.1678,46.4241]]]},"properties":{"code":"23","nom":"Creuse"}},{"type":"Feature","geometry":{"type":"Polygon","coordinates":[[[0.6297,45.7146],[0.6542,45.6887],[0.7021,45.6871],[0.7165,45.6949],[0.7422,45.6906],[0.7637,45.6683],[0.7758,45.6676],[0.763,45.6283],[0.7515,45.6183],[0.7804,45.5912],[0.8036,45.5962],[0.8115,45.5759],[0.8426,45.5823],[0.8593,45.6126],[0.8748,45.6214],[0.8982,45.5998],[0.947,45.6136],[0.9864,45.6045],[1.0232,45.61],[1.0358,45.6002],[1.0354,45.5733],[1.0475,45.5579],[1.0746,45.5458],[1.0804,45.534],[1.1103,45.5449],[1.1377,45.5398],[1.1673,45.5248],[1.1359,45.5064],[1.1198,45.4878],[1.1358,45.4709],[1.1642,45.4755],[1.1866,45.4553],[1.2095,45.4631],[1.2532,45.4442],[1.2887,45.4261],[1.2596,45.3983],[1.2798,45.3845],[1.2959,45.3948],[1.3239,45.379],[1.3158,45.3609],[1.2891,45.3541],[1.2726,45.3282],[1.2358,45.322],[1.2416,45.3006],[1.2271,45.272],[1.2546,45.2549],[1.2745,45.2571],[1.2745,45.2379],[1.2336,45.2222],[1.2323,45.1977],[1.2741,45.2001],[1.2921,45.1865],[1.2853,45.176],[1.2548,45.1593],[1.2899,45.142],[1.3174,45.1421],[1.3521,45.134],[1.3852,45.1356],[1.4129,45.1251],[1.4095,45.1126],[1.3864,45.1029],[1.4064,45.0693],[1.3998,45.0616],[1.4483,45.0193],[1.4093,45.006],[1.4336,44.9383],[1.4106,44.909],[1.4399,44.889],[1.4398,44.8749],[1.4048,44.8623],[1.4019,44.8494],[1.3614,44.8408],[1.3641,44.8116],[1.3281,44.8065],[1.2996,44.7969],[1.2962,44.7778],[1.3228,44.7651],[1.3161,44.7404],[1.2794,44.7158],[1.2483,44.7077],[1.2246,44.6843],[1.1688,44.68],[1.1467,44.6703],[1.1537,44.6388],[1.0957,44.5902],[1.0751,44.5773],[1.0733,44.5956],[1.0148,44.6141],[0.9908,44.6371],[0.9387,44.6397],[0.8907,44.615],[0.87,44.5973],[0.8387,44.6007],[0.8374,44.6161],[0.817,44.627],[0.8364,44.6386],[0.8434,44.6635],[0.8261,44.676],[0.827,44.6919],[0.7977,44.7018],[0.7798,44.6834],[0.7291,44.6761],[0.6609,44.6767],[0.654,44.6967],[0.6301,44.705],[0.6097,44.6954],[0.5771,44.694],[0.5704,44.6749],[0.5462,44.6647],[0.5157,44.6783],[0.4875,44.6667],[0.4705,44.6696],[0.4457,44.6527],[0.4175,44.6463],[0.369,44.6612],[0.3496,44.6601],[0.3596,44.691],[0.3405,44.703],[0.3462,44.7225],[0.3233,44.7476],[0.2973,44.7623],[0.2742,44.7834],[0.2637,44.8263],[0.2841,44.8237],[0.3151,44.8454],[0.2791,44.867],[0.2377,44.8692],[0.2412,44.8565],[0.2063,44.8388],[0.1928,44.8208],[0.1066,44.8327],[0.0469,44.8246],[0.0187,44.8496],[-0.0219,44.8507],[0.0344,44.9155],[0.0032,44.9474],[0.0192,44.9803],[0.0401,44.9935],[0.0358,45.0112],[0.0733,45.0701],[0.0635,45.0956],[0.0408,45.1154],[-0.0036,45.1196],[-0.0402,45.1024],[-0.0292,45.1298],[-0.0371,45.139],[0.0047,45.1537],[-0.0174,45.1699],[0.0043,45.1916],[0.0077,45.202],[0.0348,45.2087],[0.0534,45.2269],[0.0757,45.2203],[0.0962,45.2279],[0.1303,45.208],[0.1706,45.237],[0.1776,45.2537],[0.2044,45.2636],[0.2214,45.2903],[0.2474,45.2895],[0.2697,45.3054],[0.265,45.3342],[0.2501,45.3718],[0.2782,45.4273],[0.2944,45.4342],[0.3078,45.4609],[0.3565,45.4655],[0.4328,45.5025],[0.4657,45.5396],[0.4963,45.5445],[0.5065,45.5539],[0.5007,45.5731],[0.5156,45.6004],[0.4999,45.6167],[0.5355,45.6334],[0.5612,45.6327],[0.5678,45.651],[0.5988,45.6706],[0.6297,45.7146]]]},"properties":{"code":"24","nom":"Dordogne"}},{"type":"Feature","geometry":{"type":"Polygon","coordinates":[[[6.807,47.5628],[6.8167,47.5479],[6.8608,47.5475],[6.8835,47.5553],[6.9057,47.5474],[6.9097,47.5255],[6.9462,47.5113],[6.9309,47.4982],[6.9076,47.4944],[6.9172,47.4689],[6.9323,47.4558],[6.9405,47.4334],[6.9384,47.406],[6.9176,47.4055],[6.9113,47.3857],[6.8854,47.3746],[6.8794,47.3584],[6.9195,47.3554],[6.9942,47.3631],[7.0121,47.3729],[7.0497,47.3607],[7.0622,47.3442],[7.0462,47.327],[7.0161,47.3136],[6.9931,47.2955],[6.9429,47.2878],[6.9552,47.2441],[6.9407,47.2318],[6.8824,47.2016],[6.8583,47.1644],[6.8002,47.1288],[6.7638,47.1198],[6.7399,47.1081],[6.7411,47.0911],[6.7178,47.0889],[6.6916,47.0667],[6.714,47.0491],[6.6997,47.039],[6.6616,47.0282],[6.6337,46.9984],[6.5932,46.9918],[6.5666,46.9806],[6.5188,46.9709],[6.4967,46.9742],[6.4466,46.9341],[6.4327,46.9286],[6.4646,46.8902],[6.4601,46.8517],[6.4426,46.8324],[6.4348,46.8015],[6.4586,46.7885],[6.4259,46.7548],[6.3951,46.7482],[6.3918,46.7384],[6.3448,46.7119],[6.2853,46.6912],[6.228,46.6483],[6.1755,46.6141],[6.1273,46.5903],[6.1107,46.5763],[6.1381,46.5577],[6.1314,46.5537],[6.0486,46.6077],[6.0592,46.6261],[6.1055,46.6505],[6.0698,46.6895],[6.113,46.7077],[6.14,46.7253],[6.1803,46.7416],[6.1853,46.7551],[6.2067,46.7661],[6.1757,46.8002],[6.1342,46.8261],[6.091,46.8419],[6.0657,46.8597],[6.034,46.8496],[6.0262,46.8641],[6.0058,46.8731],[6.0117,46.8889],[5.9826,46.9085],[5.9966,46.9335],[5.9641,46.9481],[5.9798,46.9635],[5.9686,46.9804],[5.9454,46.9889],[5.9289,46.9816],[5.9111,46.9995],[5.8387,47.0089],[5.8183,47.0163],[5.8101,47.0468],[5.7877,47.0206],[5.7495,47.0172],[5.7409,47.0311],[5.7847,47.0549],[5.7685,47.0894],[5.8046,47.1133],[5.8207,47.1444],[5.8115,47.1691],[5.7853,47.173],[5.7864,47.1881],[5.7616,47.1934],[5.754,47.2062],[5.7204,47.2199],[5.7197,47.2404],[5.6987,47.265],[5.7323,47.2636],[5.7728,47.2784],[5.7839,47.2906],[5.844,47.3],[5.8601,47.3144],[5.9089,47.3313],[5.927,47.3448],[5.9657,47.3371],[5.9796,47.326],[6.0312,47.3378],[6.0389,47.3455],[6.08,47.354],[6.1186,47.3952],[6.1593,47.3876],[6.2005,47.4291],[6.2271,47.4214],[6.2563,47.4246],[6.2635,47.4461],[6.2802,47.444],[6.3344,47.506],[6.4177,47.5211],[6.4635,47.5121],[6.4759,47.4965],[6.4959,47.5057],[6.5184,47.4965],[6.5345,47.5061],[6.5536,47.4928],[6.5735,47.4955],[6.5836,47.51],[6.5683,47.533],[6.5814,47.544],[6.6109,47.5304],[6.6467,47.5353],[6.6702,47.5579],[6.7154,47.5529],[6.7388,47.557],[6.7674,47.538],[6.7975,47.5495],[6.807,47.5628]]]},"properties":{"code":"25","nom":"Doubs"}},{"type":"Feature","geometry":{"type":"Polygon","coordinates":[[[4.8005,45.2984],[4.8588,45.309],[4.8797,45.2969],[4.9278,45.3225],[4.9609,45.3294],[4.9892,45.344],[5.0097,45.3422],[5.0199,45.3201],[5.0543,45.3191],[5.0754,45.2818],[5.1385,45.2962],[5.1214,45.2483],[5.1765,45.2484],[5.1846,45.2312],[5.1653,45.1999],[5.1886,45.1713],[5.1874,45.1208],[5.1629,45.0984],[5.1486,45.0752],[5.1712,45.069],[5.1833,45.0849],[5.2261,45.0792],[5.2484,45.0609],[5.3006,45.0626],[5.3171,45.0514],[5.3439,45.0499],[5.3884,45.0361],[5.4498,45.0708],[5.4594,45.0844],[5.483,45.0838],[5.4662,45.0537],[5.4805,45.0139],[5.4931,44.9965],[5.4777,44.9668],[5.4836,44.9223],[5.4751,44.8676],[5.4638,44.826],[5.4848,44.8231],[5.4642,44.7924],[5.5386,44.7744],[5.582,44.7779],[5.5839,44.7653],[5.6271,44.7525],[5.6471,44.7241],[5.7087,44.7209],[5.7388,44.7124],[5.7571,44.696],[5.8015,44.7068],[5.8271,44.7003],[5.8258,44.6857],[5.7994,44.6739],[5.7906,44.6533],[5.7539,44.6627],[5.726,44.6394],[5.6417,44.6511],[5.6439,44.6097],[5.6177,44.5831],[5.5972,44.5433],[5.6274,44.5346],[5.6645,44.5019],[5.6298,44.5012],[5.6163,44.4727],[5.6037,44.4655],[5.5624,44.4749],[5.5165,44.4914],[5.4799,44.4912],[5.4587,44.4661],[5.4644,44.4479],[5.4983,44.4373],[5.4765,44.4197],[5.4472,44.4319],[5.4185,44.4249],[5.443,44.3912],[5.435,44.3691],[5.4607,44.3683],[5.4694,44.3515],[5.4931,44.3372],[5.5218,44.3493],[5.5374,44.3335],[5.6171,44.3325],[5.6081,44.3085],[5.6378,44.2997],[5.632,44.2847],[5.6475,44.2725],[5.6762,44.2755],[5.673,44.2398],[5.6813,44.2329],[5.676,44.1914],[5.6516,44.1896],[5.647,44.1663],[5.6827,44.1632],[5.6786,44.1461],[5.6317,44.1514],[5.6396,44.1676],[5.6096,44.1882],[5.5762,44.188],[5.5644,44.1709],[5.583,44.1576],[5.5513,44.1498],[5.5404,44.1322],[5.4988,44.1157],[5.4547,44.1192],[5.4357,44.1517],[5.3832,44.1553],[5.3845,44.201],[5.354,44.2134],[5.3368,44.2035],[5.2922,44.2145],[5.2565,44.2301],[5.2381,44.2132],[5.175,44.2208],[5.1549,44.2309],[5.1615,44.2456],[5.1497,44.2821],[5.1672,44.2921],[5.1727,44.3094],[5.1045,44.2795],[5.0765,44.2841],[5.0606,44.3081],[5.0055,44.2868],[4.9815,44.2848],[4.9329,44.2622],[4.8791,44.2615],[4.8267,44.2283],[4.8141,44.2323],[4.8127,44.2577],[4.8031,44.28],[4.8046,44.3039],[4.7623,44.3254],[4.7201,44.3267],[4.679,44.3205],[4.6506,44.3298],[4.6489,44.3725],[4.6644,44.3989],[4.6674,44.4307],[4.6987,44.4523],[4.699,44.4817],[4.69,44.4913],[4.6921,44.5152],[4.707,44.5308],[4.6924,44.5559],[4.7103,44.5815],[4.7412,44.5888],[4.7404,44.6024],[4.7741,44.6443],[4.7811,44.6828],[4.7629,44.7201],[4.7609,44.7717],[4.7957,44.7938],[4.8217,44.8387],[4.8413,44.8426],[4.8595,44.8718],[4.8579,44.9032],[4.8856,44.9347],[4.8757,44.9552],[4.8602,44.9659],[4.8513,44.9947],[4.8377,45.0048],[4.8403,45.0358],[4.8607,45.0554],[4.8317,45.0703],[4.8274,45.1021],[4.8045,45.1219],[4.8045,45.1332],[4.8291,45.1567],[4.8137,45.1634],[4.8048,45.194],[4.8126,45.2043],[4.8026,45.2269],[4.8096,45.2604],[4.8095,45.2898],[4.8005,45.2984]],[[4.8929,44.3648],[4.8715,44.3496],[4.8953,44.3381],[4.8816,44.3249],[4.8895,44.304],[4.9221,44.3088],[4.9786,44.2975],[5.0233,44.3459],[5.027,44.3628],[5.052,44.3647],[5.0488,44.3812],[5.0158,44.3928],[5.0133,44.4053],[4.9886,44.4232],[4.9633,44.4219],[4.9185,44.4078],[4.9066,44.3741],[4.8929,44.3648]]]},"properties":{"code":"26","nom":"Drôme"}},{"type":"Feature","geometry":{"type":"Polygon","coordinates":[[[0.2972,49.4299],[0.339,49.4409],[0.3688,49.444],[0.4315,49.459],[0.4901,49.4836],[0.5249,49.4779],[0.5791,49.4351],[0.6063,49.4287],[0.6341,49.4345],[0.6598,49.4162],[0.6653,49.402],[0.7737,49.4181],[0.8035,49.4166],[0.8266,49.395],[0.8609,49.3954],[0.8853,49.3835],[0.9181,49.3855],[0.9214,49.3386],[0.8876,49.3459],[0.8662,49.3423],[0.8623,49.3274],[0.8915,49.3166],[0.8925,49.3031],[0.9366,49.3217],[0.9595,49.2861],[1.0133,49.2523],[1.0541,49.2681],[1.0644,49.2819],[1.0482,49.2967],[1.0929,49.31],[1.134,49.3098],[1.136,49.3251],[1.1603,49.342],[1.199,49.3508],[1.2721,49.3463],[1.286,49.3632],[1.2932,49.395],[1.3081,49.3954],[1.3096,49.4287],[1.3354,49.4337],[1.3452,49.4481],[1.3785,49.4574],[1.4772,49.4513],[1.5035,49.4381],[1.5283,49.442],[1.5761,49.4397],[1.607,49.4109],[1.6211,49.4144],[1.6593,49.399],[1.7139,49.4092],[1.7203,49.3948],[1.7593,49.3682],[1.7741,49.3347],[1.7679,49.3198],[1.7758,49.2995],[1.8027,49.272],[1.7895,49.2479],[1.7644,49.2631],[1.7345,49.269],[1.7105,49.2645],[1.7044,49.2322],[1.6741,49.2102],[1.6644,49.1534],[1.6558,49.1302],[1.6351,49.1143],[1.6088,49.0779],[1.6017,49.0845],[1.5571,49.0696],[1.538,49.0723],[1.4849,49.0515],[1.4608,49.0627],[1.4474,49.0452],[1.4578,49.0263],[1.4771,49.0168],[1.4771,48.9788],[1.4974,48.9796],[1.5015,48.9411],[1.4613,48.9376],[1.4483,48.9243],[1.4713,48.8978],[1.455,48.8703],[1.4094,48.8612],[1.3622,48.8342],[1.3584,48.8164],[1.377,48.7918],[1.3195,48.761],[1.3003,48.7675],[1.2702,48.7575],[1.246,48.7697],[1.1847,48.7726],[1.1595,48.7697],[1.1521,48.7856],[1.1214,48.7892],[1.1186,48.7546],[1.0957,48.7487],[1.0591,48.7568],[1.0141,48.7281],[0.9615,48.7257],[0.9552,48.7168],[0.9024,48.7106],[0.8767,48.7155],[0.862,48.6871],[0.8277,48.6807],[0.8148,48.6702],[0.7822,48.6665],[0.7641,48.6753],[0.7661,48.6968],[0.7434,48.7169],[0.775,48.7375],[0.7508,48.7595],[0.7584,48.768],[0.7319,48.7855],[0.689,48.7946],[0.6687,48.808],[0.6079,48.8325],[0.611,48.8532],[0.578,48.8936],[0.5525,48.8755],[0.5021,48.8782],[0.4761,48.8869],[0.4536,48.8802],[0.4201,48.8882],[0.4216,48.8986],[0.3862,48.9104],[0.3908,48.9271],[0.4128,48.9506],[0.4288,48.9661],[0.4339,49.005],[0.4463,49.015],[0.4259,49.032],[0.3902,49.0344],[0.3777,49.0495],[0.3794,49.0678],[0.4078,49.0774],[0.3997,49.1005],[0.4267,49.1469],[0.3859,49.1541],[0.3947,49.2084],[0.3665,49.2159],[0.3374,49.2315],[0.3211,49.2481],[0.3828,49.264],[0.3808,49.2824],[0.3649,49.2952],[0.323,49.297],[0.3121,49.3223],[0.3234,49.3406],[0.3017,49.3713],[0.3088,49.3879],[0.2972,49.4299]]]},"properties":{"code":"27","nom":"Eure"}},{"type":"Feature","geometry":{"type":"Polygon","coordinates":[[[0.8148,48.6702],[0.8277,48.6807],[0.862,48.6871],[0.8767,48.7155],[0.9024,48.7106],[0.9552,48.7168],[0.9615,48.7257],[1.0141,48.7281],[1.0591,48.7568],[1.0957,48.7487],[1.1186,48.7546],[1.1214,48.7892],[1.1521,48.7856],[1.1595,48.7697],[1.1847,48.7726],[1.246,48.7697],[1.2702,48.7575],[1.3003,48.7675],[1.3195,48.761],[1.377,48.7918],[1.3584,48.8164],[1.3622,48.8342],[1.4094,48.8612],[1.455,48.8703],[1.4713,48.8978],[1.4483,48.9243],[1.4613,48.9376],[1.5015,48.9411],[1.5073,48.9276],[1.5386,48.9218],[1.5385,48.9067],[1.5595,48.8821],[1.5462,48.8724],[1.5816,48.855],[1.5773,48.8444],[1.5912,48.8149],[1.5757,48.7905],[1.5876,48.7736],[1.6264,48.7481],[1.5795,48.7018],[1.6118,48.6895],[1.6031,48.6624],[1.6516,48.6381],[1.6662,48.6137],[1.7149,48.6144],[1.702,48.585],[1.7093,48.578],[1.7653,48.5694],[1.7872,48.5537],[1.7758,48.5277],[1.7768,48.5093],[1.8032,48.4726],[1.8321,48.4676],[1.8449,48.4494],[1.8717,48.4398],[1.9064,48.4401],[1.9221,48.4576],[1.9407,48.4252],[1.9259,48.4127],[1.9766,48.3994],[1.9735,48.3888],[1.9868,48.3621],[1.97,48.3397],[1.98,48.3185],[1.9592,48.3087],[1.9753,48.2872],[1.9941,48.2866],[1.9879,48.2687],[1.9655,48.2555],[1.9626,48.2226],[1.9515,48.1896],[1.925,48.1745],[1.9033,48.1528],[1.9204,48.1464],[1.9011,48.1297],[1.8844,48.0977],[1.8657,48.0839],[1.798,48.0769],[1.7448,48.0661],[1.679,48.0658],[1.6557,48.0762],[1.6246,48.0672],[1.6138,48.045],[1.5941,48.0307],[1.5453,48.0446],[1.513,48.0287],[1.5267,48.0073],[1.5201,47.9823],[1.4397,48.0119],[1.4372,47.9765],[1.4069,47.9701],[1.3869,47.9813],[1.37,47.9537],[1.3437,47.9575],[1.3086,47.9539],[1.2996,47.9682],[1.2627,47.9628],[1.2457,47.9793],[1.2096,47.9685],[1.1696,48.0067],[1.1666,48.0274],[1.1227,48.036],[1.1032,48.0811],[1.026,48.0884],[1.0085,48.0831],[0.9915,48.0974],[1.0456,48.1176],[1.0387,48.1317],[1.0125,48.1325],[0.9813,48.1196],[0.9503,48.0993],[0.944,48.1124],[0.8909,48.1021],[0.8759,48.1094],[0.8412,48.1031],[0.8526,48.1336],[0.9138,48.1351],[0.9116,48.1489],[0.862,48.1668],[0.8368,48.167],[0.7977,48.1945],[0.8302,48.2143],[0.7876,48.2613],[0.7958,48.2865],[0.7689,48.3219],[0.7854,48.3404],[0.8187,48.3493],[0.8837,48.3567],[0.909,48.3703],[0.9486,48.4025],[0.944,48.4154],[0.9584,48.4426],[0.9357,48.4756],[0.9563,48.4823],[0.954,48.5038],[0.9667,48.5241],[0.9226,48.5377],[0.9388,48.5506],[0.8913,48.5722],[0.8677,48.5735],[0.8496,48.5843],[0.8466,48.6048],[0.8178,48.6163],[0.8268,48.6306],[0.8148,48.6702]]]},"properties":{"code":"28","nom":"Eure-et-Loir"}},{"type":"Feature","geometry":{"type":"MultiPolygon","coordinates":[[[[-5.1026,48.4361],[-5.1036,48.4723],[-5.0658,48.4814],[-5.0404,48.4651],[-5.0631,48.4491],[-5.1026,48.4361]]],[[[-3.6591,48.6592],[-3.6543,48.617],[-3.6411,48.5968],[-3.5901,48.5827],[-3.5933,48.5546],[-3.57,48.5561],[-3.5539,48.5304],[-3.582,48.5069],[-3.6045,48.4958],[-3.5989,48.4705],[-3.5814,48.4648],[-3.5632,48.4399],[-3.6005,48.4216],[-3.6055,48.3865],[-3.5546,48.3778],[-3.5568,48.3355],[-3.5409,48.2991],[-3.5181,48.2818],[-3.526,48.2608],[-3.5532,48.2419],[-3.5578,48.2285],[-3.5382,48.2065],[-3.5648,48.1857],[-3.6284,48.1687],[-3.6519,48.1566],[-3.6947,48.1509],[-3.7155,48.1422],[-3.7173,48.1215],[-3.734,48.1129],[-3.7259,48.095],[-3.7033,48.0873],[-3.6982,48.0623],[-3.6753,48.0593],[-3.6626,48.0201],[-3.6402,47.9852],[-3.5813,47.9871],[-3.5553,47.9931],[-3.5156,47.9754],[-3.4973,47.9766],[-3.4814,47.9519],[-3.4627,47.9485],[-3.4128,47.9742],[-3.3922,47.9565],[-3.4015,47.943],[-3.387,47.9252],[-3.4066,47.9172],[-3.404,47.8662],[-3.4492,47.8619],[-3.4585,47.8367],[-3.4884,47.8237],[-3.5117,47.832],[-3.523,47.8491],[-3.5397,47.8362],[-3.5426,47.8215],[-3.5229,47.8022],[-3.5386,47.7626],[-3.5641,47.7686],[-3.6173,47.7695],[-3.6668,47.7807],[-3.6808,47.7768],[-3.736,47.8057],[-3.762,47.7906],[-3.8006,47.7876],[-3.8207,47.797],[-3.8511,47.796],[-3.9015,47.8381],[-3.9352,47.8827],[-3.9793,47.9051],[-3.9892,47.8812],[-3.9779,47.8537],[-4.0414,47.8456],[-4.0716,47.8639],[-4.1261,47.8642],[-4.1636,47.8492],[-4.1751,47.876],[-4.1971,47.861],[-4.1794,47.8393],[-4.1594,47.8318],[-4.183,47.8005],[-4.2166,47.7931],[-4.2692,47.791],[-4.2985,47.8005],[-4.3624,47.7957],[-4.3793,47.8221],[-4.3498,47.8308],[-4.3503,47.8572],[-4.3675,47.895],[-4.388,47.9267],[-4.4235,47.9629],[-4.4536,47.9818],[-4.5099,48.0051],[-4.5405,48.0128],[-4.5647,47.9998],[-4.6172,48.0167],[-4.633,48.0294],[-4.6524,48.022],[-4.6995,48.0276],[-4.7163,48.0625],[-4.6738,48.0608],[-4.6659,48.0702],[-4.6217,48.0685],[-4.5801,48.0819],[-4.5536,48.0771],[-4.5325,48.0883],[-4.4877,48.0865],[-4.4667,48.0991],[-4.4294,48.0992],[-4.3744,48.1102],[-4.307,48.0892],[-4.2856,48.1047],[-4.2837,48.1269],[-4.2717,48.1331],[-4.2731,48.1542],[-4.2958,48.1614],[-4.2921,48.1763],[-4.3031,48.1948],[-4.332,48.2063],[-4.3674,48.2052],[-4.3764,48.2171],[-4.4629,48.2382],[-4.5017,48.2304],[-4.5206,48.1915],[-4.5541,48.1678],[-4.5524,48.208],[-4.564,48.2322],[-4.5445,48.2412],[-4.5563,48.2584],[-4.5836,48.2519],[-4.6064,48.2608],[-4.5666,48.2863],[-4.5805,48.3195],[-4.5532,48.3388],[-4.5453,48.3245],[-4.5527,48.2943],[-4.535,48.2841],[-4.5179,48.2953],[-4.5026,48.2809],[-4.4551,48.2928],[-4.4238,48.2917],[-4.4121,48.2774],[-4.3845,48.2752],[-4.338,48.2856],[-4.308,48.2972],[-4.2717,48.2959],[-4.2619,48.2795],[-4.2231,48.2963],[-4.2812,48.3144],[-4.3286,48.3149],[-4.3161,48.3358],[-4.3672,48.3437],[-4.3753,48.3263],[-4.4423,48.3268],[-4.4439,48.3488],[-4.4029,48.39],[-4.4249,48.3976],[-4.4353,48.3834],[-4.4581,48.3859],[-4.507,48.3752],[-4.538,48.3571],[-4.5497,48.362],[-4.6087,48.3379],[-4.6281,48.3375],[-4.6784,48.3554],[-4.6948,48.3528],[-4.7076,48.3323],[-4.7723,48.3292],[-4.7699,48.3618],[-4.7609,48.3727],[-4.7744,48.3894],[-4.7737,48.4049],[-4.7949,48.4131],[-4.7783,48.4493],[-4.759,48.4704],[-4.777,48.5031],[-4.758,48.5209],[-4.7624,48.5309],[-4.7306,48.5563],[-4.7047,48.569],[-4.6811,48.5673],[-4.6278,48.5789],[-4.6099,48.5758],[-4.5908,48.594],[-4.5628,48.5982],[-4.5576,48.6235],[-4.5196,48.6346],[-4.5018,48.6212],[-4.4318,48.6352],[-4.4178,48.6547],[-4.398,48.6556],[-4.35,48.6765],[-4.3168,48.672],[-4.2717,48.6495],[-4.2238,48.6484],[-4.2096,48.6704],[-4.1869,48.6865],[-4.109,48.6944],[-4.0576,48.6893],[-4.0534,48.7033],[-4.033,48.7127],[-4.0005,48.7116],[-3.9834,48.7263],[-3.9668,48.7196],[-3.9736,48.7039],[-3.9695,48.6754],[-3.9495,48.6529],[-3.9035,48.6644],[-3.8896,48.6417],[-3.8455,48.627],[-3.8562,48.6491],[-3.8458,48.6616],[-3.8545,48.6864],[-3.8208,48.7014],[-3.7875,48.7018],[-3.7657,48.7089],[-3.7333,48.7074],[-3.7024,48.6904],[-3.6592,48.6949],[-3.6428,48.6721],[-3.6591,48.6592]]]]},"properties":{"code":"29","nom":"Finistère"}},{"type":"Feature","geometry":{"type":"Polygon","coordinates":[[[8.5734,42.3814],[8.595,42.3704],[8.6408,42.3734],[8.6504,42.3624],[8.682,42.3585],[8.6832,42.3484],[8.7152,42.3473],[8.7591,42.338],[8.7709,42.3248],[8.8196,42.3176],[8.8617,42.3281],[8.859,42.3],[8.8752,42.2943],[8.882,42.2718],[8.9048,42.2539],[8.9331,42.2504],[8.9471,42.2342],[8.973,42.2326],[8.9915,42.2166],[9.0246,42.2036],[9.0457,42.2069],[9.0506,42.17],[9.0641,42.167],[9.0819,42.1259],[9.1234,42.1055],[9.1348,42.087],[9.1309,42.0544],[9.1615,42.0249],[9.1884,42.0311],[9.2211,42.0276],[9.2231,41.9505],[9.2305,41.9323],[9.2209,41.9219],[9.2488,41.9089],[9.2522,41.899],[9.235,41.8793],[9.2275,41.8556],[9.2369,41.8465],[9.2707,41.8406],[9.3014,41.8449],[9.3091,41.8321],[9.3295,41.8368],[9.3719,41.865],[9.4023,41.8587],[9.4063,41.8224],[9.3941,41.7989],[9.408,41.766],[9.3998,41.6928],[9.3723,41.6788],[9.3868,41.6601],[9.3701,41.6365],[9.3547,41.6407],[9.3367,41.6215],[9.2878,41.6091],[9.2957,41.5833],[9.3184,41.6047],[9.3425,41.5942],[9.365,41.5964],[9.3409,41.5592],[9.3026,41.5456],[9.2839,41.5205],[9.2759,41.4964],[9.2856,41.4815],[9.2561,41.4554],[9.224,41.4425],[9.2264,41.417],[9.2502,41.4085],[9.218,41.3682],[9.1798,41.3671],[9.1672,41.3856],[9.149,41.3852],[9.1233,41.3975],[9.0923,41.3987],[9.1044,41.4255],[9.0973,41.4438],[9.0743,41.4429],[9.0397,41.4686],[9.0227,41.4638],[8.9928,41.4854],[8.9595,41.4921],[8.922,41.4933],[8.9147,41.5072],[8.8846,41.5051],[8.8778,41.5238],[8.8526,41.5334],[8.8397,41.546],[8.8207,41.5457],[8.8005,41.5719],[8.7759,41.5917],[8.7897,41.6057],[8.7936,41.6296],[8.8218,41.6301],[8.8507,41.6464],[8.8695,41.6461],[8.8809,41.6681],[8.9158,41.6816],[8.9145,41.6897],[8.8413,41.6975],[8.8127,41.7141],[8.7735,41.712],[8.784,41.7352],[8.7724,41.7415],[8.7215,41.7242],[8.686,41.748],[8.7131,41.7608],[8.7303,41.7768],[8.7092,41.7994],[8.7405,41.8006],[8.771,41.8111],[8.7844,41.8304],[8.7903,41.8664],[8.7793,41.8836],[8.8025,41.8904],[8.7803,41.9245],[8.7401,41.9208],[8.7175,41.9077],[8.6712,41.9048],[8.6415,41.9099],[8.6134,41.9013],[8.6205,41.9264],[8.5977,41.9532],[8.6148,41.9713],[8.6461,41.9681],[8.6658,41.9786],[8.6564,42.0093],[8.6903,42.0276],[8.7021,42.0267],[8.7413,42.0409],[8.7392,42.0627],[8.7199,42.0635],[8.7103,42.0958],[8.6833,42.1077],[8.6583,42.1063],[8.647,42.1211],[8.6238,42.1231],[8.5775,42.1566],[8.5902,42.1639],[8.5782,42.1886],[8.5814,42.2059],[8.561,42.2369],[8.6157,42.2539],[8.6891,42.2635],[8.6901,42.2782],[8.66,42.3024],[8.6376,42.3018],[8.6249,42.3122],[8.6281,42.3387],[8.6149,42.3496],[8.5904,42.3524],[8.5621,42.3328],[8.5518,42.3474],[8.5734,42.3814]]]},"properties":{"code":"2A","nom":"Corse-du-Sud"}},{"type":"Feature","geometry":{"type":"Polygon","coordinates":[[[9.4023,41.8587],[9.3719,41.865],[9.3295,41.8368],[9.3091,41.8321],[9.3014,41.8449],[9.2707,41.8406],[9.2369,41.8465],[9.2275,41.8556],[9.235,41.8793],[9.2522,41.899],[9.2488,41.9089],[9.2209,41.9219],[9.2305,41.9323],[9.2231,41.9505],[9.2211,42.0276],[9.1884,42.0311],[9.1615,42.0249],[9.1309,42.0544],[9.1348,42.087],[9.1234,42.1055],[9.0819,42.1259],[9.0641,42.167],[9.0506,42.17],[9.0457,42.2069],[9.0246,42.2036],[8.9915,42.2166],[8.973,42.2326],[8.9471,42.2342],[8.9331,42.2504],[8.9048,42.2539],[8.882,42.2718],[8.8752,42.2943],[8.859,42.3],[8.8617,42.3281],[8.8196,42.3176],[8.7709,42.3248],[8.7591,42.338],[8.7152,42.3473],[8.6832,42.3484],[8.682,42.3585],[8.6504,42.3624],[8.6408,42.3734],[8.595,42.3704],[8.5734,42.3814],[8.6088,42.3864],[8.6084,42.4168],[8.6234,42.421],[8.6552,42.4157],[8.6748,42.4762],[8.6646,42.493],[8.6655,42.5136],[8.6968,42.5256],[8.7105,42.5237],[8.7205,42.5556],[8.7564,42.5707],[8.7604,42.5586],[8.7871,42.558],[8.8041,42.5699],[8.8089,42.5991],[8.875,42.6132],[8.8815,42.6293],[8.9024,42.6271],[8.9181,42.6369],[8.9418,42.6341],[9.0104,42.6404],[9.0618,42.6651],[9.0538,42.68],[9.0858,42.7146],[9.1246,42.7316],[9.1681,42.7364],[9.1981,42.725],[9.2207,42.7356],[9.2933,42.6743],[9.3226,42.6981],[9.3225,42.7168],[9.3451,42.7367],[9.3375,42.765],[9.3402,42.8006],[9.3116,42.8297],[9.332,42.8703],[9.3222,42.8996],[9.3477,42.9131],[9.3589,42.9449],[9.3409,42.9945],[9.359,43.0067],[9.4137,43.0065],[9.4636,42.9864],[9.4519,42.9644],[9.4661,42.941],[9.469,42.9051],[9.4822,42.8645],[9.4911,42.795],[9.4721,42.7705],[9.4462,42.6736],[9.4749,42.6248],[9.5148,42.5847],[9.5273,42.5661],[9.5347,42.523],[9.5296,42.4894],[9.5413,42.4559],[9.5434,42.4285],[9.5324,42.3838],[9.5377,42.3436],[9.5597,42.2814],[9.5526,42.2352],[9.559,42.1964],[9.5566,42.1421],[9.55,42.1042],[9.5302,42.0862],[9.467,42.0127],[9.4415,41.9898],[9.4138,41.9557],[9.4159,41.928],[9.397,41.8746],[9.4023,41.8587]]]},"properties":{"code":"2B","nom":"Haute-Corse"}},{"type":"Feature","geometry":{"type":"Polygon","coordinates":[[[3.3736,44.1708],[3.4308,44.148],[3.4397,44.1291],[3.4814,44.124],[3.5058,44.1263],[3.5465,44.1138],[3.5684,44.1226],[3.6074,44.116],[3.6328,44.1212],[3.6375,44.1758],[3.6578,44.1733],[3.6835,44.1805],[3.7062,44.1647],[3.7256,44.1642],[3.7625,44.1488],[3.797,44.1274],[3.8224,44.1362],[3.8721,44.1289],[3.8949,44.1478],[3.9526,44.1708],[3.9599,44.1913],[3.9387,44.1937],[3.9502,44.2235],[3.9462,44.2424],[3.9731,44.2526],[3.9568,44.2718],[3.9356,44.2747],[3.9363,44.2935],[3.9229,44.3052],[3.9447,44.3191],[3.9128,44.3685],[3.8859,44.388],[3.9079,44.4026],[3.9444,44.3996],[3.9611,44.414],[3.9762,44.4411],[3.9982,44.4598],[4.0376,44.4457],[4.0478,44.4181],[4.0684,44.4051],[4.053,44.3787],[4.0534,44.3393],[4.0369,44.3308],[4.0515,44.3173],[4.0716,44.3273],[4.1268,44.3377],[4.1429,44.3134],[4.1777,44.3179],[4.1867,44.2997],[4.2153,44.2907],[4.2413,44.2701],[4.2588,44.2648],[4.2775,44.2747],[4.2894,44.2932],[4.2884,44.3147],[4.3217,44.324],[4.3361,44.3395],[4.3668,44.3395],[4.3865,44.3466],[4.4032,44.3339],[4.3908,44.303],[4.399,44.2889],[4.4328,44.287],[4.4484,44.2966],[4.4511,44.3346],[4.4576,44.3416],[4.5033,44.3392],[4.5445,44.3208],[4.5569,44.3041],[4.6068,44.2905],[4.6181,44.2785],[4.6381,44.283],[4.6492,44.2704],[4.6541,44.2543],[4.6748,44.2386],[4.6766,44.2126],[4.7065,44.2144],[4.7058,44.1928],[4.7221,44.1874],[4.7075,44.1037],[4.7301,44.079],[4.7579,44.0772],[4.788,44.0651],[4.7891,44.0522],[4.8377,44.0149],[4.8421,43.9865],[4.816,43.9888],[4.8151,43.9676],[4.779,43.9379],[4.7391,43.9241],[4.7234,43.906],[4.6933,43.885],[4.6419,43.8675],[4.6663,43.8448],[4.6424,43.8314],[4.6548,43.8023],[4.6512,43.7823],[4.63,43.7627],[4.6136,43.7298],[4.613,43.7143],[4.6277,43.6905],[4.593,43.6875],[4.5819,43.6964],[4.5369,43.7075],[4.4872,43.6992],[4.4755,43.6711],[4.4542,43.6666],[4.427,43.6207],[4.4397,43.6107],[4.4752,43.6083],[4.4503,43.5836],[4.4255,43.5852],[4.4093,43.5611],[4.3537,43.5474],[4.2959,43.5145],[4.2397,43.4992],[4.2303,43.4602],[4.1656,43.4719],[4.1272,43.4895],[4.1169,43.509],[4.1389,43.5321],[4.101,43.5544],[4.1094,43.5685],[4.0989,43.5852],[4.124,43.589],[4.1688,43.609],[4.191,43.6392],[4.1945,43.6534],[4.1628,43.6873],[4.1636,43.7066],[4.1448,43.7339],[4.114,43.7377],[4.0856,43.7675],[4.054,43.7722],[4.0535,43.7856],[4.002,43.8115],[3.9743,43.8015],[3.9617,43.8168],[3.9726,43.8372],[3.9221,43.8584],[3.9196,43.8813],[3.8583,43.8771],[3.8493,43.8682],[3.8061,43.8779],[3.7995,43.8908],[3.829,43.9245],[3.8203,43.9424],[3.7965,43.9436],[3.7837,43.9677],[3.7438,43.9666],[3.7322,43.972],[3.6823,43.9474],[3.6725,43.9116],[3.6236,43.917],[3.5754,43.8655],[3.5994,43.8547],[3.5779,43.8439],[3.5307,43.8556],[3.5233,43.8859],[3.5133,43.8962],[3.4826,43.8899],[3.4627,43.8721],[3.4314,43.8726],[3.4393,43.8979],[3.4244,43.9116],[3.3584,43.9138],[3.3516,43.938],[3.3782,43.9675],[3.4055,43.9703],[3.4205,43.9941],[3.4392,43.998],[3.4499,44.0203],[3.4323,44.0326],[3.3671,44.0582],[3.3408,44.0568],[3.3289,44.079],[3.2903,44.0717],[3.264,44.0916],[3.3244,44.1153],[3.3203,44.1359],[3.3361,44.1587],[3.3736,44.1708]]]},"properties":{"code":"30","nom":"Gard"}},{"type":"Feature","geometry":{"type":"Polygon","coordinates":[[[0.954,43.7874],[0.9778,43.7864],[0.991,43.797],[1.0362,43.8042],[1.0591,43.7986],[1.0808,43.8131],[1.1124,43.7971],[1.1261,43.8096],[1.1578,43.8184],[1.1798,43.7953],[1.2161,43.7912],[1.2192,43.7708],[1.2667,43.7832],[1.2676,43.7938],[1.3111,43.8006],[1.36,43.8172],[1.3573,43.8337],[1.328,43.8382],[1.3137,43.8322],[1.2966,43.8473],[1.3626,43.8572],[1.3492,43.8717],[1.3749,43.8843],[1.4086,43.8826],[1.4189,43.8714],[1.453,43.875],[1.4747,43.9021],[1.4908,43.889],[1.5233,43.9036],[1.5328,43.9214],[1.5556,43.9183],[1.5467,43.9023],[1.5604,43.8819],[1.5595,43.8661],[1.5726,43.8488],[1.5932,43.8431],[1.5902,43.8145],[1.6265,43.8013],[1.6448,43.8003],[1.6425,43.7784],[1.6557,43.7643],[1.6499,43.7519],[1.7,43.7253],[1.7072,43.7124],[1.6689,43.7043],[1.6636,43.6941],[1.7167,43.6893],[1.7309,43.6578],[1.7056,43.6526],[1.6878,43.6307],[1.745,43.6035],[1.764,43.6036],[1.7795,43.587],[1.8335,43.5782],[1.8495,43.5675],[1.8507,43.5493],[1.8804,43.5403],[1.8934,43.5114],[1.917,43.5016],[1.9561,43.4941],[1.99,43.4775],[2.0102,43.4818],[2.0151,43.5044],[2.0375,43.5069],[2.0483,43.4857],[2.0181,43.4704],[2.0138,43.4499],[2.0291,43.4369],[2.0133,43.4148],[1.9883,43.4076],[1.9564,43.4254],[1.9322,43.4243],[1.9031,43.4065],[1.8961,43.4184],[1.8587,43.4438],[1.8276,43.4184],[1.8041,43.3917],[1.8042,43.3579],[1.7723,43.337],[1.7561,43.3478],[1.7238,43.3297],[1.7265,43.3136],[1.7041,43.3027],[1.7084,43.2913],[1.6884,43.2736],[1.6748,43.2812],[1.6373,43.2555],[1.602,43.266],[1.5475,43.2757],[1.5187,43.2692],[1.5176,43.2894],[1.4962,43.2928],[1.4894,43.2584],[1.5045,43.2494],[1.5046,43.2213],[1.4845,43.2262],[1.4704,43.2121],[1.4479,43.2129],[1.4176,43.2278],[1.4254,43.2566],[1.4115,43.2703],[1.3497,43.316],[1.324,43.3094],[1.318,43.2959],[1.2925,43.2884],[1.3083,43.2645],[1.3307,43.2626],[1.3324,43.2489],[1.3668,43.2418],[1.3828,43.2281],[1.3744,43.2137],[1.3442,43.2107],[1.3201,43.1901],[1.2741,43.1962],[1.2437,43.1896],[1.214,43.1624],[1.2189,43.1532],[1.2744,43.1444],[1.2914,43.1241],[1.2808,43.1114],[1.2601,43.1092],[1.2616,43.0915],[1.2236,43.0861],[1.2087,43.118],[1.175,43.141],[1.1623,43.1323],[1.1321,43.1519],[1.0898,43.1418],[1.0598,43.1408],[1.0388,43.1006],[1.0185,43.1074],[0.9909,43.0928],[1.0053,43.0807],[0.9857,43.0629],[0.9867,43.0275],[1.0163,43.0102],[1.0013,43.0024],[0.9791,42.9744],[0.9125,42.9594],[0.8749,42.9578],[0.8853,42.936],[0.8736,42.9268],[0.8446,42.926],[0.8261,42.9143],[0.8429,42.8886],[0.8599,42.8383],[0.8583,42.8257],[0.8015,42.8405],[0.7865,42.836],[0.7377,42.8487],[0.7084,42.8614],[0.659,42.8385],[0.6699,42.8244],[0.6706,42.8048],[0.6445,42.7831],[0.6503,42.7642],[0.6823,42.709],[0.6706,42.6899],[0.6076,42.6991],[0.5868,42.695],[0.5296,42.7027],[0.5185,42.6919],[0.4777,42.7],[0.4846,42.7099],[0.4551,42.7281],[0.4634,42.7596],[0.4559,42.7699],[0.4631,42.7901],[0.4565,42.8182],[0.4774,42.8782],[0.5324,42.8633],[0.5598,42.8613],[0.5759,42.8708],[0.5865,42.8998],[0.6061,42.9344],[0.642,42.9529],[0.6455,42.9621],[0.6188,42.9724],[0.6116,42.9884],[0.6274,43.0001],[0.608,43.034],[0.5918,43.0224],[0.5674,43.0209],[0.5412,43.0017],[0.5341,43.015],[0.5379,43.0416],[0.5653,43.0412],[0.5573,43.0664],[0.5331,43.0828],[0.5323,43.0939],[0.4639,43.1178],[0.442,43.1313],[0.47,43.1573],[0.4878,43.1653],[0.5157,43.1896],[0.5174,43.2124],[0.5519,43.2091],[0.5738,43.2203],[0.5511,43.2362],[0.6183,43.2904],[0.6357,43.3001],[0.6068,43.3109],[0.6457,43.3121],[0.6694,43.3247],[0.7176,43.3766],[0.7337,43.371],[0.7456,43.395],[0.7704,43.4168],[0.8063,43.4],[0.8205,43.417],[0.8444,43.4099],[0.8624,43.4147],[0.8949,43.4053],[0.9173,43.4063],[0.9417,43.3841],[0.9643,43.3865],[0.9781,43.3627],[1.0025,43.3771],[0.9938,43.408],[1.0228,43.4117],[1.019,43.4308],[1.0322,43.4409],[1.04,43.4629],[1.0222,43.4792],[1.0519,43.487],[1.0609,43.5128],[1.0578,43.527],[1.0718,43.5463],[1.0971,43.5332],[1.1251,43.5544],[1.1544,43.5576],[1.164,43.5724],[1.1993,43.5692],[1.2013,43.5948],[1.181,43.614],[1.1581,43.6056],[1.1306,43.6427],[1.1148,43.6367],[1.0877,43.645],[1.051,43.6778],[1.0642,43.7028],[1.0069,43.7289],[0.9688,43.7592],[0.954,43.7874]]]},"properties":{"code":"31","nom":"Haute-Garonne"}},{"type":"Feature","geometry":{"type":"Polygon","coordinates":[[[0.076,43.9831],[0.141,43.9947],[0.1379,43.9769],[0.1635,43.9759],[0.1668,43.9968],[0.1896,44.0146],[0.2247,44.0192],[0.2352,44.0085],[0.2996,43.9928],[0.3576,44.0164],[0.3815,44.0064],[0.3945,44.02],[0.4424,44.0288],[0.4595,44.0552],[0.4858,44.0586],[0.5384,44.053],[0.5651,44.0592],[0.5765,44.0752],[0.6022,44.0737],[0.6279,44.0606],[0.6316,44.0495],[0.6771,44.027],[0.6877,44.0459],[0.7078,44.058],[0.7419,44.0652],[0.7596,44.0495],[0.764,44.0296],[0.8274,44.0553],[0.8579,44.0349],[0.8355,44.0246],[0.8136,44.0249],[0.8277,43.9996],[0.7968,43.9756],[0.7845,43.9558],[0.7601,43.9453],[0.7707,43.9223],[0.8093,43.9323],[0.8401,43.9163],[0.8636,43.9236],[0.8898,43.9033],[0.8835,43.8753],[0.8994,43.8647],[0.8954,43.8403],[0.9259,43.8316],[0.9016,43.8036],[0.9225,43.7922],[0.954,43.7874],[0.9688,43.7592],[1.0069,43.7289],[1.0642,43.7028],[1.051,43.6778],[1.0877,43.645],[1.1148,43.6367],[1.1306,43.6427],[1.1581,43.6056],[1.181,43.614],[1.2013,43.5948],[1.1993,43.5692],[1.164,43.5724],[1.1544,43.5576],[1.1251,43.5544],[1.0971,43.5332],[1.0718,43.5463],[1.0578,43.527],[1.0609,43.5128],[1.0519,43.487],[1.0222,43.4792],[1.04,43.4629],[1.0322,43.4409],[1.019,43.4308],[1.0228,43.4117],[0.9938,43.408],[1.0025,43.3771],[0.9781,43.3627],[0.9643,43.3865],[0.9417,43.3841],[0.9173,43.4063],[0.8949,43.4053],[0.8624,43.4147],[0.8444,43.4099],[0.8205,43.417],[0.8063,43.4],[0.7704,43.4168],[0.7456,43.395],[0.7337,43.371],[0.7176,43.3766],[0.6694,43.3247],[0.6457,43.3121],[0.6068,43.3109],[0.5474,43.3293],[0.5043,43.3335],[0.498,43.3262],[0.445,43.3407],[0.443,43.3279],[0.3957,43.3336],[0.3883,43.3562],[0.3391,43.3435],[0.3283,43.3485],[0.3277,43.371],[0.3009,43.3718],[0.2784,43.3862],[0.2317,43.3677],[0.182,43.3712],[0.1738,43.4028],[0.1539,43.3993],[0.1375,43.434],[0.166,43.4427],[0.1493,43.4654],[0.135,43.4657],[0.1305,43.4949],[0.1121,43.5174],[0.0898,43.5102],[0.0806,43.5239],[0.0561,43.5188],[0.0296,43.5449],[0.0158,43.5434],[-0.0019,43.5655],[-0.0066,43.5943],[-0.0158,43.6047],[-0.074,43.6063],[-0.0772,43.5902],[-0.0968,43.5824],[-0.1216,43.5862],[-0.1604,43.5806],[-0.1729,43.5936],[-0.2047,43.5836],[-0.2106,43.5932],[-0.2428,43.585],[-0.2472,43.6159],[-0.2777,43.6162],[-0.2821,43.6431],[-0.2432,43.6545],[-0.2397,43.6712],[-0.2559,43.6798],[-0.2391,43.6939],[-0.2467,43.7107],[-0.2286,43.7154],[-0.1941,43.737],[-0.2061,43.7501],[-0.2271,43.8083],[-0.1925,43.8102],[-0.1986,43.8624],[-0.1946,43.8816],[-0.2344,43.899],[-0.2001,43.9148],[-0.176,43.9363],[-0.1663,43.9281],[-0.1247,43.9443],[-0.0724,43.9465],[-0.0465,43.961],[-0.0362,43.9837],[0.0014,43.9599],[0.0042,43.9434],[-0.0186,43.9314],[0.0308,43.9006],[0.0557,43.8976],[0.0725,43.9138],[0.071,43.9333],[0.0553,43.958],[0.076,43.9831]]]},"properties":{"code":"32","nom":"Gers"}},{"type":"Feature","geometry":{"type":"Polygon","coordinates":[[[-0.7188,45.3274],[-0.6443,45.322],[-0.5945,45.3211],[-0.569,45.3315],[-0.5706,45.2998],[-0.5136,45.2863],[-0.4862,45.2936],[-0.4405,45.2838],[-0.4154,45.2693],[-0.4084,45.2478],[-0.4208,45.2085],[-0.4028,45.1905],[-0.3971,45.1703],[-0.3797,45.1553],[-0.3636,45.1703],[-0.3384,45.1669],[-0.3206,45.1562],[-0.2754,45.1414],[-0.2468,45.1086],[-0.2182,45.1064],[-0.1892,45.0945],[-0.153,45.0888],[-0.1306,45.0967],[-0.1149,45.1139],[-0.0877,45.1214],[-0.0636,45.0991],[-0.0402,45.1024],[-0.0036,45.1196],[0.0408,45.1154],[0.0635,45.0956],[0.0733,45.0701],[0.0358,45.0112],[0.0401,44.9935],[0.0192,44.9803],[0.0032,44.9474],[0.0344,44.9155],[-0.0219,44.8507],[0.0187,44.8496],[0.0469,44.8246],[0.1066,44.8327],[0.1928,44.8208],[0.2063,44.8388],[0.2412,44.8565],[0.2377,44.8692],[0.2791,44.867],[0.3151,44.8454],[0.2841,44.8237],[0.2637,44.8263],[0.2742,44.7834],[0.2973,44.7623],[0.2557,44.7501],[0.2254,44.7619],[0.2015,44.7231],[0.1942,44.7431],[0.153,44.7305],[0.1334,44.7046],[0.1178,44.7128],[0.1022,44.6993],[0.1099,44.6842],[0.1344,44.6818],[0.1416,44.6655],[0.1622,44.6705],[0.1827,44.6611],[0.155,44.6152],[0.0862,44.5763],[0.0707,44.5493],[0.0369,44.5538],[0.0181,44.5298],[-0.0155,44.5051],[-0.0096,44.459],[0.0075,44.4471],[-0.012,44.4222],[-0.0029,44.4055],[0.0182,44.3899],[0.0147,44.3666],[-0.0121,44.3713],[-0.03,44.3605],[-0.0788,44.3537],[-0.0858,44.3376],[-0.0595,44.3214],[-0.0348,44.2967],[-0.033,44.2717],[-0.0534,44.2658],[-0.088,44.2389],[-0.1201,44.2367],[-0.1407,44.2264],[-0.1664,44.2416],[-0.1786,44.2612],[-0.226,44.2648],[-0.2234,44.2059],[-0.2721,44.1938],[-0.3113,44.2033],[-0.3896,44.2095],[-0.3962,44.2377],[-0.3834,44.2863],[-0.4047,44.2874],[-0.4301,44.3048],[-0.4318,44.3226],[-0.4789,44.3249],[-0.5176,44.3391],[-0.5281,44.3647],[-0.571,44.3825],[-0.6276,44.3981],[-0.6288,44.4432],[-0.676,44.4573],[-0.6819,44.4441],[-0.7307,44.4464],[-0.7724,44.4401],[-0.7788,44.4296],[-0.8124,44.4204],[-0.8433,44.4182],[-0.912,44.4369],[-0.9192,44.4433],[-0.9696,44.4294],[-1.008,44.4363],[-0.9807,44.4829],[-0.9912,44.5118],[-1.0266,44.5071],[-1.0852,44.5322],[-1.1065,44.5028],[-1.2539,44.4676],[-1.2517,44.5149],[-1.2586,44.5471],[-1.2274,44.5758],[-1.2035,44.6227],[-1.2042,44.64],[-1.1915,44.6607],[-1.1618,44.6634],[-1.1408,44.6472],[-1.0808,44.6406],[-1.066,44.6469],[-1.0168,44.6494],[-1.0248,44.6759],[-1.056,44.708],[-1.1067,44.7426],[-1.1172,44.744],[-1.1658,44.7753],[-1.18,44.7581],[-1.1738,44.7454],[-1.2206,44.7094],[-1.2378,44.6805],[-1.2462,44.6419],[-1.2621,44.6322],[-1.2517,44.712],[-1.2246,44.8538],[-1.2041,44.9898],[-1.1902,45.1076],[-1.1623,45.2979],[-1.1589,45.3576],[-1.1606,45.4107],[-1.1511,45.4416],[-1.157,45.4704],[-1.1364,45.511],[-1.1003,45.5416],[-1.0912,45.5624],[-1.0609,45.5597],[-1.04,45.5362],[-1.0394,45.5119],[-1.0053,45.4929],[-0.9741,45.4634],[-0.9339,45.4435],[-0.8975,45.4139],[-0.8381,45.378],[-0.8039,45.3484],[-0.7677,45.2897],[-0.7511,45.2481],[-0.7416,45.1895],[-0.6827,45.0787],[-0.6532,45.05],[-0.6085,45.0154],[-0.5907,45.0419],[-0.6359,45.0743],[-0.6522,45.1076],[-0.6678,45.1267],[-0.6699,45.1693],[-0.6882,45.2194],[-0.7037,45.2836],[-0.7188,45.3274]]]},"properties":{"code":"33","nom":"Gironde"}},{"type":"Feature","geometry":{"type":"Polygon","coordinates":[[[3.3584,43.9138],[3.4244,43.9116],[3.4393,43.8979],[3.4314,43.8726],[3.4627,43.8721],[3.4826,43.8899],[3.5133,43.8962],[3.5233,43.8859],[3.5307,43.8556],[3.5779,43.8439],[3.5994,43.8547],[3.5754,43.8655],[3.6236,43.917],[3.6725,43.9116],[3.6823,43.9474],[3.7322,43.972],[3.7438,43.9666],[3.7837,43.9677],[3.7965,43.9436],[3.8203,43.9424],[3.829,43.9245],[3.7995,43.8908],[3.8061,43.8779],[3.8493,43.8682],[3.8583,43.8771],[3.9196,43.8813],[3.9221,43.8584],[3.9726,43.8372],[3.9617,43.8168],[3.9743,43.8015],[4.002,43.8115],[4.0535,43.7856],[4.054,43.7722],[4.0856,43.7675],[4.114,43.7377],[4.1448,43.7339],[4.1636,43.7066],[4.1628,43.6873],[4.1945,43.6534],[4.191,43.6392],[4.1688,43.609],[4.124,43.589],[4.0989,43.5852],[4.1094,43.5685],[4.101,43.5544],[4.0561,43.5575],[4.0112,43.5524],[3.9686,43.54],[3.9071,43.5168],[3.8512,43.4865],[3.7967,43.441],[3.7249,43.4158],[3.7256,43.4012],[3.6928,43.3929],[3.6622,43.3923],[3.6026,43.3554],[3.5582,43.3189],[3.5098,43.2719],[3.4672,43.2768],[3.4303,43.2902],[3.3869,43.2841],[3.3439,43.2704],[3.2634,43.2289],[3.2406,43.2128],[3.2103,43.2356],[3.201,43.2492],[3.1754,43.2437],[3.1472,43.247],[3.122,43.2616],[3.1109,43.2535],[3.0783,43.2618],[3.0549,43.2797],[3.0059,43.2849],[3.0043,43.3201],[2.9469,43.3121],[2.8867,43.3299],[2.8902,43.3654],[2.872,43.3732],[2.8683,43.3296],[2.8386,43.3221],[2.7918,43.293],[2.7869,43.2735],[2.7722,43.2578],[2.7525,43.2546],[2.7379,43.2673],[2.7002,43.2823],[2.7068,43.2937],[2.6936,43.3205],[2.6588,43.294],[2.6016,43.2987],[2.5848,43.3336],[2.5474,43.3387],[2.5568,43.3671],[2.5532,43.3816],[2.5692,43.4003],[2.5935,43.4126],[2.5658,43.423],[2.6083,43.4333],[2.6404,43.4562],[2.6652,43.4656],[2.6549,43.4969],[2.6556,43.5266],[2.6156,43.5666],[2.6307,43.582],[2.6143,43.5992],[2.6286,43.6101],[2.6447,43.6545],[2.7202,43.6454],[2.7545,43.6141],[2.7949,43.6244],[2.8159,43.6401],[2.9074,43.6542],[2.9197,43.6622],[2.9191,43.6875],[2.9355,43.6947],[2.9466,43.6929],[2.9848,43.7089],[3.0335,43.6921],[3.0602,43.6929],[3.0681,43.7087],[3.0535,43.7162],[3.0531,43.7462],[3.0759,43.7685],[3.0571,43.7826],[3.0494,43.8038],[3.0603,43.8094],[3.0599,43.8316],[3.0892,43.8348],[3.1292,43.8169],[3.2097,43.813],[3.249,43.8296],[3.2511,43.8421],[3.2345,43.8576],[3.2751,43.8984],[3.3179,43.891],[3.3584,43.9138]]]},"properties":{"code":"34","nom":"Hérault"}},{"type":"Feature","geometry":{"type":"MultiPolygon","coordinates":[[[[-2.1237,48.6044],[-2.1414,48.6315],[-2.111,48.6394],[-2.0731,48.6398],[-2.0551,48.6273],[-2.0303,48.623],[-2.0336,48.6095],[-2.0135,48.5875],[-2.0069,48.5661],[-2.0462,48.544],[-2.0448,48.5642],[-2.0925,48.5725],[-2.1233,48.589],[-2.1237,48.6044]]],[[[-1.948,48.5388],[-1.9611,48.5503],[-1.992,48.5941],[-2.0087,48.6076],[-2.026,48.6344],[-2.026,48.6515],[-1.9952,48.6601],[-1.9698,48.6863],[-1.9381,48.6945],[-1.9058,48.6905],[-1.8905,48.6989],[-1.8486,48.6947],[-1.8364,48.6812],[-1.8627,48.6673],[-1.8717,48.6474],[-1.8451,48.6164],[-1.774,48.6035],[-1.6611,48.6107],[-1.5711,48.6264],[-1.5396,48.5999],[-1.543,48.5804],[-1.5189,48.5666],[-1.5333,48.548],[-1.5196,48.54],[-1.4956,48.5089],[-1.4899,48.4894],[-1.4493,48.4861],[-1.4291,48.4626],[-1.3826,48.4568],[-1.3447,48.4731],[-1.3287,48.4962],[-1.2792,48.5092],[-1.2722,48.5339],[-1.2066,48.5422],[-1.1884,48.5287],[-1.171,48.5311],[-1.1471,48.5175],[-1.1305,48.5217],[-1.0702,48.5085],[-1.0757,48.4994],[-1.0658,48.4512],[-1.083,48.4336],[-1.0771,48.4117],[-1.0539,48.384],[-1.0646,48.3683],[-1.045,48.3277],[-1.0821,48.2984],[-1.1015,48.2618],[-1.0737,48.2008],[-1.0796,48.1835],[-1.0603,48.1501],[-1.0496,48.0898],[-1.0233,48.0689],[-1.0347,48.0336],[-1.0182,48.0123],[-1.0213,47.9949],[-1.071,47.9818],[-1.1027,47.9891],[-1.1261,47.9733],[-1.154,47.9658],[-1.1595,47.9392],[-1.1762,47.8974],[-1.1966,47.8893],[-1.1892,47.8675],[-1.214,47.8443],[-1.216,47.8312],[-1.2383,47.81],[-1.2459,47.7767],[-1.3185,47.7923],[-1.3606,47.7984],[-1.3904,47.8283],[-1.4178,47.8275],[-1.4652,47.8346],[-1.4753,47.8254],[-1.4666,47.8075],[-1.5042,47.8009],[-1.5281,47.7858],[-1.5934,47.7761],[-1.6164,47.7642],[-1.6356,47.7427],[-1.6382,47.7223],[-1.6556,47.7105],[-1.6911,47.7128],[-1.7237,47.6987],[-1.752,47.7074],[-1.7724,47.6985],[-1.8225,47.7063],[-1.864,47.707],[-1.9363,47.6866],[-1.9546,47.6717],[-1.9691,47.6884],[-2.0094,47.6714],[-2.0357,47.6685],[-2.0506,47.6511],[-2.0747,47.6517],[-2.097,47.6314],[-2.1143,47.6495],[-2.1044,47.6768],[-2.1227,47.6827],[-2.1193,47.7106],[-2.1315,47.7222],[-2.1087,47.7366],[-2.0587,47.7383],[-2.0847,47.7627],[-2.1282,47.7614],[-2.0723,47.7904],[-2.0705,47.8114],[-2.0495,47.8169],[-2.0358,47.8323],[-2.0516,47.8406],[-2.0516,47.8588],[-2.0912,47.8434],[-2.0963,47.8626],[-2.1163,47.881],[-2.1049,47.9024],[-2.0847,47.9054],[-2.0791,47.9195],[-2.0987,47.9355],[-2.1112,47.9593],[-2.144,47.9835],[-2.1741,47.9798],[-2.2048,47.9941],[-2.2329,47.9989],[-2.2829,47.9909],[-2.2796,48.0264],[-2.2419,48.0528],[-2.1937,48.0514],[-2.1704,48.0636],[-2.1874,48.081],[-2.2332,48.0756],[-2.2554,48.0657],[-2.2555,48.1094],[-2.2873,48.1337],[-2.2832,48.1453],[-2.2482,48.1528],[-2.2247,48.1706],[-2.2198,48.2021],[-2.1844,48.2131],[-2.187,48.2464],[-2.1629,48.2563],[-2.1269,48.2598],[-2.1101,48.2529],[-2.0763,48.2837],[-2.0533,48.2983],[-2.0141,48.2795],[-1.9983,48.297],[-1.9548,48.3171],[-1.9669,48.3428],[-1.9291,48.347],[-1.9477,48.3689],[-1.9385,48.3914],[-1.9368,48.4201],[-1.9519,48.4292],[-1.9486,48.4465],[-1.9239,48.4609],[-1.9269,48.4769],[-1.911,48.5174],[-1.9251,48.5453],[-1.948,48.5388]]]]},"properties":{"code":"35","nom":"Ille-et-Vilaine"}},{"type":"Feature","geometry":{"type":"Polygon","coordinates":[[[1.3267,47.1862],[1.4014,47.2124],[1.4241,47.2295],[1.4485,47.238],[1.4816,47.2392],[1.5245,47.226],[1.5395,47.2565],[1.5663,47.2616],[1.591,47.2575],[1.5924,47.2767],[1.6504,47.2732],[1.6659,47.2578],[1.7058,47.2659],[1.716,47.2768],[1.7398,47.2549],[1.7761,47.2314],[1.8088,47.2339],[1.8391,47.2193],[1.8422,47.1776],[1.8235,47.1739],[1.8101,47.1562],[1.7776,47.1324],[1.7937,47.1209],[1.8227,47.1221],[1.8489,47.1094],[1.8827,47.1019],[1.9184,47.1048],[1.9664,47.1254],[1.9967,47.127],[2.0245,47.1044],[2.0484,47.106],[2.0557,47.0717],[2.0297,47.0475],[2.0934,47.0157],[2.1089,46.9972],[2.0702,46.9544],[2.0707,46.934],[2.11,46.9134],[2.146,46.9175],[2.1548,46.9116],[2.139,46.8886],[2.1069,46.8721],[2.0782,46.8389],[2.0488,46.8294],[2.0725,46.8088],[2.1032,46.7954],[2.1166,46.7797],[2.093,46.755],[2.0658,46.7425],[2.1113,46.7116],[2.1554,46.6922],[2.1387,46.6674],[2.1894,46.6421],[2.1875,46.6167],[2.1671,46.589],[2.1732,46.5662],[2.1587,46.5573],[2.1811,46.529],[2.2044,46.4844],[2.1932,46.4703],[2.1565,46.4615],[2.1543,46.4341],[2.1678,46.4241],[2.1297,46.4199],[2.0889,46.4089],[2.0742,46.4198],[2.0444,46.4213],[1.9931,46.4309],[1.9781,46.4398],[1.9243,46.4319],[1.9092,46.4435],[1.8834,46.4326],[1.8195,46.43],[1.7984,46.4548],[1.7476,46.45],[1.7601,46.4276],[1.7277,46.3894],[1.7109,46.3921],[1.6836,46.4182],[1.6448,46.3868],[1.6143,46.4053],[1.5697,46.4055],[1.5462,46.3935],[1.544,46.4169],[1.5223,46.4265],[1.4629,46.3754],[1.4354,46.3638],[1.4152,46.3472],[1.409,46.3613],[1.3835,46.3748],[1.356,46.4001],[1.3223,46.3897],[1.3031,46.371],[1.2604,46.3788],[1.2192,46.3659],[1.2048,46.3877],[1.1773,46.384],[1.211,46.4294],[1.1516,46.4492],[1.153,46.473],[1.135,46.4953],[1.1491,46.5022],[1.1083,46.5315],[1.0876,46.5382],[1.0206,46.5371],[1.0148,46.5678],[0.9872,46.5656],[0.9408,46.5814],[0.9159,46.5966],[0.8943,46.6257],[0.9065,46.6477],[0.9084,46.6827],[0.928,46.6954],[0.901,46.7361],[0.8675,46.7482],[0.8846,46.7549],[0.9252,46.7572],[0.947,46.7367],[0.959,46.7378],[0.9834,46.7642],[1.0117,46.7578],[0.9872,46.7982],[1.0032,46.8141],[1.0223,46.8639],[1.0338,46.9075],[1.038,46.942],[1.0635,46.9573],[1.0499,46.9806],[1.0736,47.0027],[1.084,47.021],[1.1103,47.0292],[1.1321,47.0276],[1.1819,47.0408],[1.1956,47.0295],[1.2531,47.0218],[1.2776,47.0404],[1.2938,47.0723],[1.3122,47.0719],[1.3188,47.1049],[1.3557,47.1088],[1.3654,47.1221],[1.3467,47.1688],[1.3267,47.1862]]]},"properties":{"code":"36","nom":"Indre"}},{"type":"Feature","geometry":{"type":"Polygon","coordinates":[[[0.6144,47.6942],[0.6313,47.7091],[0.6748,47.699],[0.701,47.6846],[0.7387,47.6961],[0.7689,47.685],[0.835,47.6772],[0.8595,47.6692],[0.8437,47.6455],[0.8639,47.5996],[0.8989,47.6047],[0.919,47.6326],[0.9918,47.62],[0.9867,47.5907],[1.0037,47.5844],[1.0148,47.6047],[1.0334,47.607],[1.0763,47.5632],[1.0464,47.5367],[1.0739,47.5121],[1.0945,47.4693],[1.1129,47.4659],[1.1334,47.4489],[1.1144,47.4284],[1.0937,47.4291],[1.1215,47.3824],[1.1044,47.3702],[1.1229,47.3564],[1.1063,47.3311],[1.0949,47.3285],[1.1079,47.2995],[1.1275,47.2968],[1.1623,47.2723],[1.1732,47.2853],[1.1941,47.283],[1.2233,47.2942],[1.2433,47.2739],[1.2754,47.2567],[1.2946,47.2374],[1.3267,47.1862],[1.3467,47.1688],[1.3654,47.1221],[1.3557,47.1088],[1.3188,47.1049],[1.3122,47.0719],[1.2938,47.0723],[1.2776,47.0404],[1.2531,47.0218],[1.1956,47.0295],[1.1819,47.0408],[1.1321,47.0276],[1.1103,47.0292],[1.084,47.021],[1.0736,47.0027],[1.0499,46.9806],[1.0635,46.9573],[1.038,46.942],[1.0338,46.9075],[1.0223,46.8639],[1.0032,46.8141],[0.9872,46.7982],[1.0117,46.7578],[0.9834,46.7642],[0.959,46.7378],[0.947,46.7367],[0.9252,46.7572],[0.8846,46.7549],[0.8675,46.7482],[0.828,46.7768],[0.8119,46.7945],[0.8093,46.8279],[0.7521,46.8609],[0.7043,46.9033],[0.7063,46.9372],[0.6926,46.9743],[0.6362,46.9855],[0.6189,47.0075],[0.5669,47.0023],[0.5783,46.9798],[0.6012,46.9731],[0.6016,46.9591],[0.5644,46.9555],[0.5393,46.9602],[0.5027,46.9579],[0.4448,46.9411],[0.4387,46.9296],[0.3665,46.9496],[0.3248,46.9307],[0.3112,46.9378],[0.3007,46.9738],[0.3082,46.9999],[0.2987,47.0196],[0.3093,47.0441],[0.2982,47.0539],[0.2719,47.0464],[0.2455,47.0713],[0.208,47.0532],[0.1742,47.0713],[0.201,47.0913],[0.1815,47.1144],[0.1569,47.1033],[0.1347,47.1079],[0.1361,47.1216],[0.0764,47.1239],[0.0538,47.1637],[0.0666,47.1898],[0.0533,47.1972],[0.0725,47.2205],[0.0679,47.2473],[0.0786,47.2839],[0.1175,47.3323],[0.1473,47.3454],[0.1494,47.3623],[0.183,47.3803],[0.168,47.3869],[0.1676,47.4054],[0.1853,47.4247],[0.1812,47.4526],[0.2092,47.4937],[0.2201,47.502],[0.2248,47.5273],[0.2015,47.5443],[0.215,47.5706],[0.2345,47.578],[0.23,47.6084],[0.2593,47.6123],[0.278,47.5974],[0.3231,47.593],[0.3396,47.5795],[0.3785,47.5685],[0.4026,47.5785],[0.397,47.594],[0.3647,47.626],[0.3963,47.6408],[0.4239,47.6178],[0.4499,47.6193],[0.4566,47.6388],[0.4984,47.6448],[0.5168,47.6549],[0.5446,47.6566],[0.5599,47.6708],[0.5848,47.6686],[0.6148,47.6827],[0.6144,47.6942]]]},"properties":{"code":"37","nom":"Indre-et-Loire"}},{"type":"Feature","geometry":{"type":"Polygon","coordinates":[[[5.6237,45.6133],[5.623,45.6043],[5.6752,45.5524],[5.6717,45.5366],[5.6902,45.5281],[5.7122,45.5051],[5.7191,45.4842],[5.7364,45.4725],[5.732,45.4528],[5.7401,45.4373],[5.7821,45.4407],[5.8203,45.4212],[5.8543,45.4166],[5.8797,45.4068],[5.891,45.3922],[5.9096,45.3904],[5.9016,45.418],[5.9206,45.4461],[5.9255,45.4661],[5.9154,45.4764],[5.9662,45.4923],[5.9912,45.4752],[6.0109,45.4732],[6.0085,45.4538],[6.0498,45.4379],[6.091,45.444],[6.0974,45.4321],[6.1325,45.4334],[6.1447,45.4136],[6.1775,45.3932],[6.1948,45.3522],[6.1845,45.3179],[6.1602,45.3125],[6.1319,45.2883],[6.1409,45.2619],[6.1257,45.2443],[6.1595,45.2025],[6.1619,45.1884],[6.1438,45.1546],[6.1613,45.151],[6.1892,45.1637],[6.2277,45.1427],[6.2489,45.1497],[6.2654,45.1396],[6.2606,45.1268],[6.2294,45.1088],[6.243,45.0691],[6.2201,45.0654],[6.2039,45.0125],[6.2518,44.9967],[6.3002,45.004],[6.3218,45.0001],[6.3148,44.9802],[6.3285,44.9697],[6.329,44.9473],[6.3588,44.9413],[6.3546,44.9236],[6.3584,44.8921],[6.3508,44.8812],[6.3547,44.856],[6.3363,44.8484],[6.3007,44.8735],[6.2694,44.8705],[6.2505,44.8527],[6.1964,44.859],[6.1708,44.8542],[6.1284,44.8619],[6.1119,44.8441],[6.0569,44.8165],[6.0302,44.8381],[6.0049,44.8204],[5.9792,44.8186],[5.9495,44.8045],[5.9778,44.791],[5.9801,44.7812],[5.9222,44.7541],[5.9001,44.7583],[5.8888,44.7488],[5.8468,44.7516],[5.8278,44.7401],[5.8015,44.7068],[5.7571,44.696],[5.7388,44.7124],[5.7087,44.7209],[5.6471,44.7241],[5.6271,44.7525],[5.5839,44.7653],[5.582,44.7779],[5.5386,44.7744],[5.4642,44.7924],[5.4848,44.8231],[5.4638,44.826],[5.4751,44.8676],[5.4836,44.9223],[5.4777,44.9668],[5.4931,44.9965],[5.4805,45.0139],[5.4662,45.0537],[5.483,45.0838],[5.4594,45.0844],[5.4498,45.0708],[5.3884,45.0361],[5.3439,45.0499],[5.3171,45.0514],[5.3006,45.0626],[5.2484,45.0609],[5.2261,45.0792],[5.1833,45.0849],[5.1712,45.069],[5.1486,45.0752],[5.1629,45.0984],[5.1874,45.1208],[5.1886,45.1713],[5.1653,45.1999],[5.1846,45.2312],[5.1765,45.2484],[5.1214,45.2483],[5.1385,45.2962],[5.0754,45.2818],[5.0543,45.3191],[5.0199,45.3201],[5.0097,45.3422],[4.9892,45.344],[4.9609,45.3294],[4.9278,45.3225],[4.8797,45.2969],[4.8588,45.309],[4.8005,45.2984],[4.7699,45.316],[4.7614,45.3406],[4.7726,45.3549],[4.756,45.3657],[4.7558,45.3964],[4.7448,45.4213],[4.7587,45.4311],[4.7569,45.4557],[4.7759,45.4542],[4.7823,45.4722],[4.8413,45.5006],[4.8685,45.5234],[4.8644,45.5373],[4.8401,45.5433],[4.8087,45.5723],[4.8281,45.5879],[4.8528,45.5789],[4.8645,45.5936],[4.9015,45.6063],[4.9275,45.6057],[4.972,45.6127],[4.998,45.6034],[5.0047,45.6231],[5.0381,45.6151],[5.0351,45.6372],[5.0581,45.6532],[5.0595,45.6651],[5.1081,45.688],[5.1311,45.7077],[5.1594,45.7089],[5.126,45.7379],[5.0945,45.7395],[5.0931,45.7661],[5.0684,45.7655],[5.0593,45.792],[5.0893,45.7843],[5.1011,45.8134],[5.1604,45.8023],[5.1769,45.7935],[5.1915,45.7717],[5.2211,45.7685],[5.2669,45.7894],[5.2889,45.8111],[5.302,45.8476],[5.3293,45.8636],[5.351,45.8837],[5.4131,45.8522],[5.4349,45.8311],[5.4225,45.8073],[5.4574,45.781],[5.4825,45.7546],[5.5162,45.7323],[5.5257,45.7167],[5.5455,45.7136],[5.5758,45.6918],[5.5527,45.6799],[5.5864,45.6671],[5.6027,45.6515],[5.6237,45.6133]]]},"properties":{"code":"38","nom":"Isère"}},{"type":"Feature","geometry":{"type":"Polygon","coordinates":[[[5.5185,47.3042],[5.5317,47.2844],[5.5721,47.2684],[5.5745,47.2541],[5.6021,47.2605],[5.6411,47.2559],[5.676,47.2757],[5.6987,47.265],[5.7197,47.2404],[5.7204,47.2199],[5.754,47.2062],[5.7616,47.1934],[5.7864,47.1881],[5.7853,47.173],[5.8115,47.1691],[5.8207,47.1444],[5.8046,47.1133],[5.7685,47.0894],[5.7847,47.0549],[5.7409,47.0311],[5.7495,47.0172],[5.7877,47.0206],[5.8101,47.0468],[5.8183,47.0163],[5.8387,47.0089],[5.9111,46.9995],[5.9289,46.9816],[5.9454,46.9889],[5.9686,46.9804],[5.9798,46.9635],[5.9641,46.9481],[5.9966,46.9335],[5.9826,46.9085],[6.0117,46.8889],[6.0058,46.8731],[6.0262,46.8641],[6.034,46.8496],[6.0657,46.8597],[6.091,46.8419],[6.1342,46.8261],[6.1757,46.8002],[6.2067,46.7661],[6.1853,46.7551],[6.1803,46.7416],[6.14,46.7253],[6.113,46.7077],[6.0698,46.6895],[6.1055,46.6505],[6.0592,46.6261],[6.0486,46.6077],[6.1314,46.5537],[6.1381,46.5577],[6.1564,46.5455],[6.1127,46.5096],[6.0968,46.4812],[6.0739,46.4639],[6.0858,46.441],[6.064,46.4162],[6.0295,46.3868],[5.9836,46.3624],[5.9414,46.3094],[5.918,46.3092],[5.9089,46.284],[5.8946,46.2866],[5.8784,46.2692],[5.8498,46.2621],[5.7657,46.2683],[5.7252,46.2607],[5.715,46.2818],[5.7147,46.3088],[5.6846,46.3109],[5.6494,46.3395],[5.6176,46.3291],[5.5974,46.2972],[5.5664,46.2941],[5.542,46.2702],[5.5203,46.2642],[5.4731,46.2651],[5.4568,46.2745],[5.4751,46.315],[5.4669,46.3233],[5.4378,46.3151],[5.4258,46.3389],[5.402,46.339],[5.3735,46.3522],[5.3756,46.3802],[5.3414,46.4018],[5.2988,46.4127],[5.3195,46.4308],[5.3106,46.4468],[5.3234,46.4625],[5.3733,46.4601],[5.4157,46.4731],[5.4078,46.5001],[5.3848,46.5156],[5.3592,46.5226],[5.3696,46.5803],[5.4057,46.5817],[5.4171,46.6155],[5.4411,46.6375],[5.4155,46.655],[5.4221,46.673],[5.3954,46.6851],[5.4078,46.6959],[5.3936,46.7286],[5.3611,46.731],[5.3664,46.7513],[5.3904,46.7678],[5.3529,46.7932],[5.3329,46.7961],[5.3286,46.813],[5.4098,46.8325],[5.4489,46.8263],[5.4628,46.8408],[5.4593,46.8552],[5.4184,46.8603],[5.4018,46.8683],[5.4034,46.89],[5.3908,46.8944],[5.3634,46.8833],[5.3287,46.8902],[5.3069,46.9246],[5.3085,46.9374],[5.2748,46.9348],[5.2602,46.9456],[5.2552,46.9799],[5.2789,46.999],[5.3029,47.003],[5.31,47.018],[5.2753,47.0269],[5.2839,47.0479],[5.3222,47.073],[5.386,47.082],[5.4107,47.1141],[5.4087,47.1261],[5.44,47.1444],[5.4592,47.1834],[5.448,47.1962],[5.48,47.2174],[5.474,47.2311],[5.486,47.251],[5.4883,47.2893],[5.5047,47.2857],[5.5185,47.3042]]]},"properties":{"code":"39","nom":"Jura"}},{"type":"Feature","geometry":{"type":"Polygon","coordinates":[[[-0.2428,43.585],[-0.2764,43.5848],[-0.3037,43.5603],[-0.336,43.5509],[-0.3536,43.5618],[-0.406,43.5682],[-0.452,43.5504],[-0.4634,43.5666],[-0.4335,43.5803],[-0.4499,43.5957],[-0.5077,43.5692],[-0.5106,43.5632],[-0.5572,43.5428],[-0.5671,43.5582],[-0.6008,43.5382],[-0.6708,43.5667],[-0.701,43.561],[-0.7181,43.5406],[-0.7683,43.5795],[-0.7818,43.5642],[-0.8427,43.5536],[-0.8556,43.5419],[-0.8967,43.5505],[-0.9509,43.5321],[-0.9758,43.5393],[-0.9899,43.5335],[-0.9934,43.5054],[-1.0265,43.5034],[-1.0736,43.5194],[-1.1092,43.5141],[-1.1196,43.5015],[-1.1626,43.4915],[-1.164,43.5084],[-1.1316,43.5107],[-1.1708,43.5456],[-1.1956,43.5461],[-1.2173,43.5307],[-1.2889,43.4987],[-1.3275,43.5049],[-1.3679,43.4949],[-1.4154,43.4972],[-1.4311,43.5146],[-1.4641,43.5198],[-1.4766,43.5393],[-1.5014,43.5269],[-1.5249,43.5297],[-1.4919,43.5723],[-1.46,43.6203],[-1.4424,43.6644],[-1.4365,43.7106],[-1.4102,43.8032],[-1.3753,43.9123],[-1.3377,44.0542],[-1.316,44.13],[-1.2775,44.3192],[-1.2539,44.4676],[-1.1065,44.5028],[-1.0852,44.5322],[-1.0266,44.5071],[-0.9912,44.5118],[-0.9807,44.4829],[-1.008,44.4363],[-0.9696,44.4294],[-0.9192,44.4433],[-0.912,44.4369],[-0.8433,44.4182],[-0.8124,44.4204],[-0.7788,44.4296],[-0.7724,44.4401],[-0.7307,44.4464],[-0.6819,44.4441],[-0.676,44.4573],[-0.6288,44.4432],[-0.6276,44.3981],[-0.571,44.3825],[-0.5281,44.3647],[-0.5176,44.3391],[-0.4789,44.3249],[-0.4318,44.3226],[-0.4301,44.3048],[-0.4047,44.2874],[-0.3834,44.2863],[-0.3962,44.2377],[-0.3896,44.2095],[-0.3113,44.2033],[-0.2721,44.1938],[-0.2234,44.2059],[-0.226,44.2648],[-0.1786,44.2612],[-0.1664,44.2416],[-0.1407,44.2264],[-0.1295,44.2039],[-0.1292,44.1524],[-0.1052,44.1551],[-0.0599,44.1508],[-0.0035,44.1499],[0.0346,44.1307],[0.1358,44.1242],[0.1367,44.1099],[0.1018,44.0878],[0.0943,44.0656],[0.0627,44.0008],[0.076,43.9831],[0.0553,43.958],[0.071,43.9333],[0.0725,43.9138],[0.0557,43.8976],[0.0308,43.9006],[-0.0186,43.9314],[0.0042,43.9434],[0.0014,43.9599],[-0.0362,43.9837],[-0.0465,43.961],[-0.0724,43.9465],[-0.1247,43.9443],[-0.1663,43.9281],[-0.176,43.9363],[-0.2001,43.9148],[-0.2344,43.899],[-0.1946,43.8816],[-0.1986,43.8624],[-0.1925,43.8102],[-0.2271,43.8083],[-0.2061,43.7501],[-0.1941,43.737],[-0.2286,43.7154],[-0.2467,43.7107],[-0.2391,43.6939],[-0.2559,43.6798],[-0.2397,43.6712],[-0.2432,43.6545],[-0.2821,43.6431],[-0.2777,43.6162],[-0.2472,43.6159],[-0.2428,43.585]]]},"properties":{"code":"40","nom":"Landes"}},{"type":"Feature","geometry":{"type":"Polygon","coordinates":[[[0.8412,48.1031],[0.8759,48.1094],[0.8909,48.1021],[0.944,48.1124],[0.9503,48.0993],[0.9813,48.1196],[1.0125,48.1325],[1.0387,48.1317],[1.0456,48.1176],[0.9915,48.0974],[1.0085,48.0831],[1.026,48.0884],[1.1032,48.0811],[1.1227,48.036],[1.1666,48.0274],[1.1696,48.0067],[1.2096,47.9685],[1.2457,47.9793],[1.2627,47.9628],[1.2996,47.9682],[1.3086,47.9539],[1.3437,47.9575],[1.37,47.9537],[1.3869,47.9813],[1.4069,47.9701],[1.4372,47.9765],[1.4397,48.0119],[1.5201,47.9823],[1.5648,47.9898],[1.5655,47.9742],[1.5255,47.9423],[1.5254,47.9291],[1.5572,47.9185],[1.5814,47.9019],[1.5881,47.8764],[1.5579,47.8481],[1.5351,47.8395],[1.5337,47.8205],[1.5705,47.7966],[1.5713,47.787],[1.5479,47.7698],[1.6086,47.7339],[1.6266,47.761],[1.6753,47.7386],[1.7113,47.7319],[1.7281,47.6996],[1.7399,47.6615],[1.782,47.6523],[1.8452,47.6571],[1.8437,47.6864],[1.8701,47.6742],[1.8995,47.6732],[1.9341,47.6794],[1.9434,47.6601],[2.0016,47.6687],[2.008,47.6773],[2.0665,47.6743],[2.0713,47.6816],[2.1398,47.6774],[2.1485,47.6704],[2.2026,47.6781],[2.22,47.6679],[2.241,47.6373],[2.2392,47.621],[2.1979,47.6072],[2.1537,47.6008],[2.1196,47.583],[2.1313,47.5503],[2.1956,47.5486],[2.2153,47.5221],[2.2179,47.4953],[2.2477,47.4917],[2.237,47.4713],[2.2479,47.4414],[2.2437,47.4148],[2.2052,47.4053],[2.1886,47.4377],[2.1428,47.4089],[2.117,47.4101],[2.1037,47.3932],[2.1282,47.3317],[2.1516,47.3107],[2.139,47.2855],[2.1117,47.2794],[2.0773,47.2858],[2.0311,47.2698],[1.9985,47.264],[1.9408,47.2901],[1.9215,47.2627],[1.8948,47.2547],[1.9166,47.236],[1.9038,47.2152],[1.873,47.2053],[1.8555,47.2204],[1.8391,47.2193],[1.8088,47.2339],[1.7761,47.2314],[1.7398,47.2549],[1.716,47.2768],[1.7058,47.2659],[1.6659,47.2578],[1.6504,47.2732],[1.5924,47.2767],[1.591,47.2575],[1.5663,47.2616],[1.5395,47.2565],[1.5245,47.226],[1.4816,47.2392],[1.4485,47.238],[1.4241,47.2295],[1.4014,47.2124],[1.3267,47.1862],[1.2946,47.2374],[1.2754,47.2567],[1.2433,47.2739],[1.2233,47.2942],[1.1941,47.283],[1.1732,47.2853],[1.1623,47.2723],[1.1275,47.2968],[1.1079,47.2995],[1.0949,47.3285],[1.1063,47.3311],[1.1229,47.3564],[1.1044,47.3702],[1.1215,47.3824],[1.0937,47.4291],[1.1144,47.4284],[1.1334,47.4489],[1.1129,47.4659],[1.0945,47.4693],[1.0739,47.5121],[1.0464,47.5367],[1.0763,47.5632],[1.0334,47.607],[1.0148,47.6047],[1.0037,47.5844],[0.9867,47.5907],[0.9918,47.62],[0.919,47.6326],[0.8989,47.6047],[0.8639,47.5996],[0.8437,47.6455],[0.8595,47.6692],[0.835,47.6772],[0.7689,47.685],[0.7387,47.6961],[0.701,47.6846],[0.6748,47.699],[0.6313,47.7091],[0.6144,47.6942],[0.5805,47.7123],[0.6116,47.7281],[0.6207,47.7475],[0.6513,47.7553],[0.7249,47.7989],[0.7452,47.8262],[0.7746,47.8397],[0.7573,47.8912],[0.7805,47.9104],[0.8091,47.9107],[0.8171,47.9345],[0.8455,47.9413],[0.8377,47.9687],[0.8187,47.9893],[0.8324,47.9966],[0.8405,48.021],[0.7976,48.0372],[0.8012,48.0715],[0.843,48.0726],[0.8412,48.1031]]]},"properties":{"code":"41","nom":"Loir-et-Cher"}},{"type":"Feature","geometry":{"type":"Polygon","coordinates":[[[3.8995,46.2759],[3.9094,46.2577],[3.8901,46.2145],[3.9136,46.2069],[3.9725,46.2027],[3.9818,46.1763],[4.0305,46.1698],[4.052,46.1817],[4.1041,46.1984],[4.1334,46.1773],[4.1884,46.1751],[4.1845,46.188],[4.2079,46.1948],[4.2247,46.178],[4.2574,46.1847],[4.2571,46.1573],[4.2818,46.1566],[4.2923,46.1725],[4.3157,46.172],[4.3622,46.1956],[4.3881,46.2198],[4.4226,46.2026],[4.396,46.1891],[4.4386,46.1679],[4.4108,46.1366],[4.3803,46.15],[4.3616,46.1385],[4.3216,46.1292],[4.3062,46.102],[4.3097,46.0797],[4.2857,46.0535],[4.2543,46.0527],[4.2622,46.0354],[4.3125,46.0056],[4.3006,45.9913],[4.2492,45.9954],[4.2981,45.9657],[4.2939,45.9534],[4.3452,45.9281],[4.3454,45.9154],[4.3232,45.9039],[4.3422,45.8772],[4.3573,45.8678],[4.3962,45.86],[4.3762,45.8246],[4.3759,45.7821],[4.3494,45.7713],[4.3735,45.7495],[4.398,45.7514],[4.3738,45.7118],[4.3659,45.6712],[4.3917,45.6629],[4.4103,45.6321],[4.4405,45.6235],[4.4494,45.6073],[4.5012,45.5855],[4.5211,45.5728],[4.5686,45.5835],[4.5829,45.5747],[4.6252,45.5691],[4.6369,45.5456],[4.6723,45.5703],[4.685,45.5544],[4.6505,45.5283],[4.6618,45.4868],[4.7002,45.4783],[4.7218,45.4944],[4.7394,45.4866],[4.7569,45.4557],[4.7587,45.4311],[4.7448,45.4213],[4.7558,45.3964],[4.756,45.3657],[4.7258,45.3618],[4.7004,45.3457],[4.6801,45.3463],[4.6145,45.3098],[4.621,45.2912],[4.5986,45.2895],[4.5906,45.273],[4.6024,45.2517],[4.5655,45.248],[4.5405,45.2348],[4.4831,45.2364],[4.4186,45.2754],[4.3697,45.2604],[4.3582,45.2813],[4.3656,45.3011],[4.3319,45.3181],[4.3663,45.3371],[4.3462,45.3623],[4.3082,45.3708],[4.2907,45.3586],[4.2717,45.3598],[4.2445,45.3849],[4.2264,45.3897],[4.1933,45.3846],[4.1788,45.3925],[4.1498,45.3846],[4.154,45.3646],[4.1214,45.3691],[4.0835,45.3581],[4.0624,45.3391],[4.0433,45.3559],[4.0161,45.3286],[4.0026,45.3559],[3.9859,45.3718],[3.9374,45.372],[3.9169,45.3394],[3.8974,45.3571],[3.8892,45.3945],[3.8992,45.4103],[3.9601,45.4434],[3.9728,45.4614],[3.9666,45.4722],[3.9844,45.4941],[3.9648,45.5032],[3.9459,45.5445],[3.9543,45.556],[3.9355,45.5768],[3.9036,45.599],[3.8847,45.6028],[3.8617,45.6227],[3.8235,45.6324],[3.7769,45.6908],[3.7828,45.7067],[3.7587,45.746],[3.7271,45.7555],[3.7311,45.7748],[3.6907,45.7922],[3.7116,45.7996],[3.7253,45.8271],[3.7315,45.8702],[3.7544,45.886],[3.7235,45.9219],[3.694,45.9307],[3.6938,45.9495],[3.7089,45.9738],[3.7413,45.966],[3.778,45.9718],[3.8238,45.9874],[3.8284,45.9995],[3.8068,46.0456],[3.807,46.0613],[3.8219,46.088],[3.8026,46.1103],[3.7898,46.1549],[3.8079,46.1616],[3.7907,46.1845],[3.7903,46.2109],[3.7682,46.2378],[3.8027,46.2385],[3.8049,46.2549],[3.8691,46.2637],[3.8778,46.2759],[3.8995,46.2759]]]},"properties":{"code":"42","nom":"Loire"}},{"type":"Feature","geometry":{"type":"Polygon","coordinates":[[[3.8974,45.3571],[3.9169,45.3394],[3.9374,45.372],[3.9859,45.3718],[4.0026,45.3559],[4.0161,45.3286],[4.0433,45.3559],[4.0624,45.3391],[4.0835,45.3581],[4.1214,45.3691],[4.154,45.3646],[4.1498,45.3846],[4.1788,45.3925],[4.1933,45.3846],[4.2264,45.3897],[4.2445,45.3849],[4.2717,45.3598],[4.2907,45.3586],[4.3082,45.3708],[4.3462,45.3623],[4.3663,45.3371],[4.3319,45.3181],[4.3656,45.3011],[4.3582,45.2813],[4.3697,45.2604],[4.4186,45.2754],[4.4831,45.2364],[4.4896,45.2248],[4.4773,45.2098],[4.4725,45.1794],[4.4475,45.1612],[4.4461,45.1317],[4.3766,45.1444],[4.3702,45.1303],[4.4002,45.116],[4.3726,45.1048],[4.3462,45.0696],[4.3596,45.0557],[4.378,45.0543],[4.3791,45.0362],[4.3384,45.0267],[4.3147,45.0308],[4.2972,45.017],[4.2898,44.9973],[4.3117,44.9718],[4.2516,44.9589],[4.2217,44.9613],[4.2166,44.9336],[4.1899,44.9142],[4.18,44.8873],[4.1562,44.8733],[4.1037,44.8773],[4.0683,44.8675],[4.0339,44.871],[4.0202,44.8457],[4.0284,44.8341],[3.9885,44.8134],[3.9445,44.8232],[3.937,44.7954],[3.9198,44.7746],[3.8895,44.752],[3.8625,44.7439],[3.8366,44.7478],[3.8429,44.7677],[3.8025,44.7822],[3.7527,44.821],[3.7444,44.8378],[3.7229,44.831],[3.669,44.8289],[3.6718,44.8434],[3.6549,44.8742],[3.6265,44.8803],[3.5943,44.8754],[3.598,44.8595],[3.5889,44.8264],[3.5397,44.8282],[3.5057,44.8238],[3.4782,44.8097],[3.4588,44.8399],[3.4418,44.8542],[3.4357,44.8802],[3.4104,44.9178],[3.4158,44.9285],[3.4046,44.9564],[3.3864,44.9527],[3.3613,44.9714],[3.348,44.9739],[3.3499,45.0026],[3.3372,45.0253],[3.3115,45.0228],[3.3003,45.032],[3.3,45.0561],[3.3143,45.085],[3.3341,45.1111],[3.3014,45.1241],[3.288,45.1204],[3.2606,45.1709],[3.2725,45.2092],[3.2396,45.2169],[3.221,45.2442],[3.228,45.2664],[3.2126,45.2806],[3.1676,45.2801],[3.1596,45.2913],[3.118,45.2842],[3.0999,45.3163],[3.1134,45.3272],[3.1035,45.3544],[3.1681,45.3523],[3.2209,45.3789],[3.2907,45.4018],[3.3063,45.4195],[3.3243,45.4064],[3.356,45.4227],[3.3774,45.402],[3.4636,45.4019],[3.4798,45.4211],[3.5013,45.4276],[3.5209,45.4024],[3.5631,45.3949],[3.588,45.3752],[3.5903,45.3572],[3.6186,45.3377],[3.6632,45.3616],[3.6799,45.3842],[3.7058,45.3607],[3.7723,45.3492],[3.79,45.3539],[3.7857,45.3708],[3.8049,45.3921],[3.8353,45.3761],[3.8377,45.3657],[3.8697,45.3558],[3.8974,45.3571]]]},"properties":{"code":"43","nom":"Haute-Loire"}},{"type":"Feature","geometry":{"type":"Polygon","coordinates":[[[-2.4585,47.4481],[-2.4534,47.4621],[-2.423,47.4771],[-2.3999,47.456],[-2.371,47.4634],[-2.3549,47.4549],[-2.3129,47.4645],[-2.3131,47.4859],[-2.2991,47.5005],[-2.2614,47.5136],[-2.2443,47.4936],[-2.1908,47.5121],[-2.1833,47.4917],[-2.1542,47.4964],[-2.156,47.522],[-2.0986,47.534],[-2.0965,47.5724],[-2.1037,47.5894],[-2.0869,47.6028],[-2.085,47.6212],[-2.097,47.6314],[-2.0747,47.6517],[-2.0506,47.6511],[-2.0357,47.6685],[-2.0094,47.6714],[-1.9691,47.6884],[-1.9546,47.6717],[-1.9363,47.6866],[-1.864,47.707],[-1.8225,47.7063],[-1.7724,47.6985],[-1.752,47.7074],[-1.7237,47.6987],[-1.6911,47.7128],[-1.6556,47.7105],[-1.6382,47.7223],[-1.6356,47.7427],[-1.6164,47.7642],[-1.5934,47.7761],[-1.5281,47.7858],[-1.5042,47.8009],[-1.4666,47.8075],[-1.4753,47.8254],[-1.4652,47.8346],[-1.4178,47.8275],[-1.3904,47.8283],[-1.3606,47.7984],[-1.3185,47.7923],[-1.2459,47.7767],[-1.2355,47.757],[-1.2546,47.7336],[-1.2154,47.7188],[-1.1951,47.7215],[-1.1895,47.6992],[-1.1749,47.6946],[-1.1824,47.668],[-1.1608,47.6563],[-1.1579,47.6366],[-1.138,47.6197],[-1.1006,47.6207],[-1.0565,47.6015],[-1.026,47.5993],[-1.0069,47.5891],[-1.0525,47.5636],[-1.0398,47.5488],[-1.0445,47.5055],[-1.0086,47.4891],[-0.9675,47.4928],[-0.9672,47.4682],[-0.9542,47.4539],[-0.9611,47.4181],[-0.9501,47.4042],[-0.9508,47.3835],[-0.9749,47.3714],[-1.0179,47.3651],[-1.0787,47.3708],[-1.1082,47.3658],[-1.1676,47.3659],[-1.183,47.3543],[-1.2286,47.3499],[-1.2612,47.3409],[-1.2999,47.3376],[-1.3358,47.319],[-1.3444,47.3009],[-1.3018,47.303],[-1.2799,47.2944],[-1.2795,47.275],[-1.2518,47.2484],[-1.2284,47.2397],[-1.198,47.2529],[-1.181,47.2408],[-1.1881,47.2198],[-1.1785,47.1934],[-1.1634,47.1855],[-1.1759,47.1631],[-1.2077,47.1439],[-1.2374,47.1349],[-1.2258,47.1194],[-1.2424,47.1012],[-1.1703,47.0931],[-1.145,47.0684],[-1.1155,47.0627],[-1.117,47.0401],[-1.1486,47.0295],[-1.2007,47.04],[-1.2306,47.0648],[-1.2483,47.0682],[-1.2683,47.0847],[-1.2903,47.0702],[-1.2946,47.0395],[-1.3124,47.0335],[-1.3628,47.0407],[-1.3786,47.0309],[-1.363,47.0052],[-1.3775,46.9909],[-1.3591,46.9811],[-1.373,46.9522],[-1.4182,46.9431],[-1.4583,46.9258],[-1.4715,46.9329],[-1.4572,46.9546],[-1.477,46.981],[-1.4692,47.002],[-1.4759,47.0295],[-1.4998,47.0407],[-1.5157,47.0277],[-1.5553,47.0153],[-1.5427,47.0033],[-1.5544,46.9782],[-1.5309,46.945],[-1.5279,46.9238],[-1.5008,46.8839],[-1.5485,46.8601],[-1.6348,46.8784],[-1.6645,46.8748],[-1.687,46.8906],[-1.7203,46.8846],[-1.7371,46.8968],[-1.7363,46.9114],[-1.7513,46.9296],[-1.7756,46.9254],[-1.831,46.932],[-1.8318,46.9538],[-1.8726,46.9531],[-1.9174,46.9751],[-1.9166,46.9915],[-1.9432,46.9947],[-1.9688,47.0277],[-1.9804,47.0289],[-2.0047,47.0615],[-2.0326,47.0735],[-2.0535,47.0941],[-2.1141,47.1099],[-2.1556,47.1128],[-2.1777,47.1221],[-2.2145,47.1239],[-2.2268,47.1309],[-2.2261,47.1523],[-2.1671,47.1662],[-2.1584,47.2091],[-2.1806,47.233],[-2.1705,47.2398],[-2.17,47.2685],[-2.1874,47.2806],[-2.2454,47.256],[-2.2699,47.2396],[-2.3016,47.2364],[-2.3396,47.2552],[-2.3697,47.2774],[-2.3984,47.2814],[-2.442,47.2606],[-2.4555,47.2681],[-2.5139,47.2846],[-2.5029,47.3288],[-2.5212,47.3588],[-2.5589,47.3746],[-2.5341,47.383],[-2.4839,47.4124],[-2.4509,47.4253],[-2.4585,47.4481]]]},"properties":{"code":"44","nom":"Loire-Atlantique"}},{"type":"Feature","geometry":{"type":"Polygon","coordinates":[[[2.9363,48.1634],[2.9713,48.1518],[2.9909,48.1525],[3.0295,48.1332],[3.0499,48.0888],[3.0505,48.0723],[3.0883,48.0539],[3.1041,48.0135],[3.1246,48.006],[3.1285,47.971],[3.0785,47.9314],[3.0646,47.9305],[3.0072,47.8953],[3.0054,47.864],[3.0291,47.8571],[3.0297,47.8351],[3.0125,47.8344],[3.0281,47.8006],[3.0238,47.7866],[2.9882,47.786],[2.9547,47.7756],[2.9497,47.7659],[2.9145,47.7694],[2.8567,47.7609],[2.8488,47.7259],[2.859,47.7113],[2.9117,47.6915],[2.9182,47.6698],[2.9542,47.6458],[2.9363,47.6367],[2.9403,47.6035],[2.9623,47.5768],[2.9765,47.5694],[2.9587,47.5574],[2.9143,47.566],[2.8908,47.5531],[2.8575,47.5528],[2.8489,47.5375],[2.8746,47.5204],[2.8347,47.5089],[2.8253,47.4972],[2.7969,47.4967],[2.7848,47.5159],[2.7671,47.5251],[2.7223,47.5214],[2.7274,47.4989],[2.7161,47.4895],[2.6844,47.483],[2.6585,47.4879],[2.6559,47.5104],[2.612,47.5264],[2.6167,47.5409],[2.5969,47.5564],[2.5729,47.56],[2.5473,47.5752],[2.4991,47.5675],[2.475,47.5799],[2.4394,47.6095],[2.4027,47.5995],[2.373,47.5855],[2.3424,47.6053],[2.325,47.6076],[2.2896,47.6291],[2.2392,47.621],[2.241,47.6373],[2.22,47.6679],[2.2026,47.6781],[2.1485,47.6704],[2.1398,47.6774],[2.0713,47.6816],[2.0665,47.6743],[2.008,47.6773],[2.0016,47.6687],[1.9434,47.6601],[1.9341,47.6794],[1.8995,47.6732],[1.8701,47.6742],[1.8437,47.6864],[1.8452,47.6571],[1.782,47.6523],[1.7399,47.6615],[1.7281,47.6996],[1.7113,47.7319],[1.6753,47.7386],[1.6266,47.761],[1.6086,47.7339],[1.5479,47.7698],[1.5713,47.787],[1.5705,47.7966],[1.5337,47.8205],[1.5351,47.8395],[1.5579,47.8481],[1.5881,47.8764],[1.5814,47.9019],[1.5572,47.9185],[1.5254,47.9291],[1.5255,47.9423],[1.5655,47.9742],[1.5648,47.9898],[1.5201,47.9823],[1.5267,48.0073],[1.513,48.0287],[1.5453,48.0446],[1.5941,48.0307],[1.6138,48.045],[1.6246,48.0672],[1.6557,48.0762],[1.679,48.0658],[1.7448,48.0661],[1.798,48.0769],[1.8657,48.0839],[1.8844,48.0977],[1.9011,48.1297],[1.9204,48.1464],[1.9033,48.1528],[1.925,48.1745],[1.9515,48.1896],[1.9626,48.2226],[1.9655,48.2555],[1.9879,48.2687],[1.9941,48.2866],[2.0438,48.2864],[2.0527,48.2955],[2.0815,48.2936],[2.1557,48.3045],[2.1807,48.3117],[2.2022,48.3446],[2.2239,48.3364],[2.238,48.3164],[2.2954,48.3082],[2.3126,48.3308],[2.3277,48.3331],[2.3633,48.3096],[2.4027,48.3207],[2.4211,48.2987],[2.4238,48.2603],[2.4525,48.25],[2.4691,48.2553],[2.5069,48.226],[2.5231,48.1949],[2.5094,48.1825],[2.5063,48.1564],[2.4832,48.1645],[2.4601,48.1369],[2.4903,48.1266],[2.5215,48.1273],[2.5375,48.1403],[2.5706,48.1408],[2.6027,48.1315],[2.6397,48.1389],[2.6634,48.1222],[2.7065,48.1248],[2.7205,48.1369],[2.7552,48.1457],[2.7415,48.1598],[2.7989,48.1683],[2.7978,48.1407],[2.8209,48.1297],[2.868,48.1564],[2.9363,48.1634]]]},"properties":{"code":"45","nom":"Loiret"}},{"type":"Feature","geometry":{"type":"Polygon","coordinates":[[[1.4483,45.0193],[1.4763,45.0184],[1.4837,45.0309],[1.5406,45.046],[1.552,45.0285],[1.5763,45.0407],[1.626,45.0339],[1.651,45.025],[1.6714,45.0043],[1.7027,44.9878],[1.711,44.9673],[1.7506,44.955],[1.7539,44.9409],[1.7746,44.9235],[1.7871,44.9322],[1.8239,44.9277],[1.8312,44.9455],[1.8863,44.9561],[1.9082,44.9784],[1.9391,44.9732],[1.9407,44.9551],[1.9817,44.9729],[2.0454,44.9837],[2.0629,44.9765],[2.0802,44.954],[2.0786,44.9325],[2.1081,44.9106],[2.0865,44.9011],[2.0934,44.8729],[2.1398,44.8238],[2.1668,44.8117],[2.167,44.7731],[2.1535,44.7531],[2.1473,44.7209],[2.1527,44.6998],[2.1792,44.6744],[2.165,44.6632],[2.1694,44.6381],[2.2075,44.6155],[2.1936,44.5859],[2.1698,44.5914],[2.1485,44.5706],[2.1269,44.5789],[2.1053,44.5712],[2.083,44.5874],[2.0574,44.5829],[2.0203,44.5555],[1.9885,44.5512],[1.9562,44.5185],[1.9061,44.4999],[1.8903,44.5059],[1.88,44.4838],[1.8616,44.4873],[1.8396,44.4759],[1.8527,44.4592],[1.8505,44.4355],[1.8732,44.4241],[1.8675,44.3981],[1.9068,44.3649],[1.8821,44.3401],[1.8265,44.3236],[1.7918,44.3334],[1.7745,44.3124],[1.7554,44.3258],[1.6995,44.3138],[1.6516,44.2868],[1.6423,44.2708],[1.6157,44.2784],[1.6169,44.2975],[1.5707,44.3015],[1.5873,44.249],[1.5752,44.2387],[1.5418,44.2278],[1.5291,44.2354],[1.5097,44.2734],[1.4951,44.2711],[1.4732,44.2842],[1.4532,44.2674],[1.4536,44.2541],[1.3804,44.2249],[1.3568,44.204],[1.3438,44.2243],[1.3179,44.233],[1.2843,44.2352],[1.2843,44.2517],[1.3041,44.263],[1.2978,44.2949],[1.268,44.2815],[1.238,44.2759],[1.1958,44.2814],[1.1593,44.3106],[1.122,44.3167],[1.1134,44.3389],[1.0812,44.3544],[1.0935,44.366],[1.1274,44.373],[1.1338,44.393],[1.1067,44.3923],[1.0641,44.3785],[1.0514,44.3921],[1.0607,44.4036],[1.0575,44.4277],[1.03,44.4336],[1.0214,44.4445],[1.023,44.4754],[1.009,44.48],[1.0162,44.5059],[0.9824,44.5455],[1.0297,44.552],[1.0717,44.5678],[1.0751,44.5773],[1.0957,44.5902],[1.1537,44.6388],[1.1467,44.6703],[1.1688,44.68],[1.2246,44.6843],[1.2483,44.7077],[1.2794,44.7158],[1.3161,44.7404],[1.3228,44.7651],[1.2962,44.7778],[1.2996,44.7969],[1.3281,44.8065],[1.3641,44.8116],[1.3614,44.8408],[1.4019,44.8494],[1.4048,44.8623],[1.4398,44.8749],[1.4399,44.889],[1.4106,44.909],[1.4336,44.9383],[1.4093,45.006],[1.4483,45.0193]]]},"properties":{"code":"46","nom":"Lot"}},{"type":"Feature","geometry":{"type":"Polygon","coordinates":[[[0.2973,44.7623],[0.3233,44.7476],[0.3462,44.7225],[0.3405,44.703],[0.3596,44.691],[0.3496,44.6601],[0.369,44.6612],[0.4175,44.6463],[0.4457,44.6527],[0.4705,44.6696],[0.4875,44.6667],[0.5157,44.6783],[0.5462,44.6647],[0.5704,44.6749],[0.5771,44.694],[0.6097,44.6954],[0.6301,44.705],[0.654,44.6967],[0.6609,44.6767],[0.7291,44.6761],[0.7798,44.6834],[0.7977,44.7018],[0.827,44.6919],[0.8261,44.676],[0.8434,44.6635],[0.8364,44.6386],[0.817,44.627],[0.8374,44.6161],[0.8387,44.6007],[0.87,44.5973],[0.8907,44.615],[0.9387,44.6397],[0.9908,44.6371],[1.0148,44.6141],[1.0733,44.5956],[1.0751,44.5773],[1.0717,44.5678],[1.0297,44.552],[0.9824,44.5455],[1.0162,44.5059],[1.009,44.48],[1.023,44.4754],[1.0214,44.4445],[1.03,44.4336],[1.0575,44.4277],[1.0607,44.4036],[1.0514,44.3921],[1.0641,44.3785],[1.0498,44.3626],[0.9961,44.3686],[0.9806,44.3584],[0.9501,44.3598],[0.9199,44.3841],[0.8982,44.3814],[0.8873,44.3664],[0.8961,44.3462],[0.8696,44.3094],[0.8951,44.2968],[0.9164,44.3022],[0.924,44.2887],[0.9505,44.275],[0.9191,44.2383],[0.9292,44.2303],[0.9052,44.1973],[0.8597,44.1927],[0.8536,44.175],[0.8722,44.1679],[0.8885,44.1488],[0.8688,44.1263],[0.8205,44.1432],[0.7951,44.1456],[0.7962,44.1151],[0.7541,44.1049],[0.7384,44.0752],[0.7419,44.0652],[0.7078,44.058],[0.6877,44.0459],[0.6771,44.027],[0.6316,44.0495],[0.6279,44.0606],[0.6022,44.0737],[0.5765,44.0752],[0.5651,44.0592],[0.5384,44.053],[0.4858,44.0586],[0.4595,44.0552],[0.4424,44.0288],[0.3945,44.02],[0.3815,44.0064],[0.3576,44.0164],[0.2996,43.9928],[0.2352,44.0085],[0.2247,44.0192],[0.1896,44.0146],[0.1668,43.9968],[0.1635,43.9759],[0.1379,43.9769],[0.141,43.9947],[0.076,43.9831],[0.0627,44.0008],[0.0943,44.0656],[0.1018,44.0878],[0.1367,44.1099],[0.1358,44.1242],[0.0346,44.1307],[-0.0035,44.1499],[-0.0599,44.1508],[-0.1052,44.1551],[-0.1292,44.1524],[-0.1295,44.2039],[-0.1407,44.2264],[-0.1201,44.2367],[-0.088,44.2389],[-0.0534,44.2658],[-0.033,44.2717],[-0.0348,44.2967],[-0.0595,44.3214],[-0.0858,44.3376],[-0.0788,44.3537],[-0.03,44.3605],[-0.0121,44.3713],[0.0147,44.3666],[0.0182,44.3899],[-0.0029,44.4055],[-0.012,44.4222],[0.0075,44.4471],[-0.0096,44.459],[-0.0155,44.5051],[0.0181,44.5298],[0.0369,44.5538],[0.0707,44.5493],[0.0862,44.5763],[0.155,44.6152],[0.1827,44.6611],[0.1622,44.6705],[0.1416,44.6655],[0.1344,44.6818],[0.1099,44.6842],[0.1022,44.6993],[0.1178,44.7128],[0.1334,44.7046],[0.153,44.7305],[0.1942,44.7431],[0.2015,44.7231],[0.2254,44.7619],[0.2557,44.7501],[0.2973,44.7623]]]},"properties":{"code":"47","nom":"Lot-et-Garonne"}},{"type":"Feature","geometry":{"type":"Polygon","coordinates":[[[3.3613,44.9714],[3.3864,44.9527],[3.4046,44.9564],[3.4158,44.9285],[3.4104,44.9178],[3.4357,44.8802],[3.4418,44.8542],[3.4588,44.8399],[3.4782,44.8097],[3.5057,44.8238],[3.5397,44.8282],[3.5889,44.8264],[3.598,44.8595],[3.5943,44.8754],[3.6265,44.8803],[3.6549,44.8742],[3.6718,44.8434],[3.669,44.8289],[3.7229,44.831],[3.7444,44.8378],[3.7527,44.821],[3.8025,44.7822],[3.8429,44.7677],[3.8366,44.7478],[3.8625,44.7439],[3.8699,44.6789],[3.8947,44.6511],[3.8937,44.6178],[3.9083,44.6066],[3.9236,44.5719],[3.9488,44.5729],[3.9817,44.5151],[3.9877,44.4728],[3.9982,44.4598],[3.9762,44.4411],[3.9611,44.414],[3.9444,44.3996],[3.9079,44.4026],[3.8859,44.388],[3.9128,44.3685],[3.9447,44.3191],[3.9229,44.3052],[3.9363,44.2935],[3.9356,44.2747],[3.9568,44.2718],[3.9731,44.2526],[3.9462,44.2424],[3.9502,44.2235],[3.9387,44.1937],[3.9599,44.1913],[3.9526,44.1708],[3.8949,44.1478],[3.8721,44.1289],[3.8224,44.1362],[3.797,44.1274],[3.7625,44.1488],[3.7256,44.1642],[3.7062,44.1647],[3.6835,44.1805],[3.6578,44.1733],[3.6375,44.1758],[3.6328,44.1212],[3.6074,44.116],[3.5684,44.1226],[3.5465,44.1138],[3.5058,44.1263],[3.4814,44.124],[3.4397,44.1291],[3.4308,44.148],[3.3736,44.1708],[3.3578,44.1979],[3.3173,44.2002],[3.295,44.2069],[3.2403,44.1908],[3.2066,44.1899],[3.2251,44.2126],[3.2243,44.23],[3.1799,44.2457],[3.1607,44.2454],[3.1537,44.2738],[3.1242,44.2603],[3.1252,44.2845],[3.1543,44.3084],[3.1337,44.3303],[3.1193,44.3641],[3.1217,44.3887],[3.1406,44.3926],[3.1267,44.414],[3.1417,44.4285],[3.1352,44.4544],[3.1158,44.4756],[3.1003,44.48],[3.068,44.5029],[3.0836,44.559],[3.0759,44.573],[3.0332,44.5969],[3.0123,44.6219],[2.9817,44.6447],[3.016,44.7137],[3.0286,44.73],[3.0311,44.7494],[3.048,44.7655],[3.0481,44.8043],[3.0715,44.8341],[3.0995,44.8336],[3.0936,44.8537],[3.1055,44.8868],[3.1411,44.9033],[3.166,44.8743],[3.1823,44.8637],[3.216,44.875],[3.2366,44.888],[3.2291,44.9093],[3.2497,44.9162],[3.2438,44.9335],[3.286,44.9264],[3.2989,44.9386],[3.3379,44.9559],[3.3613,44.9714]]]},"properties":{"code":"48","nom":"Lozère"}},{"type":"Feature","geometry":{"type":"Polygon","coordinates":[[[-1.2459,47.7767],[-1.2383,47.81],[-1.1986,47.7951],[-1.1931,47.787],[-1.1529,47.778],[-1.1226,47.7842],[-1.0677,47.773],[-1.0205,47.773],[-0.9785,47.762],[-0.9552,47.7671],[-0.9603,47.7963],[-0.9251,47.7877],[-0.8813,47.7635],[-0.8393,47.7523],[-0.84,47.7681],[-0.8161,47.7712],[-0.7839,47.7506],[-0.7593,47.7538],[-0.7417,47.7381],[-0.7103,47.7446],[-0.6714,47.7411],[-0.6538,47.7334],[-0.6108,47.7357],[-0.5848,47.7584],[-0.5329,47.7508],[-0.5097,47.786],[-0.4645,47.7686],[-0.4546,47.7565],[-0.4283,47.7676],[-0.3856,47.7691],[-0.3817,47.7606],[-0.3749,47.7393],[-0.3341,47.7212],[-0.2867,47.7193],[-0.239,47.7042],[-0.2024,47.7252],[-0.1823,47.7129],[-0.2003,47.6947],[-0.2202,47.6896],[-0.1951,47.6614],[-0.1932,47.6479],[-0.1571,47.6456],[-0.1361,47.6341],[-0.1076,47.6553],[-0.0718,47.6584],[-0.0547,47.6484],[-0.0045,47.6477],[0.017,47.6211],[0.0517,47.6065],[0.1157,47.6057],[0.1398,47.5911],[0.1849,47.5995],[0.1858,47.6157],[0.23,47.6084],[0.2345,47.578],[0.215,47.5706],[0.2015,47.5443],[0.2248,47.5273],[0.2201,47.502],[0.2092,47.4937],[0.1812,47.4526],[0.1853,47.4247],[0.1676,47.4054],[0.168,47.3869],[0.183,47.3803],[0.1494,47.3623],[0.1473,47.3454],[0.1175,47.3323],[0.0786,47.2839],[0.0679,47.2473],[0.0725,47.2205],[0.0533,47.1972],[0.0666,47.1898],[0.0538,47.1637],[0.0366,47.1604],[0.019,47.1758],[-0.0107,47.1575],[-0.036,47.1251],[-0.0442,47.0932],[-0.0859,47.101],[-0.0981,47.0914],[-0.1021,47.0648],[-0.1284,47.0544],[-0.1477,47.0699],[-0.1785,47.0698],[-0.1521,47.1009],[-0.1848,47.1083],[-0.2025,47.0958],[-0.2415,47.1057],[-0.2879,47.1014],[-0.3415,47.0873],[-0.3579,47.0937],[-0.3835,47.0877],[-0.4008,47.0708],[-0.4285,47.0727],[-0.4643,47.0676],[-0.4627,47.0819],[-0.4953,47.0824],[-0.5595,47.0619],[-0.5556,47.0435],[-0.5655,47.0194],[-0.6157,46.9929],[-0.6439,46.9935],[-0.6758,47.0017],[-0.7156,46.9855],[-0.7434,47.0007],[-0.762,46.9921],[-0.7876,47.0051],[-0.8559,46.9791],[-0.892,46.9758],[-0.9028,46.9938],[-0.9335,47.0089],[-0.967,47.0051],[-1.0004,47.0208],[-1.0159,47.0041],[-1.0741,47.0083],[-1.1445,47.0254],[-1.1486,47.0295],[-1.117,47.0401],[-1.1155,47.0627],[-1.145,47.0684],[-1.1703,47.0931],[-1.2424,47.1012],[-1.2258,47.1194],[-1.2374,47.1349],[-1.2077,47.1439],[-1.1759,47.1631],[-1.1634,47.1855],[-1.1785,47.1934],[-1.1881,47.2198],[-1.181,47.2408],[-1.198,47.2529],[-1.2284,47.2397],[-1.2518,47.2484],[-1.2795,47.275],[-1.2799,47.2944],[-1.3018,47.303],[-1.3444,47.3009],[-1.3358,47.319],[-1.2999,47.3376],[-1.2612,47.3409],[-1.2286,47.3499],[-1.183,47.3543],[-1.1676,47.3659],[-1.1082,47.3658],[-1.0787,47.3708],[-1.0179,47.3651],[-0.9749,47.3714],[-0.9508,47.3835],[-0.9501,47.4042],[-0.9611,47.4181],[-0.9542,47.4539],[-0.9672,47.4682],[-0.9675,47.4928],[-1.0086,47.4891],[-1.0445,47.5055],[-1.0398,47.5488],[-1.0525,47.5636],[-1.0069,47.5891],[-1.026,47.5993],[-1.0565,47.6015],[-1.1006,47.6207],[-1.138,47.6197],[-1.1579,47.6366],[-1.1608,47.6563],[-1.1824,47.668],[-1.1749,47.6946],[-1.1895,47.6992],[-1.1951,47.7215],[-1.2154,47.7188],[-1.2546,47.7336],[-1.2355,47.757],[-1.2459,47.7767]]]},"properties":{"code":"49","nom":"Maine-et-Loire"}},{"type":"Feature","geometry":{"type":"Polygon","coordinates":[[[-1.1196,49.3556],[-1.1135,49.3279],[-1.1395,49.3099],[-1.1401,49.2974],[-1.1215,49.2816],[-1.1247,49.2679],[-1.0787,49.2346],[-1.034,49.2185],[-0.9755,49.1922],[-0.9206,49.2211],[-0.8958,49.1981],[-0.9373,49.1615],[-0.9314,49.1456],[-0.8866,49.1294],[-0.8785,49.1171],[-0.88,49.0888],[-0.8704,49.0783],[-0.8845,49.0387],[-0.8624,49.0347],[-0.9061,49.0061],[-0.9136,48.991],[-0.9427,48.9677],[-0.9557,48.9662],[-1.0226,48.9271],[-1.0137,48.916],[-1.0492,48.894],[-1.0712,48.8703],[-1.1,48.8681],[-1.1554,48.8365],[-1.1538,48.8222],[-1.1038,48.8148],[-1.0895,48.7815],[-1.0587,48.7734],[-1.0374,48.7825],[-1.0127,48.7718],[-0.9511,48.7892],[-0.9195,48.7699],[-0.8708,48.7557],[-0.8409,48.7522],[-0.8492,48.7308],[-0.8179,48.7312],[-0.7918,48.7052],[-0.7355,48.684],[-0.7734,48.6575],[-0.7524,48.6221],[-0.7517,48.6013],[-0.7684,48.5903],[-0.7742,48.5627],[-0.8057,48.5499],[-0.8477,48.5211],[-0.8604,48.5015],[-0.8958,48.4948],[-0.9224,48.5124],[-0.9564,48.5166],[-0.9723,48.4946],[-1.004,48.4892],[-1.0606,48.5153],[-1.0702,48.5085],[-1.1305,48.5217],[-1.1471,48.5175],[-1.171,48.5311],[-1.1884,48.5287],[-1.2066,48.5422],[-1.2722,48.5339],[-1.2792,48.5092],[-1.3287,48.4962],[-1.3447,48.4731],[-1.3826,48.4568],[-1.4291,48.4626],[-1.4493,48.4861],[-1.4899,48.4894],[-1.4956,48.5089],[-1.5196,48.54],[-1.5333,48.548],[-1.5189,48.5666],[-1.543,48.5804],[-1.5396,48.5999],[-1.5711,48.6264],[-1.5435,48.6312],[-1.5156,48.6182],[-1.4772,48.6187],[-1.4436,48.6275],[-1.3932,48.6505],[-1.4858,48.6864],[-1.5082,48.6912],[-1.5319,48.731],[-1.5602,48.7355],[-1.5744,48.7518],[-1.5689,48.8027],[-1.5744,48.8217],[-1.6049,48.8379],[-1.5872,48.8465],[-1.5764,48.8662],[-1.5697,48.899],[-1.5516,48.9083],[-1.5434,48.931],[-1.5621,48.941],[-1.5607,49.0015],[-1.5938,49.0225],[-1.6094,49.0793],[-1.6069,49.11],[-1.5947,49.1319],[-1.6073,49.1966],[-1.5893,49.2334],[-1.617,49.2316],[-1.6317,49.2142],[-1.6542,49.2414],[-1.665,49.2656],[-1.7112,49.3251],[-1.7243,49.3271],[-1.7647,49.3636],[-1.807,49.3719],[-1.8237,49.4015],[-1.8268,49.4529],[-1.8446,49.471],[-1.8526,49.5104],[-1.8819,49.5193],[-1.8857,49.5404],[-1.8579,49.5515],[-1.841,49.5717],[-1.8451,49.6191],[-1.8603,49.6502],[-1.8957,49.6649],[-1.9462,49.6743],[-1.9364,49.6938],[-1.9473,49.7049],[-1.9422,49.7256],[-1.9165,49.7249],[-1.8829,49.7057],[-1.8587,49.7156],[-1.8395,49.7116],[-1.8229,49.6903],[-1.7746,49.6809],[-1.7178,49.6798],[-1.6868,49.6731],[-1.6724,49.6577],[-1.6329,49.6606],[-1.6247,49.6465],[-1.5202,49.6574],[-1.4858,49.6693],[-1.4711,49.6967],[-1.4557,49.6913],[-1.4212,49.7037],[-1.3686,49.7066],[-1.2998,49.6935],[-1.2679,49.6953],[-1.271,49.6797],[-1.2392,49.6524],[-1.2291,49.6087],[-1.2543,49.6127],[-1.2663,49.5929],[-1.2962,49.5832],[-1.3092,49.5526],[-1.3064,49.5389],[-1.2527,49.4806],[-1.1926,49.4322],[-1.168,49.408],[-1.1617,49.3917],[-1.1786,49.3785],[-1.164,49.3667],[-1.1196,49.3556]]]},"properties":{"code":"50","nom":"Manche"}},{"type":"Feature","geometry":{"type":"Polygon","coordinates":[[[4.048,49.4056],[4.0769,49.4016],[4.189,49.3987],[4.2013,49.3838],[4.2483,49.3823],[4.2584,49.3635],[4.2909,49.347],[4.3068,49.3278],[4.3309,49.3272],[4.3542,49.3162],[4.3769,49.317],[4.3934,49.2971],[4.4188,49.2851],[4.4595,49.2776],[4.5412,49.2862],[4.5759,49.2967],[4.595,49.2707],[4.6059,49.2697],[4.6355,49.2321],[4.6704,49.2415],[4.6861,49.2568],[4.7268,49.2523],[4.7442,49.2415],[4.7889,49.2413],[4.8154,49.2499],[4.8269,49.2358],[4.8628,49.2415],[4.9096,49.2635],[4.951,49.2369],[4.9708,49.2361],[4.9934,49.2096],[4.9398,49.1851],[4.9534,49.172],[4.9744,49.1334],[4.9921,49.1149],[5.0057,49.0599],[4.9684,49.0229],[5.0077,49.035],[5.0363,49.0243],[5.0327,48.9937],[5.0046,48.9836],[5.0379,48.973],[5.0301,48.9569],[4.9864,48.9319],[4.9362,48.9221],[4.9158,48.8998],[4.9247,48.8914],[4.9247,48.8646],[4.9357,48.8406],[4.8888,48.8172],[4.8896,48.7982],[4.9346,48.7904],[4.9479,48.7716],[4.9901,48.7418],[5.0092,48.7414],[5.0118,48.7067],[4.9884,48.6844],[4.9503,48.688],[4.9351,48.678],[4.9104,48.6885],[4.8678,48.6672],[4.8227,48.674],[4.7817,48.6702],[4.7724,48.6565],[4.8076,48.6543],[4.8506,48.6399],[4.8505,48.6142],[4.8297,48.6125],[4.7968,48.5953],[4.7692,48.5887],[4.776,48.566],[4.7992,48.5298],[4.718,48.542],[4.6702,48.5319],[4.635,48.5445],[4.6264,48.5545],[4.5765,48.5494],[4.5275,48.5285],[4.522,48.5451],[4.4953,48.5387],[4.4031,48.5613],[4.3149,48.6162],[4.3318,48.6303],[4.3173,48.6517],[4.3328,48.6706],[4.3256,48.7003],[4.3026,48.7124],[4.2524,48.7087],[4.233,48.7023],[4.1612,48.7056],[4.1311,48.6862],[4.0798,48.7011],[4.0582,48.6663],[4.0301,48.6591],[4.0017,48.6639],[3.9865,48.6551],[3.9772,48.6322],[3.9585,48.6229],[3.9492,48.6034],[3.9161,48.607],[3.9001,48.5748],[3.8726,48.5805],[3.8587,48.5603],[3.8656,48.5379],[3.8514,48.5234],[3.8227,48.5161],[3.7947,48.5277],[3.7429,48.5337],[3.7042,48.5335],[3.688,48.54],[3.6436,48.5363],[3.634,48.5413],[3.6319,48.571],[3.6042,48.5725],[3.5799,48.6049],[3.5556,48.6203],[3.5191,48.6335],[3.5175,48.6434],[3.4604,48.653],[3.4406,48.6637],[3.4694,48.6864],[3.4643,48.7074],[3.4697,48.7379],[3.4444,48.7367],[3.4302,48.7569],[3.3958,48.7593],[3.4094,48.7838],[3.4429,48.7862],[3.4322,48.8123],[3.485,48.825],[3.4852,48.8519],[3.5083,48.8904],[3.5286,48.9121],[3.5739,48.9215],[3.5744,48.939],[3.602,48.9451],[3.5916,48.9604],[3.6207,48.9659],[3.6388,49.0023],[3.6652,49.0056],[3.6781,49.0169],[3.664,49.0373],[3.6477,49.0414],[3.5876,49.0338],[3.5877,49.0594],[3.6391,49.0813],[3.6118,49.1181],[3.6104,49.1355],[3.6222,49.1511],[3.6534,49.1487],[3.6838,49.1545],[3.7016,49.1431],[3.7488,49.1571],[3.7511,49.1777],[3.7254,49.1735],[3.7044,49.1814],[3.6971,49.2055],[3.6625,49.209],[3.6708,49.2396],[3.6553,49.2629],[3.6573,49.291],[3.6439,49.3127],[3.6989,49.332],[3.7422,49.3365],[3.7775,49.3558],[3.8225,49.357],[3.8481,49.3639],[3.8564,49.3812],[3.8377,49.3957],[3.8649,49.4053],[3.8982,49.3932],[3.9252,49.4076],[3.9613,49.3773],[3.9949,49.3779],[4.0127,49.3583],[4.0355,49.3599],[4.0399,49.3974],[4.048,49.4056]]]},"properties":{"code":"51","nom":"Marne"}},{"type":"Feature","geometry":{"type":"Polygon","coordinates":[[[4.6702,48.5319],[4.718,48.542],[4.7992,48.5298],[4.776,48.566],[4.7692,48.5887],[4.7968,48.5953],[4.8297,48.6125],[4.8505,48.6142],[4.8506,48.6399],[4.8076,48.6543],[4.7724,48.6565],[4.7817,48.6702],[4.8227,48.674],[4.8678,48.6672],[4.9104,48.6885],[4.9351,48.678],[4.9503,48.688],[4.9884,48.6844],[5.0083,48.6702],[4.9928,48.6583],[5.0062,48.6335],[4.9947,48.6218],[5.0141,48.6102],[5.0323,48.6133],[5.0497,48.6313],[5.0704,48.5961],[5.1179,48.585],[5.1449,48.5629],[5.1731,48.5563],[5.2084,48.5386],[5.2649,48.5192],[5.3056,48.5159],[5.3273,48.5048],[5.3495,48.482],[5.4061,48.4654],[5.4085,48.4458],[5.4452,48.4251],[5.4701,48.4209],[5.4438,48.4128],[5.4087,48.3831],[5.4416,48.3802],[5.42,48.3621],[5.4182,48.3398],[5.4418,48.3359],[5.4821,48.3562],[5.5224,48.3409],[5.5447,48.3148],[5.588,48.2785],[5.6117,48.2918],[5.6538,48.2685],[5.6409,48.2424],[5.6774,48.229],[5.6878,48.2342],[5.7193,48.2128],[5.731,48.1897],[5.6967,48.1889],[5.6822,48.1757],[5.6843,48.145],[5.6569,48.1204],[5.629,48.0844],[5.6597,48.0849],[5.7406,48.05],[5.7777,48.0314],[5.7936,47.9907],[5.7785,47.978],[5.7873,47.9526],[5.85,47.9628],[5.8847,47.926],[5.8909,47.9108],[5.87,47.9007],[5.8513,47.906],[5.8056,47.8473],[5.7612,47.8593],[5.7441,47.8487],[5.7461,47.8236],[5.7326,47.8176],[5.6999,47.8239],[5.6819,47.8064],[5.68,47.77],[5.7051,47.7691],[5.7094,47.7451],[5.6933,47.7375],[5.6841,47.712],[5.6901,47.6848],[5.6534,47.6774],[5.5967,47.6717],[5.585,47.6998],[5.5672,47.7052],[5.5298,47.6728],[5.4826,47.6846],[5.446,47.6708],[5.4063,47.6734],[5.4057,47.6469],[5.3732,47.6184],[5.3741,47.6045],[5.3549,47.5913],[5.34,47.6091],[5.2998,47.6049],[5.2529,47.5769],[5.2387,47.5973],[5.2392,47.6161],[5.2114,47.6419],[5.1736,47.6526],[5.1783,47.681],[5.1282,47.6477],[5.0849,47.6573],[5.0436,47.6765],[5.03,47.7094],[4.9923,47.6883],[4.9598,47.697],[4.9538,47.7069],[4.9718,47.7302],[4.9496,47.765],[4.9307,47.7613],[4.9183,47.7773],[4.9872,47.8033],[4.9939,47.8196],[4.9684,47.8319],[4.9541,47.8668],[4.9282,47.8711],[4.9282,47.8869],[4.9018,47.9213],[4.8763,47.9202],[4.857,47.8959],[4.8289,47.9151],[4.8661,47.9405],[4.8452,47.9613],[4.811,47.9593],[4.7851,47.9689],[4.7946,47.9832],[4.7891,48.0078],[4.7493,48.0043],[4.7199,48.0089],[4.7042,48.0202],[4.711,48.0499],[4.6888,48.0731],[4.7085,48.1001],[4.7306,48.1182],[4.7633,48.1155],[4.8193,48.1032],[4.8356,48.1086],[4.8293,48.1296],[4.8501,48.1418],[4.8379,48.169],[4.8621,48.1996],[4.8441,48.2416],[4.8577,48.2686],[4.8424,48.2836],[4.8508,48.2962],[4.8142,48.323],[4.8415,48.3395],[4.7547,48.3667],[4.7602,48.3876],[4.7007,48.3958],[4.6729,48.4449],[4.6357,48.4569],[4.6494,48.4709],[4.6702,48.5319]]]},"properties":{"code":"52","nom":"Haute-Marne"}},{"type":"Feature","geometry":{"type":"Polygon","coordinates":[[[-1.0702,48.5085],[-1.0606,48.5153],[-1.004,48.4892],[-0.9723,48.4946],[-0.9564,48.5166],[-0.9224,48.5124],[-0.8958,48.4948],[-0.8604,48.5015],[-0.7976,48.4653],[-0.7779,48.4654],[-0.7796,48.446],[-0.7573,48.4366],[-0.7151,48.4489],[-0.7359,48.4611],[-0.7303,48.4727],[-0.7021,48.4672],[-0.6662,48.4859],[-0.6511,48.4439],[-0.5986,48.471],[-0.5503,48.4742],[-0.5304,48.4952],[-0.5051,48.5058],[-0.4782,48.5016],[-0.4438,48.5137],[-0.3676,48.4929],[-0.3382,48.5005],[-0.3202,48.5229],[-0.2715,48.5075],[-0.263,48.5236],[-0.2415,48.5371],[-0.2618,48.5479],[-0.2344,48.5623],[-0.2069,48.5629],[-0.1694,48.537],[-0.1446,48.5278],[-0.1663,48.5156],[-0.1436,48.4547],[-0.1064,48.4475],[-0.0519,48.4533],[-0.0574,48.4285],[-0.0545,48.382],[-0.0778,48.369],[-0.1122,48.3742],[-0.138,48.3614],[-0.1323,48.3437],[-0.1562,48.3388],[-0.1546,48.314],[-0.1381,48.2934],[-0.1624,48.26],[-0.161,48.2388],[-0.1452,48.2242],[-0.1468,48.205],[-0.199,48.1783],[-0.2499,48.1571],[-0.2538,48.1365],[-0.2164,48.1137],[-0.2385,48.0851],[-0.225,48.074],[-0.2309,48.059],[-0.2714,48.0652],[-0.3172,48.0451],[-0.3399,48.0116],[-0.316,48.0053],[-0.2826,47.9582],[-0.2953,47.944],[-0.3383,47.931],[-0.3751,47.9327],[-0.3962,47.926],[-0.4071,47.9108],[-0.4052,47.8929],[-0.377,47.8872],[-0.3744,47.8583],[-0.4094,47.8584],[-0.4479,47.8322],[-0.4341,47.8091],[-0.3882,47.8053],[-0.3754,47.7672],[-0.3817,47.7606],[-0.3856,47.7691],[-0.4283,47.7676],[-0.4546,47.7565],[-0.4645,47.7686],[-0.5097,47.786],[-0.5329,47.7508],[-0.5848,47.7584],[-0.6108,47.7357],[-0.6538,47.7334],[-0.6714,47.7411],[-0.7103,47.7446],[-0.7417,47.7381],[-0.7593,47.7538],[-0.7839,47.7506],[-0.8161,47.7712],[-0.84,47.7681],[-0.8393,47.7523],[-0.8813,47.7635],[-0.9251,47.7877],[-0.9603,47.7963],[-0.9552,47.7671],[-0.9785,47.762],[-1.0205,47.773],[-1.0677,47.773],[-1.1226,47.7842],[-1.1529,47.778],[-1.1931,47.787],[-1.1986,47.7951],[-1.2383,47.81],[-1.216,47.8312],[-1.214,47.8443],[-1.1892,47.8675],[-1.1966,47.8893],[-1.1762,47.8974],[-1.1595,47.9392],[-1.154,47.9658],[-1.1261,47.9733],[-1.1027,47.9891],[-1.071,47.9818],[-1.0213,47.9949],[-1.0182,48.0123],[-1.0347,48.0336],[-1.0233,48.0689],[-1.0496,48.0898],[-1.0603,48.1501],[-1.0796,48.1835],[-1.0737,48.2008],[-1.1015,48.2618],[-1.0821,48.2984],[-1.045,48.3277],[-1.0646,48.3683],[-1.0539,48.384],[-1.0771,48.4117],[-1.083,48.4336],[-1.0658,48.4512],[-1.0757,48.4994],[-1.0702,48.5085]]]},"properties":{"code":"53","nom":"Mayenne"}},{"type":"Feature","geometry":{"type":"Polygon","coordinates":[[[5.4709,49.4972],[5.5412,49.5153],[5.5561,49.5292],[5.5935,49.5219],[5.6159,49.5271],[5.6368,49.545],[5.6632,49.5527],[5.7013,49.5395],[5.7325,49.5445],[5.7744,49.563],[5.7939,49.5512],[5.837,49.5425],[5.8362,49.5199],[5.8691,49.4988],[5.8934,49.4969],[5.9029,49.4838],[5.9386,49.4748],[5.9423,49.4303],[5.912,49.4075],[5.9296,49.4019],[5.9328,49.3702],[5.9561,49.3616],[5.9626,49.3449],[5.944,49.3346],[5.9852,49.3052],[6.0064,49.308],[6.0005,49.2754],[6.0067,49.2603],[6.0286,49.2484],[6.0294,49.2305],[5.9876,49.2096],[5.9828,49.1865],[6.0023,49.185],[6.0261,49.1651],[5.9814,49.1445],[6.0049,49.114],[5.9974,49.1078],[5.9316,49.1091],[5.9247,49.0921],[5.9532,49.054],[6.0451,49.0135],[6.0434,48.9775],[6.0813,48.963],[6.1169,48.9678],[6.1322,48.9347],[6.1623,48.9429],[6.1771,48.9349],[6.2226,48.9385],[6.2455,48.9238],[6.272,48.9331],[6.2883,48.9164],[6.3273,48.9052],[6.2983,48.8807],[6.3117,48.8638],[6.2889,48.8432],[6.3389,48.8341],[6.3307,48.8233],[6.3706,48.7846],[6.3949,48.7748],[6.4335,48.789],[6.4536,48.7659],[6.4896,48.7656],[6.511,48.7488],[6.5402,48.7539],[6.5643,48.75],[6.5948,48.7292],[6.599,48.7157],[6.6236,48.7137],[6.638,48.7029],[6.6584,48.708],[6.6879,48.6836],[6.7339,48.6638],[6.7573,48.6634],[6.7825,48.6427],[6.8105,48.6474],[6.8366,48.6431],[6.8441,48.626],[6.8636,48.6203],[6.9051,48.6198],[6.93,48.6356],[6.9608,48.6083],[6.9829,48.6119],[6.9945,48.596],[7.0342,48.5804],[7.057,48.5511],[7.0794,48.5364],[7.0645,48.5234],[7.0806,48.5127],[7.1232,48.5136],[7.094,48.513],[7.0505,48.4949],[6.983,48.4791],[6.8941,48.4195],[6.8663,48.4318],[6.8283,48.4166],[6.8152,48.3988],[6.7688,48.3995],[6.7607,48.4117],[6.6995,48.4131],[6.6483,48.4339],[6.6237,48.4731],[6.585,48.4605],[6.5681,48.4387],[6.5839,48.4172],[6.5337,48.4314],[6.5008,48.4142],[6.4504,48.4151],[6.4224,48.4073],[6.3313,48.4048],[6.3057,48.4132],[6.3013,48.4305],[6.2703,48.4261],[6.2604,48.4064],[6.2321,48.4002],[6.1784,48.3976],[6.1471,48.4042],[6.1524,48.381],[6.1167,48.354],[6.0976,48.3716],[6.066,48.3593],[6.0534,48.3656],[6.0252,48.357],[6.0041,48.3615],[5.9601,48.3507],[5.9447,48.3758],[5.9549,48.3873],[5.936,48.4029],[5.8791,48.4039],[5.8592,48.4162],[5.899,48.4467],[5.8869,48.4539],[5.9036,48.4802],[5.8881,48.494],[5.8561,48.5068],[5.8142,48.4982],[5.787,48.4829],[5.7652,48.4965],[5.761,48.5217],[5.7763,48.5411],[5.7161,48.5614],[5.7187,48.5903],[5.7647,48.6079],[5.7721,48.6203],[5.7446,48.6531],[5.745,48.6714],[5.7646,48.7011],[5.7527,48.7142],[5.719,48.7329],[5.714,48.7445],[5.7419,48.7528],[5.7403,48.7727],[5.7677,48.7901],[5.7812,48.835],[5.7655,48.8731],[5.7911,48.8866],[5.7659,48.8981],[5.7472,48.9153],[5.7795,48.9255],[5.8002,48.9467],[5.8171,48.9425],[5.8473,48.9518],[5.8475,48.9623],[5.8033,48.9859],[5.8152,48.9968],[5.8219,49.0227],[5.8542,49.0424],[5.8084,49.0758],[5.8214,49.0876],[5.8179,49.111],[5.7838,49.1126],[5.7713,49.1061],[5.7469,49.1246],[5.7598,49.1501],[5.7449,49.1566],[5.7655,49.1981],[5.7251,49.1956],[5.719,49.216],[5.7406,49.2301],[5.7209,49.2477],[5.7307,49.2698],[5.7605,49.2801],[5.7684,49.3032],[5.7318,49.3113],[5.7215,49.3317],[5.7384,49.352],[5.7038,49.3882],[5.6874,49.3939],[5.6923,49.415],[5.6346,49.4374],[5.6057,49.42],[5.5704,49.4234],[5.5291,49.4074],[5.5012,49.4085],[5.494,49.3903],[5.4655,49.3954],[5.4732,49.4108],[5.4942,49.4072],[5.5082,49.4213],[5.4791,49.4258],[5.4849,49.4474],[5.4641,49.4817],[5.4709,49.4972]]]},"properties":{"code":"54","nom":"Meurthe-et-Moselle"}},{"type":"Feature","geometry":{"type":"Polygon","coordinates":[[[4.951,49.2369],[4.9644,49.2474],[5.049,49.2853],[5.0298,49.3113],[5.0264,49.3359],[5.0534,49.357],[5.0602,49.3715],[5.0899,49.3703],[5.1041,49.3898],[5.0882,49.4064],[5.1053,49.4252],[5.0835,49.4841],[5.0624,49.4992],[5.0796,49.5099],[5.1006,49.5358],[5.0894,49.5415],[5.1183,49.5931],[5.1449,49.5899],[5.163,49.5635],[5.2131,49.5735],[5.2328,49.5695],[5.2627,49.5418],[5.3118,49.5593],[5.3399,49.5925],[5.3794,49.5943],[5.3935,49.6171],[5.431,49.5928],[5.442,49.5508],[5.4651,49.5389],[5.4476,49.5174],[5.4709,49.4972],[5.4641,49.4817],[5.4849,49.4474],[5.4791,49.4258],[5.5082,49.4213],[5.4942,49.4072],[5.4732,49.4108],[5.4655,49.3954],[5.494,49.3903],[5.5012,49.4085],[5.5291,49.4074],[5.5704,49.4234],[5.6057,49.42],[5.6346,49.4374],[5.6923,49.415],[5.6874,49.3939],[5.7038,49.3882],[5.7384,49.352],[5.7215,49.3317],[5.7318,49.3113],[5.7684,49.3032],[5.7605,49.2801],[5.7307,49.2698],[5.7209,49.2477],[5.7406,49.2301],[5.719,49.216],[5.7251,49.1956],[5.7655,49.1981],[5.7449,49.1566],[5.7598,49.1501],[5.7469,49.1246],[5.7713,49.1061],[5.7838,49.1126],[5.8179,49.111],[5.8214,49.0876],[5.8084,49.0758],[5.8542,49.0424],[5.8219,49.0227],[5.8152,48.9968],[5.8033,48.9859],[5.8475,48.9623],[5.8473,48.9518],[5.8171,48.9425],[5.8002,48.9467],[5.7795,48.9255],[5.7472,48.9153],[5.7659,48.8981],[5.7911,48.8866],[5.7655,48.8731],[5.7812,48.835],[5.7677,48.7901],[5.7403,48.7727],[5.7419,48.7528],[5.714,48.7445],[5.719,48.7329],[5.7527,48.7142],[5.7646,48.7011],[5.745,48.6714],[5.7446,48.6531],[5.7721,48.6203],[5.7647,48.6079],[5.7187,48.5903],[5.7161,48.5614],[5.7763,48.5411],[5.761,48.5217],[5.7652,48.4965],[5.7386,48.4661],[5.7132,48.4603],[5.679,48.4714],[5.6151,48.4404],[5.5647,48.4411],[5.5203,48.4324],[5.511,48.4182],[5.4701,48.4209],[5.4452,48.4251],[5.4085,48.4458],[5.4061,48.4654],[5.3495,48.482],[5.3273,48.5048],[5.3056,48.5159],[5.2649,48.5192],[5.2084,48.5386],[5.1731,48.5563],[5.1449,48.5629],[5.1179,48.585],[5.0704,48.5961],[5.0497,48.6313],[5.0323,48.6133],[5.0141,48.6102],[4.9947,48.6218],[5.0062,48.6335],[4.9928,48.6583],[5.0083,48.6702],[4.9884,48.6844],[5.0118,48.7067],[5.0092,48.7414],[4.9901,48.7418],[4.9479,48.7716],[4.9346,48.7904],[4.8896,48.7982],[4.8888,48.8172],[4.9357,48.8406],[4.9247,48.8646],[4.9247,48.8914],[4.9158,48.8998],[4.9362,48.9221],[4.9864,48.9319],[5.0301,48.9569],[5.0379,48.973],[5.0046,48.9836],[5.0327,48.9937],[5.0363,49.0243],[5.0077,49.035],[4.9684,49.0229],[5.0057,49.0599],[4.9921,49.1149],[4.9744,49.1334],[4.9534,49.172],[4.9398,49.1851],[4.9934,49.2096],[4.9708,49.2361],[4.951,49.2369]]]},"properties":{"code":"55","nom":"Meuse"}},{"type":"Feature","geometry":{"type":"MultiPolygon","coordinates":[[[[-3.4218,47.62],[-3.4407,47.6274],[-3.4619,47.6203],[-3.5076,47.6406],[-3.4969,47.6538],[-3.4295,47.6423],[-3.4218,47.62]]],[[[-3.1941,47.3659],[-3.1559,47.3611],[-3.1396,47.3298],[-3.0931,47.3151],[-3.0582,47.3117],[-3.0752,47.2877],[-3.0952,47.2832],[-3.1601,47.2923],[-3.1676,47.3016],[-3.1962,47.2937],[-3.221,47.2948],[-3.2491,47.3161],[-3.2397,47.3231],[-3.2605,47.3527],[-3.261,47.372],[-3.2196,47.3794],[-3.1941,47.3659]]],[[[-3.523,47.8491],[-3.5117,47.832],[-3.4884,47.8237],[-3.4585,47.8367],[-3.4492,47.8619],[-3.404,47.8662],[-3.4066,47.9172],[-3.387,47.9252],[-3.4015,47.943],[-3.3922,47.9565],[-3.4128,47.9742],[-3.4627,47.9485],[-3.4814,47.9519],[-3.4973,47.9766],[-3.5156,47.9754],[-3.5553,47.9931],[-3.5813,47.9871],[-3.6402,47.9852],[-3.6626,48.0201],[-3.6753,48.0593],[-3.6982,48.0623],[-3.7033,48.0873],[-3.7259,48.095],[-3.734,48.1129],[-3.7173,48.1215],[-3.7155,48.1422],[-3.6947,48.1509],[-3.6519,48.1566],[-3.6284,48.1687],[-3.5648,48.1857],[-3.5227,48.1787],[-3.4795,48.186],[-3.4215,48.1719],[-3.4365,48.1555],[-3.4123,48.147],[-3.3751,48.163],[-3.3447,48.1699],[-3.3162,48.1546],[-3.2996,48.1548],[-3.2722,48.14],[-3.2523,48.1491],[-3.2154,48.1482],[-3.1971,48.1627],[-3.1553,48.1585],[-3.1395,48.1637],[-3.1304,48.1984],[-3.0406,48.2033],[-3.014,48.1871],[-3.0118,48.1721],[-2.9877,48.1596],[-2.9397,48.1716],[-2.9027,48.1627],[-2.8508,48.1412],[-2.8098,48.1463],[-2.782,48.1206],[-2.758,48.1108],[-2.7025,48.118],[-2.6684,48.1327],[-2.6532,48.1181],[-2.6562,48.0843],[-2.6733,48.0633],[-2.6709,48.0503],[-2.6282,48.0338],[-2.5808,48.0671],[-2.5484,48.0767],[-2.5493,48.0991],[-2.5164,48.128],[-2.5337,48.1569],[-2.489,48.1553],[-2.4575,48.1636],[-2.4492,48.173],[-2.4071,48.1678],[-2.3999,48.1546],[-2.3757,48.1414],[-2.372,48.1228],[-2.3211,48.1233],[-2.3077,48.1368],[-2.2873,48.1337],[-2.2555,48.1094],[-2.2554,48.0657],[-2.2332,48.0756],[-2.1874,48.081],[-2.1704,48.0636],[-2.1937,48.0514],[-2.2419,48.0528],[-2.2796,48.0264],[-2.2829,47.9909],[-2.2329,47.9989],[-2.2048,47.9941],[-2.1741,47.9798],[-2.144,47.9835],[-2.1112,47.9593],[-2.0987,47.9355],[-2.0791,47.9195],[-2.0847,47.9054],[-2.1049,47.9024],[-2.1163,47.881],[-2.0963,47.8626],[-2.0912,47.8434],[-2.0516,47.8588],[-2.0516,47.8406],[-2.0358,47.8323],[-2.0495,47.8169],[-2.0705,47.8114],[-2.0723,47.7904],[-2.1282,47.7614],[-2.0847,47.7627],[-2.0587,47.7383],[-2.1087,47.7366],[-2.1315,47.7222],[-2.1193,47.7106],[-2.1227,47.6827],[-2.1044,47.6768],[-2.1143,47.6495],[-2.097,47.6314],[-2.085,47.6212],[-2.0869,47.6028],[-2.1037,47.5894],[-2.0965,47.5724],[-2.0986,47.534],[-2.156,47.522],[-2.1542,47.4964],[-2.1833,47.4917],[-2.1908,47.5121],[-2.2443,47.4936],[-2.2614,47.5136],[-2.2991,47.5005],[-2.3131,47.4859],[-2.3129,47.4645],[-2.3549,47.4549],[-2.371,47.4634],[-2.3999,47.456],[-2.423,47.4771],[-2.4534,47.4621],[-2.4585,47.4481],[-2.4795,47.4431],[-2.4987,47.4572],[-2.4896,47.4743],[-2.5015,47.4896],[-2.4412,47.4962],[-2.4661,47.5117],[-2.5177,47.5264],[-2.5439,47.523],[-2.5528,47.5126],[-2.6035,47.5163],[-2.6037,47.531],[-2.6523,47.5395],[-2.6519,47.5292],[-2.6813,47.4958],[-2.7155,47.5056],[-2.7839,47.4942],[-2.7954,47.4861],[-2.8495,47.4987],[-2.8476,47.5121],[-2.8752,47.5344],[-2.9132,47.543],[-2.9093,47.56],[-2.8827,47.5627],[-2.8621,47.5411],[-2.8189,47.5473],[-2.8053,47.5547],[-2.7624,47.5364],[-2.7342,47.5521],[-2.7154,47.5765],[-2.7144,47.593],[-2.7576,47.6129],[-2.7545,47.6359],[-2.7952,47.6195],[-2.8313,47.614],[-2.8512,47.619],[-2.8883,47.6037],[-2.8941,47.5819],[-2.937,47.5965],[-2.9507,47.5793],[-3.0047,47.5665],[-3.0265,47.5839],[-3.0949,47.5647],[-3.1233,47.5695],[-3.1332,47.5324],[-3.1169,47.4962],[-3.0945,47.4824],[-3.1294,47.4738],[-3.1518,47.5039],[-3.1521,47.5279],[-3.1346,47.5488],[-3.1397,47.5796],[-3.1584,47.607],[-3.1937,47.6219],[-3.2098,47.6407],[-3.2081,47.6634],[-3.1905,47.6825],[-3.1666,47.6804],[-3.1281,47.7056],[-3.126,47.7235],[-3.1594,47.7374],[-3.1763,47.7347],[-3.1737,47.702],[-3.2175,47.6673],[-3.215,47.6452],[-3.2709,47.6789],[-3.2879,47.701],[-3.3409,47.7087],[-3.3489,47.7286],[-3.3871,47.7019],[-3.4304,47.7032],[-3.4528,47.6953],[-3.4984,47.7294],[-3.521,47.7577],[-3.5299,47.7825],[-3.5174,47.805],[-3.5359,47.8164],[-3.5383,47.836],[-3.523,47.8491]]]]},"properties":{"code":"56","nom":"Morbihan"}},{"type":"Feature","geometry":{"type":"Polygon","coordinates":[[[5.8934,49.4969],[5.9399,49.501],[5.9718,49.4913],[5.9825,49.4511],[6.0277,49.4555],[6.0556,49.4654],[6.0767,49.4637],[6.1235,49.4734],[6.1552,49.5038],[6.2564,49.51],[6.2791,49.5034],[6.2966,49.4801],[6.3125,49.4803],[6.3644,49.4595],[6.4076,49.4675],[6.4191,49.4749],[6.4701,49.4628],[6.5544,49.4184],[6.5405,49.4011],[6.5633,49.3883],[6.5871,49.3849],[6.5685,49.3449],[6.5956,49.3303],[6.5889,49.3221],[6.6176,49.3022],[6.6386,49.2955],[6.6603,49.261],[6.6846,49.2423],[6.6948,49.2159],[6.7197,49.2214],[6.7315,49.2061],[6.7114,49.1885],[6.7385,49.1637],[6.7846,49.1681],[6.8345,49.1515],[6.8609,49.1787],[6.8515,49.2005],[6.8354,49.2113],[6.8574,49.2223],[6.8852,49.211],[6.9354,49.2222],[6.9593,49.203],[6.9746,49.2098],[6.9988,49.1943],[7.0343,49.1897],[7.0276,49.1701],[7.0461,49.1386],[7.0543,49.1126],[7.1028,49.1405],[7.1567,49.1213],[7.1839,49.1307],[7.2066,49.1235],[7.2453,49.1298],[7.2826,49.1169],[7.2987,49.1175],[7.3298,49.1449],[7.3628,49.1452],[7.3661,49.1725],[7.4451,49.1843],[7.4552,49.1663],[7.494,49.1696],[7.4922,49.1419],[7.5154,49.1212],[7.529,49.0972],[7.569,49.0798],[7.6,49.0833],[7.6311,49.0702],[7.6353,49.0542],[7.64,49.0491],[7.6096,49.0212],[7.5912,48.9937],[7.5784,48.9574],[7.5332,48.9335],[7.5019,48.9443],[7.4796,48.9614],[7.4516,48.968],[7.3923,48.9527],[7.3589,48.9576],[7.3269,48.9434],[7.2939,48.9716],[7.236,48.9878],[7.2093,48.9801],[7.1742,49.0064],[7.1305,49.0046],[7.1195,49.0372],[7.1081,49.0434],[7.1039,49.0742],[7.0681,49.0669],[7.0787,49.0504],[7.0549,49.0306],[7.053,49.0073],[7.0384,48.9969],[7.0322,48.956],[6.9892,48.9599],[6.9789,48.9333],[6.9555,48.9223],[6.9646,48.9045],[6.9889,48.8912],[7.0444,48.8735],[7.0502,48.8593],[7.0812,48.8641],[7.0866,48.8477],[7.0513,48.8463],[7.0545,48.8137],[7.0793,48.814],[7.0882,48.7925],[7.1232,48.8045],[7.1467,48.8213],[7.1494,48.8447],[7.1959,48.8404],[7.1967,48.8283],[7.2287,48.828],[7.262,48.7978],[7.2912,48.794],[7.3064,48.7691],[7.2869,48.7313],[7.2666,48.7142],[7.2602,48.6943],[7.2423,48.6921],[7.2646,48.6627],[7.3044,48.6602],[7.2704,48.6305],[7.2784,48.6252],[7.2564,48.6015],[7.2563,48.5887],[7.2183,48.5526],[7.1925,48.5488],[7.1679,48.5276],[7.1471,48.5269],[7.1144,48.5374],[7.0794,48.5364],[7.057,48.5511],[7.0342,48.5804],[6.9945,48.596],[6.9829,48.6119],[6.9608,48.6083],[6.93,48.6356],[6.9051,48.6198],[6.8636,48.6203],[6.8441,48.626],[6.8366,48.6431],[6.8105,48.6474],[6.7825,48.6427],[6.7573,48.6634],[6.7339,48.6638],[6.6879,48.6836],[6.6584,48.708],[6.638,48.7029],[6.6236,48.7137],[6.599,48.7157],[6.5948,48.7292],[6.5643,48.75],[6.5402,48.7539],[6.511,48.7488],[6.4896,48.7656],[6.4536,48.7659],[6.4335,48.789],[6.3949,48.7748],[6.3706,48.7846],[6.3307,48.8233],[6.3389,48.8341],[6.2889,48.8432],[6.3117,48.8638],[6.2983,48.8807],[6.3273,48.9052],[6.2883,48.9164],[6.272,48.9331],[6.2455,48.9238],[6.2226,48.9385],[6.1771,48.9349],[6.1623,48.9429],[6.1322,48.9347],[6.1169,48.9678],[6.0813,48.963],[6.0434,48.9775],[6.0451,49.0135],[5.9532,49.054],[5.9247,49.0921],[5.9316,49.1091],[5.9974,49.1078],[6.0049,49.114],[5.9814,49.1445],[6.0261,49.1651],[6.0023,49.185],[5.9828,49.1865],[5.9876,49.2096],[6.0294,49.2305],[6.0286,49.2484],[6.0067,49.2603],[6.0005,49.2754],[6.0064,49.308],[5.9852,49.3052],[5.944,49.3346],[5.9626,49.3449],[5.9561,49.3616],[5.9328,49.3702],[5.9296,49.4019],[5.912,49.4075],[5.9423,49.4303],[5.9386,49.4748],[5.9029,49.4838],[5.8934,49.4969]]]},"properties":{"code":"57","nom":"Moselle"}},{"type":"Feature","geometry":{"type":"Polygon","coordinates":[[[2.8746,47.5204],[2.8489,47.5375],[2.8575,47.5528],[2.8908,47.5531],[2.9143,47.566],[2.9587,47.5574],[2.9765,47.5694],[3.0188,47.5573],[3.0592,47.5688],[3.0806,47.5855],[3.102,47.588],[3.1351,47.5419],[3.1652,47.5175],[3.2046,47.523],[3.2355,47.4892],[3.2722,47.4915],[3.2853,47.5039],[3.3395,47.4782],[3.3807,47.4873],[3.3973,47.5089],[3.4372,47.508],[3.4883,47.4938],[3.4924,47.5601],[3.5046,47.5579],[3.5135,47.5277],[3.5531,47.5023],[3.5806,47.4979],[3.5801,47.4649],[3.679,47.4455],[3.7148,47.4068],[3.7406,47.3965],[3.7746,47.4062],[3.7856,47.3905],[3.8185,47.3802],[3.8218,47.4028],[3.8444,47.4108],[3.8515,47.4356],[3.8783,47.4293],[3.8934,47.4103],[3.8635,47.3958],[3.8719,47.3669],[3.8868,47.3646],[3.9088,47.3821],[3.9442,47.3802],[3.9654,47.3652],[3.9731,47.3327],[3.9993,47.3128],[4.0288,47.3156],[4.0464,47.3399],[4.1061,47.3393],[4.1249,47.3359],[4.1304,47.3202],[4.1141,47.308],[4.1158,47.2797],[4.1355,47.2374],[4.1781,47.2503],[4.2181,47.2205],[4.2307,47.199],[4.2125,47.1818],[4.2098,47.1554],[4.1819,47.1505],[4.1374,47.1427],[4.1151,47.1462],[4.116,47.1233],[4.0935,47.1184],[4.0614,47.121],[4.0387,47.08],[4.0683,47.0608],[4.0565,47.0359],[4.0549,47.0127],[4.0315,46.9983],[3.9952,46.9853],[4.0144,46.9725],[4.0394,46.9851],[4.0557,46.9568],[4.0372,46.9182],[4.0479,46.8998],[4.0635,46.8986],[4.0939,46.8747],[4.1009,46.8591],[4.0562,46.8433],[4.0627,46.7894],[4.0334,46.7876],[3.9632,46.766],[3.9268,46.7393],[3.8862,46.7274],[3.8447,46.7209],[3.8261,46.7039],[3.7973,46.7015],[3.7837,46.736],[3.7362,46.7525],[3.6765,46.7389],[3.6389,46.7414],[3.6294,46.7495],[3.5757,46.7495],[3.598,46.724],[3.5773,46.7149],[3.5504,46.7159],[3.5601,46.6894],[3.5465,46.6783],[3.524,46.686],[3.4886,46.6602],[3.4553,46.6524],[3.4473,46.6636],[3.4538,46.6841],[3.433,46.6933],[3.4341,46.7119],[3.3878,46.7148],[3.3664,46.6913],[3.3467,46.6844],[3.314,46.6888],[3.3009,46.7163],[3.2698,46.7167],[3.2155,46.6829],[3.1973,46.6799],[3.1632,46.6935],[3.1298,46.7272],[3.0839,46.7376],[3.0491,46.7581],[3.0321,46.7949],[3.0593,46.8273],[3.0695,46.8531],[3.0681,46.8777],[3.0503,46.9106],[3.0793,46.9551],[3.0629,46.9858],[3.0758,47.0191],[3.0627,47.0453],[3.0232,47.0626],[3.0314,47.0925],[3.0281,47.1291],[3.0093,47.1799],[2.9817,47.222],[2.9834,47.2598],[2.9379,47.2877],[2.9078,47.311],[2.8768,47.3218],[2.8735,47.3484],[2.9195,47.4073],[2.9312,47.4417],[2.9027,47.4788],[2.8885,47.5094],[2.8746,47.5204]]]},"properties":{"code":"58","nom":"Nièvre"}},{"type":"Feature","geometry":{"type":"MultiPolygon","coordinates":[[[[3.0404,50.1597],[3.063,50.1737],[3.0939,50.1622],[3.0681,50.1473],[3.0728,50.1312],[3.037,50.1303],[3.0273,50.1186],[2.9993,50.1189],[3.0039,50.1502],[3.0404,50.1597]]],[[[2.0677,51.0065],[2.1101,51.0052],[2.1387,51.0205],[2.1902,51.018],[2.1918,51.0347],[2.2186,51.0322],[2.259,51.0435],[2.3422,51.0573],[2.3952,51.0503],[2.4248,51.0556],[2.5463,51.0884],[2.5629,51.0646],[2.576,51.0138],[2.574,51.0035],[2.608,50.9872],[2.6327,50.946],[2.59,50.9191],[2.6075,50.9124],[2.6103,50.8621],[2.635,50.8128],[2.7182,50.8132],[2.7375,50.7827],[2.7819,50.7511],[2.7867,50.7338],[2.8133,50.7169],[2.8484,50.7229],[2.8702,50.7029],[2.8984,50.6942],[2.9223,50.7028],[2.9374,50.7421],[2.9697,50.7496],[3.022,50.7721],[3.0614,50.7805],[3.0887,50.7734],[3.1109,50.7941],[3.152,50.7823],[3.1991,50.7347],[3.2118,50.7133],[3.2447,50.713],[3.2584,50.7006],[3.2624,50.6785],[3.2411,50.6578],[3.2552,50.6226],[3.2703,50.6108],[3.2817,50.5773],[3.276,50.5585],[3.2865,50.5276],[3.3627,50.5031],[3.3762,50.4911],[3.4322,50.5071],[3.474,50.5336],[3.5194,50.5229],[3.4963,50.4987],[3.5223,50.495],[3.5683,50.501],[3.5853,50.4905],[3.6071,50.4973],[3.6436,50.4632],[3.6642,50.4532],[3.6737,50.3897],[3.6583,50.3713],[3.6737,50.3349],[3.7104,50.3032],[3.7316,50.3124],[3.7362,50.3433],[3.7474,50.3509],[3.8528,50.3516],[3.8898,50.33],[3.909,50.3285],[3.9679,50.3504],[3.9939,50.3486],[4.0274,50.3575],[4.0376,50.3429],[4.122,50.2983],[4.1244,50.2736],[4.2075,50.273],[4.2219,50.257],[4.1895,50.2369],[4.1601,50.2025],[4.1494,50.1748],[4.1541,50.1613],[4.1269,50.135],[4.197,50.1353],[4.1975,50.1092],[4.2275,50.0797],[4.2178,50.0608],[4.1739,50.0456],[4.1622,50.049],[4.1364,50.0205],[4.1577,49.9882],[4.1409,49.9788],[4.0871,49.9692],[4.0567,49.9854],[4.013,49.9857],[3.9794,50.003],[3.9947,50.0255],[3.9895,50.0413],[3.9034,50.018],[3.882,50.033],[3.8357,50.0483],[3.8158,50.039],[3.7975,50.0484],[3.7464,50.0536],[3.7152,50.0693],[3.6657,50.0547],[3.6623,50.0391],[3.6136,50.0254],[3.6007,50.0399],[3.5672,50.0533],[3.5428,50.0539],[3.5286,50.0382],[3.5071,50.0358],[3.4907,50.0189],[3.4282,50.0221],[3.3989,50.0348],[3.353,50.0359],[3.3371,50.0171],[3.2802,50.0152],[3.2307,50.032],[3.2026,50.0174],[3.173,50.0113],[3.1176,50.0277],[3.0903,50.0537],[3.0948,50.0832],[3.1141,50.0922],[3.1048,50.1153],[3.0919,50.1206],[3.129,50.1656],[3.1561,50.1837],[3.1314,50.1994],[3.1428,50.2192],[3.1789,50.2191],[3.1884,50.2287],[3.1557,50.2432],[3.1337,50.2662],[3.0515,50.2767],[3.0186,50.2644],[3.0153,50.2838],[3.0843,50.3112],[3.0048,50.3668],[2.9904,50.3953],[3.0252,50.4076],[3.0764,50.4406],[3.0544,50.4551],[3.0377,50.4416],[3.0168,50.4483],[3.0158,50.4865],[2.9647,50.5128],[2.899,50.5016],[2.8799,50.5159],[2.8814,50.5354],[2.826,50.5254],[2.8019,50.5348],[2.8134,50.5493],[2.8082,50.5792],[2.7891,50.5831],[2.8065,50.6068],[2.8424,50.6291],[2.8697,50.6311],[2.8404,50.6566],[2.8092,50.6694],[2.769,50.6637],[2.7574,50.6182],[2.7256,50.6141],[2.7139,50.6313],[2.6845,50.6327],[2.6305,50.618],[2.5866,50.6381],[2.5647,50.6245],[2.537,50.6305],[2.5336,50.6431],[2.4959,50.6312],[2.4504,50.6538],[2.429,50.657],[2.4078,50.6728],[2.3831,50.6718],[2.3635,50.6846],[2.383,50.6963],[2.3417,50.7284],[2.3409,50.7409],[2.4115,50.7667],[2.376,50.784],[2.3429,50.7811],[2.2525,50.7881],[2.213,50.8162],[2.2019,50.8508],[2.1541,50.926],[2.1353,50.9643],[2.0976,50.9984],[2.0677,51.0065]]]]},"properties":{"code":"59","nom":"Nord"}},{"type":"Feature","geometry":{"type":"Polygon","coordinates":[[[1.7838,49.7583],[1.809,49.7543],[1.8367,49.7401],[1.8381,49.7084],[1.8939,49.699],[1.9332,49.7196],[1.9889,49.7094],[2.0268,49.7113],[2.0599,49.6949],[2.1035,49.6947],[2.1214,49.6881],[2.1565,49.7021],[2.2176,49.7025],[2.2851,49.6894],[2.3157,49.6898],[2.3376,49.669],[2.3709,49.6564],[2.4097,49.661],[2.4457,49.653],[2.4781,49.6208],[2.5061,49.635],[2.5267,49.6294],[2.5715,49.5971],[2.597,49.6117],[2.6238,49.6102],[2.6299,49.5803],[2.6496,49.5718],[2.6707,49.5814],[2.6712,49.5986],[2.6876,49.6248],[2.7396,49.6269],[2.771,49.6144],[2.7981,49.6181],[2.7898,49.6381],[2.8007,49.6614],[2.8434,49.6585],[2.8573,49.6837],[2.9157,49.7027],[2.9495,49.6907],[2.9896,49.708],[3.0262,49.6803],[3.063,49.7126],[3.1184,49.706],[3.1156,49.665],[3.0978,49.6567],[3.1128,49.6313],[3.0936,49.6225],[3.122,49.6037],[3.1398,49.5762],[3.127,49.573],[3.1315,49.5434],[3.1212,49.521],[3.0963,49.5179],[3.1213,49.4937],[3.1071,49.4682],[3.1606,49.4516],[3.1626,49.4406],[3.1319,49.4318],[3.1005,49.4393],[3.0925,49.3753],[3.0768,49.3713],[3.0747,49.349],[3.0429,49.3336],[3.0015,49.34],[2.9646,49.3219],[2.981,49.2979],[3.0352,49.2872],[3.0258,49.2599],[3.0398,49.2284],[3.0236,49.2166],[3.0028,49.2357],[2.9586,49.2261],[2.9706,49.2143],[2.9678,49.1916],[3.0024,49.1878],[3.0005,49.2136],[3.05,49.2088],[3.0576,49.1973],[3.1027,49.1973],[3.1169,49.1893],[3.1214,49.1616],[3.1397,49.1526],[3.0943,49.142],[3.0925,49.1288],[3.0719,49.1176],[3.0484,49.0863],[3.0085,49.0915],[2.9746,49.0748],[2.9015,49.0854],[2.895,49.0771],[2.8561,49.07],[2.8452,49.0847],[2.7919,49.0902],[2.7871,49.0753],[2.7536,49.0607],[2.7067,49.0657],[2.6732,49.0909],[2.6333,49.1084],[2.5905,49.0797],[2.5582,49.0984],[2.4899,49.1064],[2.5033,49.1176],[2.4716,49.1354],[2.4131,49.1524],[2.3913,49.1493],[2.3463,49.1618],[2.3109,49.1864],[2.2864,49.1599],[2.2525,49.1529],[2.2187,49.1807],[2.182,49.1737],[2.1327,49.1914],[2.0969,49.1898],[2.0749,49.2087],[2.0006,49.1757],[1.9738,49.1838],[1.9607,49.1735],[1.9315,49.1742],[1.8852,49.1626],[1.877,49.1714],[1.8455,49.1699],[1.7955,49.1853],[1.7552,49.1745],[1.7421,49.1802],[1.7341,49.2213],[1.7044,49.2322],[1.7105,49.2645],[1.7345,49.269],[1.7644,49.2631],[1.7895,49.2479],[1.8027,49.272],[1.7758,49.2995],[1.7679,49.3198],[1.7741,49.3347],[1.7593,49.3682],[1.7203,49.3948],[1.7139,49.4092],[1.723,49.4339],[1.7474,49.4594],[1.7759,49.4713],[1.7741,49.4863],[1.7902,49.5035],[1.7719,49.5128],[1.7508,49.4953],[1.7192,49.5082],[1.7479,49.5377],[1.7272,49.5416],[1.7298,49.5613],[1.7148,49.5764],[1.7058,49.6062],[1.7216,49.622],[1.7088,49.6464],[1.7252,49.6726],[1.7522,49.681],[1.734,49.6992],[1.7045,49.6809],[1.6896,49.6948],[1.7155,49.7086],[1.7197,49.7305],[1.7455,49.7386],[1.7416,49.7516],[1.7838,49.7583]]]},"properties":{"code":"60","nom":"Oise"}},{"type":"Feature","geometry":{"type":"Polygon","coordinates":[[[-0.8409,48.7522],[-0.8193,48.7541],[-0.7806,48.7867],[-0.7126,48.8007],[-0.6822,48.8218],[-0.7055,48.8368],[-0.6936,48.8472],[-0.6264,48.8268],[-0.5445,48.8479],[-0.494,48.8486],[-0.4688,48.8692],[-0.4313,48.8743],[-0.409,48.8709],[-0.3862,48.8453],[-0.3462,48.822],[-0.3267,48.8403],[-0.3285,48.8576],[-0.2945,48.8517],[-0.2622,48.8536],[-0.1767,48.8342],[-0.1463,48.8344],[-0.0851,48.8447],[-0.059,48.8535],[-0.0307,48.8739],[0.0088,48.8911],[0.0564,48.9025],[0.0709,48.9321],[0.0949,48.9358],[0.1276,48.9522],[0.1565,48.9248],[0.1875,48.9406],[0.2423,48.9443],[0.2447,48.9588],[0.2725,48.9647],[0.2826,48.949],[0.3105,48.9526],[0.3332,48.9428],[0.3581,48.9505],[0.3773,48.9726],[0.4061,48.9635],[0.4128,48.9506],[0.3908,48.9271],[0.3862,48.9104],[0.4216,48.8986],[0.4201,48.8882],[0.4536,48.8802],[0.4761,48.8869],[0.5021,48.8782],[0.5525,48.8755],[0.578,48.8936],[0.611,48.8532],[0.6079,48.8325],[0.6687,48.808],[0.689,48.7946],[0.7319,48.7855],[0.7584,48.768],[0.7508,48.7595],[0.775,48.7375],[0.7434,48.7169],[0.7661,48.6968],[0.7641,48.6753],[0.7822,48.6665],[0.8148,48.6702],[0.8268,48.6306],[0.8178,48.6163],[0.8466,48.6048],[0.8496,48.5843],[0.8677,48.5735],[0.8913,48.5722],[0.9388,48.5506],[0.9226,48.5377],[0.9667,48.5241],[0.954,48.5038],[0.9563,48.4823],[0.9357,48.4756],[0.9584,48.4426],[0.944,48.4154],[0.9486,48.4025],[0.909,48.3703],[0.8837,48.3567],[0.8187,48.3493],[0.7854,48.3404],[0.7689,48.3219],[0.7958,48.2865],[0.7876,48.2613],[0.8302,48.2143],[0.7977,48.1945],[0.7641,48.1816],[0.7236,48.1981],[0.6955,48.2363],[0.6755,48.2547],[0.6532,48.2637],[0.6236,48.2453],[0.5792,48.2444],[0.536,48.2498],[0.5303,48.2655],[0.4946,48.2868],[0.4876,48.3078],[0.4313,48.3066],[0.4062,48.3146],[0.3826,48.3338],[0.3831,48.3551],[0.3717,48.4105],[0.3816,48.4252],[0.3558,48.4582],[0.3002,48.4806],[0.218,48.4738],[0.1898,48.4619],[0.1722,48.4648],[0.1513,48.4372],[0.1162,48.4356],[0.0992,48.4104],[0.0687,48.4067],[0.0625,48.383],[0.021,48.3802],[0.0034,48.396],[-0.0446,48.3798],[-0.0545,48.382],[-0.0574,48.4285],[-0.0519,48.4533],[-0.1064,48.4475],[-0.1436,48.4547],[-0.1663,48.5156],[-0.1446,48.5278],[-0.1694,48.537],[-0.2069,48.5629],[-0.2344,48.5623],[-0.2618,48.5479],[-0.2415,48.5371],[-0.263,48.5236],[-0.2715,48.5075],[-0.3202,48.5229],[-0.3382,48.5005],[-0.3676,48.4929],[-0.4438,48.5137],[-0.4782,48.5016],[-0.5051,48.5058],[-0.5304,48.4952],[-0.5503,48.4742],[-0.5986,48.471],[-0.6511,48.4439],[-0.6662,48.4859],[-0.7021,48.4672],[-0.7303,48.4727],[-0.7359,48.4611],[-0.7151,48.4489],[-0.7573,48.4366],[-0.7796,48.446],[-0.7779,48.4654],[-0.7976,48.4653],[-0.8604,48.5015],[-0.8477,48.5211],[-0.8057,48.5499],[-0.7742,48.5627],[-0.7684,48.5903],[-0.7517,48.6013],[-0.7524,48.6221],[-0.7734,48.6575],[-0.7355,48.684],[-0.7918,48.7052],[-0.8179,48.7312],[-0.8492,48.7308],[-0.8409,48.7522]]]},"properties":{"code":"61","nom":"Orne"}},{"type":"Feature","geometry":{"type":"Polygon","coordinates":[[[2.0677,51.0065],[2.0976,50.9984],[2.1353,50.9643],[2.1541,50.926],[2.2019,50.8508],[2.213,50.8162],[2.2525,50.7881],[2.3429,50.7811],[2.376,50.784],[2.4115,50.7667],[2.3409,50.7409],[2.3417,50.7284],[2.383,50.6963],[2.3635,50.6846],[2.3831,50.6718],[2.4078,50.6728],[2.429,50.657],[2.4504,50.6538],[2.4959,50.6312],[2.5336,50.6431],[2.537,50.6305],[2.5647,50.6245],[2.5866,50.6381],[2.6305,50.618],[2.6845,50.6327],[2.7139,50.6313],[2.7256,50.6141],[2.7574,50.6182],[2.769,50.6637],[2.8092,50.6694],[2.8404,50.6566],[2.8697,50.6311],[2.8424,50.6291],[2.8065,50.6068],[2.7891,50.5831],[2.8082,50.5792],[2.8134,50.5493],[2.8019,50.5348],[2.826,50.5254],[2.8814,50.5354],[2.8799,50.5159],[2.899,50.5016],[2.9647,50.5128],[3.0158,50.4865],[3.0168,50.4483],[3.0377,50.4416],[3.0544,50.4551],[3.0764,50.4406],[3.0252,50.4076],[2.9904,50.3953],[3.0048,50.3668],[3.0843,50.3112],[3.0153,50.2838],[3.0186,50.2644],[3.0515,50.2767],[3.1337,50.2662],[3.1557,50.2432],[3.1884,50.2287],[3.1789,50.2191],[3.1428,50.2192],[3.1314,50.1994],[3.1561,50.1837],[3.129,50.1656],[3.0919,50.1206],[3.1048,50.1153],[3.1141,50.0922],[3.0948,50.0832],[3.0903,50.0537],[3.0745,50.0453],[3.0144,50.0592],[2.9788,50.0464],[2.9445,50.0535],[2.9172,50.0357],[2.8765,50.0422],[2.8578,50.0774],[2.8075,50.0624],[2.789,50.0453],[2.7631,50.0386],[2.7425,50.0482],[2.7818,50.0911],[2.7633,50.11],[2.7296,50.126],[2.6918,50.0917],[2.6334,50.1008],[2.6201,50.1111],[2.576,50.1134],[2.5792,50.1286],[2.5571,50.142],[2.5325,50.115],[2.5149,50.1408],[2.4815,50.1382],[2.4501,50.1244],[2.4297,50.0882],[2.4145,50.1006],[2.3755,50.1093],[2.3924,50.1453],[2.3898,50.1555],[2.4148,50.1731],[2.4512,50.1787],[2.4957,50.1946],[2.4852,50.2078],[2.4524,50.2262],[2.4055,50.234],[2.3814,50.2256],[2.3702,50.2098],[2.3405,50.2293],[2.3012,50.2129],[2.2698,50.2288],[2.2458,50.2117],[2.2173,50.2175],[2.1741,50.2089],[2.1602,50.1951],[2.1226,50.2107],[2.0857,50.201],[2.0561,50.2552],[2.0264,50.2695],[2.0032,50.2704],[1.9364,50.3015],[1.9588,50.3123],[1.9381,50.3301],[1.918,50.3118],[1.8759,50.3217],[1.8726,50.3322],[1.8313,50.3455],[1.8051,50.3596],[1.7788,50.3619],[1.7395,50.3546],[1.6707,50.331],[1.6415,50.3522],[1.6252,50.3718],[1.5795,50.3792],[1.5557,50.3977],[1.57,50.4445],[1.5774,50.5165],[1.5854,50.5374],[1.6193,50.5353],[1.5813,50.5628],[1.5766,50.5722],[1.5755,50.6438],[1.5607,50.6997],[1.5941,50.7349],[1.6044,50.7628],[1.6055,50.793],[1.5779,50.8533],[1.5835,50.8718],[1.6421,50.8789],[1.6673,50.8923],[1.6925,50.9154],[1.7289,50.9379],[1.7807,50.9549],[1.8324,50.9631],[1.8712,50.9749],[1.8897,50.9723],[1.9158,50.9841],[2.0454,50.9983],[2.0677,51.0065]],[[3.0404,50.1597],[3.0039,50.1502],[2.9993,50.1189],[3.0273,50.1186],[3.037,50.1303],[3.0728,50.1312],[3.0681,50.1473],[3.0939,50.1622],[3.063,50.1737],[3.0404,50.1597]]]},"properties":{"code":"62","nom":"Pas-de-Calais"}},{"type":"Feature","geometry":{"type":"Polygon","coordinates":[[[2.5654,46.143],[2.6407,46.1185],[2.6553,46.126],[2.6755,46.1558],[2.6775,46.1728],[2.7159,46.1796],[2.7306,46.1961],[2.7209,46.2113],[2.7324,46.2231],[2.7868,46.1986],[2.8103,46.1962],[2.823,46.2198],[2.8186,46.2326],[2.8382,46.2513],[2.8913,46.2536],[2.9371,46.2429],[2.9365,46.2217],[2.9134,46.2108],[2.9201,46.191],[2.9111,46.1774],[2.9428,46.1685],[2.9718,46.1218],[2.9938,46.1237],[3.0165,46.1024],[3.0481,46.1003],[3.0906,46.1145],[3.0998,46.0949],[3.1281,46.0714],[3.1665,46.0657],[3.1831,46.0745],[3.2145,46.0749],[3.2337,46.0636],[3.281,46.0659],[3.3328,46.055],[3.3676,46.0543],[3.3829,46.0648],[3.419,46.0743],[3.4331,46.0612],[3.4536,46.0638],[3.4679,46.0237],[3.4814,46.0137],[3.5346,46.0224],[3.5413,46.0152],[3.6014,46.0151],[3.6413,45.9646],[3.6768,45.9581],[3.694,45.9307],[3.7235,45.9219],[3.7544,45.886],[3.7315,45.8702],[3.7253,45.8271],[3.7116,45.7996],[3.6907,45.7922],[3.7311,45.7748],[3.7271,45.7555],[3.7587,45.746],[3.7828,45.7067],[3.7769,45.6908],[3.8235,45.6324],[3.8617,45.6227],[3.8847,45.6028],[3.9036,45.599],[3.9355,45.5768],[3.9543,45.556],[3.9459,45.5445],[3.9648,45.5032],[3.9844,45.4941],[3.9666,45.4722],[3.9728,45.4614],[3.9601,45.4434],[3.8992,45.4103],[3.8892,45.3945],[3.8974,45.3571],[3.8697,45.3558],[3.8377,45.3657],[3.8353,45.3761],[3.8049,45.3921],[3.7857,45.3708],[3.79,45.3539],[3.7723,45.3492],[3.7058,45.3607],[3.6799,45.3842],[3.6632,45.3616],[3.6186,45.3377],[3.5903,45.3572],[3.588,45.3752],[3.5631,45.3949],[3.5209,45.4024],[3.5013,45.4276],[3.4798,45.4211],[3.4636,45.4019],[3.3774,45.402],[3.356,45.4227],[3.3243,45.4064],[3.3063,45.4195],[3.2907,45.4018],[3.2209,45.3789],[3.1681,45.3523],[3.1035,45.3544],[3.0817,45.3362],[3.0603,45.3306],[3.0586,45.3066],[3.0218,45.2954],[3.0183,45.2871],[2.9673,45.3071],[2.9496,45.3089],[2.9318,45.3306],[2.9207,45.3654],[2.8863,45.383],[2.8677,45.3761],[2.8517,45.3923],[2.8012,45.3929],[2.7635,45.3856],[2.7428,45.3933],[2.7149,45.3816],[2.6871,45.4063],[2.6765,45.4391],[2.6634,45.4342],[2.6397,45.4457],[2.5904,45.4501],[2.5437,45.4776],[2.5084,45.4785],[2.5168,45.5238],[2.5163,45.5534],[2.4909,45.5604],[2.4639,45.5947],[2.4784,45.6079],[2.4834,45.6393],[2.5175,45.6396],[2.5249,45.6572],[2.5126,45.6698],[2.5265,45.6854],[2.521,45.7068],[2.4921,45.7377],[2.4547,45.7609],[2.4355,45.767],[2.4274,45.7943],[2.388,45.8274],[2.4013,45.8376],[2.4265,45.8348],[2.4706,45.8723],[2.4922,45.864],[2.5279,45.8992],[2.5516,45.9413],[2.5696,45.9588],[2.6108,45.9712],[2.5944,45.9894],[2.6025,46.0335],[2.5717,46.0484],[2.5522,46.0825],[2.5505,46.119],[2.5654,46.143]]]},"properties":{"code":"63","nom":"Puy-de-Dôme"}},{"type":"Feature","geometry":{"type":"Polygon","coordinates":[[[-0.2428,43.585],[-0.2106,43.5932],[-0.2047,43.5836],[-0.1729,43.5936],[-0.1604,43.5806],[-0.1216,43.5862],[-0.0968,43.5824],[-0.0889,43.5572],[-0.0644,43.5451],[-0.0401,43.5126],[-0.0493,43.4925],[-0.034,43.4749],[-0.0658,43.4635],[-0.0696,43.433],[-0.0427,43.4104],[-0.0337,43.4325],[-0.0165,43.4439],[0.0097,43.4222],[-0.0039,43.3935],[-0.0053,43.3738],[0.0295,43.3462],[0.0103,43.3253],[-0.0249,43.3295],[-0.0461,43.3009],[-0.0444,43.2853],[-0.017,43.2705],[-0.0459,43.2321],[-0.0725,43.2244],[-0.0679,43.1771],[-0.1177,43.1803],[-0.1263,43.1577],[-0.1461,43.1282],[-0.1709,43.1134],[-0.191,43.1112],[-0.1878,43.0833],[-0.1991,43.0644],[-0.2004,43.0427],[-0.2244,43.0338],[-0.2599,43.0383],[-0.2648,43.01],[-0.2872,43.0059],[-0.2923,42.9911],[-0.2816,42.9336],[-0.3272,42.9165],[-0.3071,42.87],[-0.3134,42.8494],[-0.3215,42.8372],[-0.3475,42.8359],[-0.368,42.8138],[-0.3926,42.7996],[-0.4092,42.8078],[-0.4443,42.7964],[-0.5096,42.8254],[-0.5248,42.8117],[-0.5229,42.7991],[-0.5438,42.7932],[-0.5512,42.7775],[-0.5706,42.7829],[-0.5689,42.8068],[-0.5927,42.8032],[-0.6036,42.8326],[-0.6489,42.8552],[-0.6787,42.8844],[-0.699,42.8797],[-0.7253,42.8913],[-0.735,42.9122],[-0.7251,42.923],[-0.7516,42.9669],[-0.7878,42.9642],[-0.81,42.9514],[-0.865,42.9508],[-0.8997,42.9619],[-0.9465,42.9541],[-1.0005,42.978],[-1.0064,42.989],[-1.0831,43.0017],[-1.113,43.0224],[-1.1334,43.0104],[-1.1669,43.0356],[-1.1807,43.0325],[-1.2287,43.0552],[-1.2472,43.0424],[-1.2643,43.0446],[-1.2835,43.0613],[-1.3085,43.0687],[-1.2987,43.0933],[-1.2802,43.1182],[-1.322,43.1123],[-1.3462,43.0911],[-1.3409,43.0802],[-1.3547,43.0285],[-1.4412,43.0463],[-1.4717,43.0811],[-1.4709,43.0917],[-1.4155,43.1275],[-1.416,43.1497],[-1.4034,43.1598],[-1.402,43.1779],[-1.3845,43.1913],[-1.3827,43.253],[-1.4132,43.2734],[-1.4389,43.2665],[-1.4954,43.2827],[-1.5053,43.2928],[-1.5647,43.2879],[-1.5581,43.2769],[-1.5777,43.2506],[-1.6087,43.2519],[-1.6304,43.2844],[-1.6226,43.3006],[-1.6671,43.3145],[-1.6941,43.3123],[-1.7297,43.2957],[-1.7577,43.344],[-1.7871,43.3514],[-1.789,43.3741],[-1.762,43.3759],[-1.6391,43.4084],[-1.6015,43.4333],[-1.563,43.4847],[-1.5481,43.496],[-1.5249,43.5297],[-1.5014,43.5269],[-1.4766,43.5393],[-1.4641,43.5198],[-1.4311,43.5146],[-1.4154,43.4972],[-1.3679,43.4949],[-1.3275,43.5049],[-1.2889,43.4987],[-1.2173,43.5307],[-1.1956,43.5461],[-1.1708,43.5456],[-1.1316,43.5107],[-1.164,43.5084],[-1.1626,43.4915],[-1.1196,43.5015],[-1.1092,43.5141],[-1.0736,43.5194],[-1.0265,43.5034],[-0.9934,43.5054],[-0.9899,43.5335],[-0.9758,43.5393],[-0.9509,43.5321],[-0.8967,43.5505],[-0.8556,43.5419],[-0.8427,43.5536],[-0.7818,43.5642],[-0.7683,43.5795],[-0.7181,43.5406],[-0.701,43.561],[-0.6708,43.5667],[-0.6008,43.5382],[-0.5671,43.5582],[-0.5572,43.5428],[-0.5106,43.5632],[-0.5077,43.5692],[-0.4499,43.5957],[-0.4335,43.5803],[-0.4634,43.5666],[-0.452,43.5504],[-0.406,43.5682],[-0.3536,43.5618],[-0.336,43.5509],[-0.3037,43.5603],[-0.2764,43.5848],[-0.2428,43.585]],[[-0.1033,43.3586],[-0.0901,43.3589],[-0.0873,43.3338],[-0.1155,43.3324],[-0.1103,43.313],[-0.075,43.3071],[-0.0625,43.3467],[-0.0832,43.3714],[-0.1033,43.3586]],[[-0.1031,43.2428],[-0.0798,43.2624],[-0.0962,43.2855],[-0.092,43.3005],[-0.1119,43.3104],[-0.1374,43.2857],[-0.1406,43.2719],[-0.1219,43.2434],[-0.1031,43.2428]]]},"properties":{"code":"64","nom":"Pyrénées-Atlantiques"}},{"type":"Feature","geometry":{"type":"MultiPolygon","coordinates":[[[[-0.1031,43.2428],[-0.1219,43.2434],[-0.1406,43.2719],[-0.1374,43.2857],[-0.1119,43.3104],[-0.092,43.3005],[-0.0962,43.2855],[-0.0798,43.2624],[-0.1031,43.2428]]],[[[-0.1033,43.3586],[-0.0832,43.3714],[-0.0625,43.3467],[-0.075,43.3071],[-0.1103,43.313],[-0.1155,43.3324],[-0.0873,43.3338],[-0.0901,43.3589],[-0.1033,43.3586]]],[[[-0.0968,43.5824],[-0.0772,43.5902],[-0.074,43.6063],[-0.0158,43.6047],[-0.0066,43.5943],[-0.0019,43.5655],[0.0158,43.5434],[0.0296,43.5449],[0.0561,43.5188],[0.0806,43.5239],[0.0898,43.5102],[0.1121,43.5174],[0.1305,43.4949],[0.135,43.4657],[0.1493,43.4654],[0.166,43.4427],[0.1375,43.434],[0.1539,43.3993],[0.1738,43.4028],[0.182,43.3712],[0.2317,43.3677],[0.2784,43.3862],[0.3009,43.3718],[0.3277,43.371],[0.3283,43.3485],[0.3391,43.3435],[0.3883,43.3562],[0.3957,43.3336],[0.443,43.3279],[0.445,43.3407],[0.498,43.3262],[0.5043,43.3335],[0.5474,43.3293],[0.6068,43.3109],[0.6357,43.3001],[0.6183,43.2904],[0.5511,43.2362],[0.5738,43.2203],[0.5519,43.2091],[0.5174,43.2124],[0.5157,43.1896],[0.4878,43.1653],[0.47,43.1573],[0.442,43.1313],[0.4639,43.1178],[0.5323,43.0939],[0.5331,43.0828],[0.5573,43.0664],[0.5653,43.0412],[0.5379,43.0416],[0.5341,43.015],[0.5412,43.0017],[0.5674,43.0209],[0.5918,43.0224],[0.608,43.034],[0.6274,43.0001],[0.6116,42.9884],[0.6188,42.9724],[0.6455,42.9621],[0.642,42.9529],[0.6061,42.9344],[0.5865,42.8998],[0.5759,42.8708],[0.5598,42.8613],[0.5324,42.8633],[0.4774,42.8782],[0.4565,42.8182],[0.4631,42.7901],[0.4559,42.7699],[0.4634,42.7596],[0.4551,42.7281],[0.4846,42.7099],[0.4777,42.7],[0.4356,42.6904],[0.4021,42.6965],[0.3926,42.7131],[0.3596,42.7234],[0.3262,42.7052],[0.3208,42.6831],[0.2928,42.6749],[0.2657,42.6959],[0.2601,42.7155],[0.2267,42.7174],[0.206,42.7293],[0.1757,42.7368],[0.1604,42.7244],[0.1366,42.7223],[0.1113,42.7102],[0.0904,42.7171],[0.046,42.6968],[0.0246,42.7025],[-0.0106,42.6844],[-0.0598,42.6934],[-0.0688,42.7179],[-0.1024,42.7216],[-0.1597,42.7974],[-0.1785,42.7854],[-0.2384,42.8082],[-0.2767,42.8355],[-0.3134,42.8494],[-0.3071,42.87],[-0.3272,42.9165],[-0.2816,42.9336],[-0.2923,42.9911],[-0.2872,43.0059],[-0.2648,43.01],[-0.2599,43.0383],[-0.2244,43.0338],[-0.2004,43.0427],[-0.1991,43.0644],[-0.1878,43.0833],[-0.191,43.1112],[-0.1709,43.1134],[-0.1461,43.1282],[-0.1263,43.1577],[-0.1177,43.1803],[-0.0679,43.1771],[-0.0725,43.2244],[-0.0459,43.2321],[-0.017,43.2705],[-0.0444,43.2853],[-0.0461,43.3009],[-0.0249,43.3295],[0.0103,43.3253],[0.0295,43.3462],[-0.0053,43.3738],[-0.0039,43.3935],[0.0097,43.4222],[-0.0165,43.4439],[-0.0337,43.4325],[-0.0427,43.4104],[-0.0696,43.433],[-0.0658,43.4635],[-0.034,43.4749],[-0.0493,43.4925],[-0.0401,43.5126],[-0.0644,43.5451],[-0.0889,43.5572],[-0.0968,43.5824]]]]},"properties":{"code":"65","nom":"Hautes-Pyrénées"}},{"type":"Feature","geometry":{"type":"Polygon","coordinates":[[[2.1661,42.6639],[2.1762,42.6525],[2.2465,42.6812],[2.2552,42.6975],[2.2971,42.701],[2.322,42.7078],[2.3574,42.7306],[2.3525,42.7625],[2.3429,42.7754],[2.3439,42.8012],[2.3336,42.8044],[2.3271,42.8374],[2.3822,42.8485],[2.4525,42.8369],[2.5015,42.8511],[2.5303,42.8433],[2.5515,42.8467],[2.598,42.8371],[2.6651,42.8366],[2.6805,42.8307],[2.7393,42.837],[2.7544,42.8519],[2.7622,42.8737],[2.7891,42.896],[2.8164,42.9],[2.8347,42.9123],[2.8653,42.9183],[2.8804,42.9014],[2.9069,42.8958],[2.9177,42.8849],[2.9762,42.8703],[3.0435,42.8382],[3.0393,42.7998],[3.0387,42.7312],[3.0354,42.6782],[3.0371,42.6261],[3.0452,42.5946],[3.0496,42.5501],[3.0571,42.5372],[3.0869,42.5241],[3.1056,42.5256],[3.1381,42.5149],[3.123,42.505],[3.1331,42.4813],[3.153,42.4778],[3.1573,42.4594],[3.1742,42.4356],[3.1208,42.438],[3.0854,42.4255],[3.049,42.4555],[3.0408,42.4731],[3.0126,42.4665],[2.9889,42.4738],[2.969,42.4658],[2.947,42.4818],[2.9245,42.4584],[2.8635,42.4637],[2.8414,42.4585],[2.8148,42.4388],[2.7992,42.4186],[2.772,42.4124],[2.7532,42.4254],[2.7163,42.4209],[2.6738,42.4045],[2.6556,42.3884],[2.6718,42.3412],[2.6113,42.3468],[2.5778,42.3579],[2.5546,42.3539],[2.54,42.3338],[2.5003,42.3429],[2.483,42.3396],[2.4675,42.3589],[2.4335,42.3771],[2.4355,42.3889],[2.3492,42.4067],[2.307,42.4288],[2.2924,42.423],[2.2567,42.4384],[2.2467,42.4295],[2.2011,42.4163],[2.1563,42.4234],[2.1289,42.4125],[2.1151,42.382],[2.0895,42.3737],[2.0836,42.3627],[2.0235,42.3552],[1.9859,42.362],[1.9605,42.3919],[1.9583,42.424],[1.9417,42.4297],[1.9353,42.4536],[1.9166,42.4463],[1.8855,42.4493],[1.8814,42.4597],[1.8498,42.4673],[1.8434,42.4771],[1.8031,42.4896],[1.7633,42.4868],[1.7312,42.4927],[1.7263,42.5174],[1.7359,42.5505],[1.7548,42.5649],[1.7861,42.5736],[1.801,42.5724],[1.8348,42.5835],[1.8745,42.5814],[1.9073,42.6086],[1.9361,42.6054],[1.9521,42.6183],[1.9722,42.6171],[1.9969,42.6601],[2.0188,42.6534],[2.047,42.6636],[2.1115,42.666],[2.1274,42.6723],[2.1661,42.6639]],[[1.9601,42.4705],[1.9598,42.4533],[1.9813,42.4475],[2.0127,42.4483],[1.9865,42.4758],[1.9601,42.4705]]]},"properties":{"code":"66","nom":"Pyrénées-Orientales"}},{"type":"Feature","geometry":{"type":"Polygon","coordinates":[[[7.6353,49.0542],[7.6745,49.045],[7.7073,49.0541],[7.7322,49.0444],[7.7694,49.0477],[7.7946,49.0658],[7.8688,49.0342],[7.8916,49.0476],[7.9167,49.041],[7.9346,49.0578],[7.963,49.0429],[7.9801,49.0261],[7.9967,49.0284],[8.0492,49.0142],[8.0914,48.9893],[8.1398,48.9784],[8.2227,48.976],[8.2328,48.967],[8.1958,48.9562],[8.1391,48.8929],[8.1246,48.8707],[8.0963,48.8104],[8.0589,48.7888],[8.0291,48.7865],[8.0228,48.7684],[8.0049,48.7588],[7.9697,48.7554],[7.9631,48.7214],[7.8909,48.6631],[7.8398,48.6414],[7.8287,48.6177],[7.8042,48.5923],[7.8002,48.5787],[7.807,48.5211],[7.7947,48.5021],[7.7682,48.4897],[7.7649,48.4567],[7.736,48.4042],[7.732,48.3754],[7.745,48.3357],[7.7332,48.3178],[7.7032,48.3088],[7.6678,48.2239],[7.646,48.2089],[7.6284,48.1823],[7.6012,48.1584],[7.5971,48.1331],[7.5773,48.1204],[7.5194,48.1261],[7.5125,48.1523],[7.4775,48.1566],[7.4676,48.169],[7.4769,48.2035],[7.4447,48.2174],[7.4089,48.2241],[7.398,48.2325],[7.3503,48.2476],[7.3245,48.2453],[7.3127,48.2685],[7.2752,48.3052],[7.2417,48.3024],[7.1983,48.3105],[7.1848,48.3362],[7.1205,48.3333],[7.0785,48.3511],[7.108,48.377],[7.0959,48.427],[7.1169,48.4849],[7.0977,48.4876],[7.1232,48.5136],[7.0806,48.5127],[7.0645,48.5234],[7.0794,48.5364],[7.1144,48.5374],[7.1471,48.5269],[7.1679,48.5276],[7.1925,48.5488],[7.2183,48.5526],[7.2563,48.5887],[7.2564,48.6015],[7.2784,48.6252],[7.2704,48.6305],[7.3044,48.6602],[7.2646,48.6627],[7.2423,48.6921],[7.2602,48.6943],[7.2666,48.7142],[7.2869,48.7313],[7.3064,48.7691],[7.2912,48.794],[7.262,48.7978],[7.2287,48.828],[7.1967,48.8283],[7.1959,48.8404],[7.1494,48.8447],[7.1467,48.8213],[7.1232,48.8045],[7.0882,48.7925],[7.0793,48.814],[7.0545,48.8137],[7.0513,48.8463],[7.0866,48.8477],[7.0812,48.8641],[7.0502,48.8593],[7.0444,48.8735],[6.9889,48.8912],[6.9646,48.9045],[6.9555,48.9223],[6.9789,48.9333],[6.9892,48.9599],[7.0322,48.956],[7.0384,48.9969],[7.053,49.0073],[7.0549,49.0306],[7.0787,49.0504],[7.0681,49.0669],[7.1039,49.0742],[7.1081,49.0434],[7.1195,49.0372],[7.1305,49.0046],[7.1742,49.0064],[7.2093,48.9801],[7.236,48.9878],[7.2939,48.9716],[7.3269,48.9434],[7.3589,48.9576],[7.3923,48.9527],[7.4516,48.968],[7.4796,48.9614],[7.5019,48.9443],[7.5332,48.9335],[7.5784,48.9574],[7.5912,48.9937],[7.6096,49.0212],[7.64,49.0491],[7.6353,49.0542]]]},"properties":{"code":"67","nom":"Bas-Rhin"}},{"type":"Feature","geometry":{"type":"Polygon","coordinates":[[[7.1983,48.3105],[7.2417,48.3024],[7.2752,48.3052],[7.3127,48.2685],[7.3245,48.2453],[7.3503,48.2476],[7.398,48.2325],[7.4089,48.2241],[7.4447,48.2174],[7.4769,48.2035],[7.4676,48.169],[7.4775,48.1566],[7.5125,48.1523],[7.5194,48.1261],[7.5773,48.1204],[7.58,48.106],[7.5692,48.0814],[7.5716,48.0304],[7.6054,48.0038],[7.6221,47.9723],[7.5833,47.9311],[7.5835,47.9016],[7.5567,47.8799],[7.5635,47.8521],[7.5313,47.7868],[7.5322,47.7681],[7.5481,47.7396],[7.5435,47.722],[7.5138,47.7028],[7.5223,47.6623],[7.5665,47.6329],[7.5922,47.5954],[7.5847,47.5773],[7.5061,47.5443],[7.5252,47.5199],[7.5073,47.5152],[7.5068,47.4956],[7.4869,47.4817],[7.4346,47.4979],[7.4227,47.4844],[7.4501,47.4753],[7.4203,47.4454],[7.3809,47.4319],[7.3376,47.4409],[7.2815,47.4342],[7.2463,47.4222],[7.2328,47.4388],[7.2067,47.4348],[7.1708,47.4444],[7.1866,47.4912],[7.1589,47.4908],[7.1303,47.503],[7.1358,47.5365],[7.1062,47.5514],[7.0863,47.5926],[7.0647,47.6011],[7.0254,47.5927],[7.005,47.6194],[7.0189,47.6507],[7.0463,47.6715],[7.0265,47.701],[7.0374,47.7216],[7.0118,47.7417],[6.9712,47.7527],[6.9404,47.7716],[6.924,47.7705],[6.8624,47.7864],[6.8485,47.8019],[6.8462,47.8229],[6.8976,47.8376],[6.92,47.8503],[6.9002,47.8912],[6.9278,47.9082],[6.9208,47.9429],[6.9434,47.998],[6.9614,48.0003],[7.0019,48.0224],[7.0298,48.0719],[7.0476,48.0801],[7.0842,48.1292],[7.058,48.1377],[7.0853,48.1809],[7.1175,48.208],[7.1478,48.2639],[7.1595,48.2688],[7.1724,48.2975],[7.1983,48.3105]]]},"properties":{"code":"68","nom":"Haut-Rhin"}},{"type":"Feature","geometry":{"type":"Polygon","coordinates":[[[4.3881,46.2198],[4.392,46.263],[4.4058,46.2961],[4.4584,46.297],[4.4885,46.288],[4.504,46.2671],[4.5373,46.2699],[4.5578,46.2946],[4.5865,46.2687],[4.6186,46.2648],[4.617,46.2806],[4.6547,46.3035],[4.6888,46.3013],[4.7075,46.2847],[4.6796,46.2587],[4.7358,46.2342],[4.7206,46.2224],[4.7353,46.2109],[4.7209,46.1939],[4.7305,46.1784],[4.7575,46.1723],[4.7802,46.1767],[4.8024,46.1569],[4.7974,46.1407],[4.7484,46.0921],[4.7617,46.0688],[4.7399,46.0445],[4.7458,46.0348],[4.7545,45.9723],[4.7291,45.9491],[4.7373,45.9382],[4.7718,45.9392],[4.7886,45.924],[4.8059,45.9216],[4.8052,45.8963],[4.848,45.913],[4.8807,45.8972],[4.8838,45.88],[4.909,45.8741],[4.9012,45.8603],[4.9161,45.8455],[4.9183,45.807],[4.9631,45.811],[5.0135,45.8051],[5.0448,45.8117],[5.1011,45.8134],[5.0893,45.7843],[5.0593,45.792],[5.0684,45.7655],[5.0931,45.7661],[5.0945,45.7395],[5.126,45.7379],[5.1594,45.7089],[5.1311,45.7077],[5.1081,45.688],[5.0595,45.6651],[5.0581,45.6532],[5.0351,45.6372],[5.0381,45.6151],[5.0047,45.6231],[4.998,45.6034],[4.972,45.6127],[4.9275,45.6057],[4.9015,45.6063],[4.8645,45.5936],[4.8528,45.5789],[4.8281,45.5879],[4.8087,45.5723],[4.8401,45.5433],[4.8644,45.5373],[4.8685,45.5234],[4.8413,45.5006],[4.7823,45.4722],[4.7759,45.4542],[4.7569,45.4557],[4.7394,45.4866],[4.7218,45.4944],[4.7002,45.4783],[4.6618,45.4868],[4.6505,45.5283],[4.685,45.5544],[4.6723,45.5703],[4.6369,45.5456],[4.6252,45.5691],[4.5829,45.5747],[4.5686,45.5835],[4.5211,45.5728],[4.5012,45.5855],[4.4494,45.6073],[4.4405,45.6235],[4.4103,45.6321],[4.3917,45.6629],[4.3659,45.6712],[4.3738,45.7118],[4.398,45.7514],[4.3735,45.7495],[4.3494,45.7713],[4.3759,45.7821],[4.3762,45.8246],[4.3962,45.86],[4.3573,45.8678],[4.3422,45.8772],[4.3232,45.9039],[4.3454,45.9154],[4.3452,45.9281],[4.2939,45.9534],[4.2981,45.9657],[4.2492,45.9954],[4.3006,45.9913],[4.3125,46.0056],[4.2622,46.0354],[4.2543,46.0527],[4.2857,46.0535],[4.3097,46.0797],[4.3062,46.102],[4.3216,46.1292],[4.3616,46.1385],[4.3803,46.15],[4.4108,46.1366],[4.4386,46.1679],[4.396,46.1891],[4.4226,46.2026],[4.3881,46.2198]]]},"properties":{"code":"69","nom":"Rhône"}},{"type":"Feature","geometry":{"type":"Polygon","coordinates":[[[5.8847,47.926],[5.9001,47.9448],[5.918,47.9474],[5.9183,47.9656],[5.9367,47.9789],[5.9595,47.9658],[5.9377,47.9509],[5.9537,47.937],[5.9708,47.9572],[5.9946,47.9578],[6.0235,47.9782],[6.0412,48.0044],[6.1314,48.0241],[6.156,48.0064],[6.1524,47.9951],[6.168,47.9524],[6.1933,47.9532],[6.2083,47.9396],[6.238,47.9328],[6.2773,47.9538],[6.3245,47.9493],[6.3662,47.9619],[6.4317,47.9438],[6.456,47.9068],[6.4763,47.8914],[6.5422,47.9026],[6.5634,47.9314],[6.6073,47.9431],[6.6411,47.9158],[6.6437,47.905],[6.7037,47.8814],[6.7378,47.8616],[6.7848,47.8496],[6.7922,47.8301],[6.8235,47.8131],[6.8115,47.796],[6.7856,47.7821],[6.7576,47.7479],[6.7566,47.7244],[6.7726,47.7116],[6.7819,47.6877],[6.7761,47.6686],[6.801,47.636],[6.7804,47.6253],[6.805,47.5821],[6.807,47.5628],[6.7975,47.5495],[6.7674,47.538],[6.7388,47.557],[6.7154,47.5529],[6.6702,47.5579],[6.6467,47.5353],[6.6109,47.5304],[6.5814,47.544],[6.5683,47.533],[6.5836,47.51],[6.5735,47.4955],[6.5536,47.4928],[6.5345,47.5061],[6.5184,47.4965],[6.4959,47.5057],[6.4759,47.4965],[6.4635,47.5121],[6.4177,47.5211],[6.3344,47.506],[6.2802,47.444],[6.2635,47.4461],[6.2563,47.4246],[6.2271,47.4214],[6.2005,47.4291],[6.1593,47.3876],[6.1186,47.3952],[6.08,47.354],[6.0389,47.3455],[6.0312,47.3378],[5.9796,47.326],[5.9657,47.3371],[5.927,47.3448],[5.9089,47.3313],[5.8601,47.3144],[5.844,47.3],[5.7839,47.2906],[5.7728,47.2784],[5.7323,47.2636],[5.6987,47.265],[5.676,47.2757],[5.6411,47.2559],[5.6021,47.2605],[5.5745,47.2541],[5.5721,47.2684],[5.5317,47.2844],[5.5185,47.3042],[5.4722,47.317],[5.4928,47.3321],[5.488,47.362],[5.497,47.3901],[5.4774,47.3953],[5.4514,47.3841],[5.4323,47.4383],[5.4065,47.4618],[5.3766,47.4647],[5.3992,47.499],[5.4471,47.4963],[5.4717,47.5275],[5.4864,47.527],[5.4971,47.5542],[5.4775,47.6087],[5.4256,47.6321],[5.3998,47.5972],[5.3741,47.6045],[5.3732,47.6184],[5.4057,47.6469],[5.4063,47.6734],[5.446,47.6708],[5.4826,47.6846],[5.5298,47.6728],[5.5672,47.7052],[5.585,47.6998],[5.5967,47.6717],[5.6534,47.6774],[5.6901,47.6848],[5.6841,47.712],[5.6933,47.7375],[5.7094,47.7451],[5.7051,47.7691],[5.68,47.77],[5.6819,47.8064],[5.6999,47.8239],[5.7326,47.8176],[5.7461,47.8236],[5.7441,47.8487],[5.7612,47.8593],[5.8056,47.8473],[5.8513,47.906],[5.87,47.9007],[5.8909,47.9108],[5.8847,47.926]]]},"properties":{"code":"70","nom":"Haute-Saône"}},{"type":"Feature","geometry":{"type":"Polygon","coordinates":[[[4.116,47.1233],[4.1538,47.1146],[4.1719,47.1174],[4.1871,47.1336],[4.1819,47.1505],[4.2098,47.1554],[4.2351,47.1457],[4.2545,47.1172],[4.2732,47.1085],[4.3494,47.097],[4.3443,47.0724],[4.4016,47.0827],[4.4063,47.05],[4.4283,47.0398],[4.4538,47.0418],[4.4882,47.0321],[4.5067,47.0132],[4.5548,47.0201],[4.5737,46.9734],[4.5896,46.9557],[4.6232,46.9408],[4.6501,46.9413],[4.6791,46.9302],[4.6645,46.9142],[4.6855,46.9009],[4.7157,46.9069],[4.7281,46.9194],[4.7805,46.9182],[4.7885,46.9319],[4.8939,46.9512],[4.8961,46.9662],[4.9275,46.9675],[4.9945,46.9591],[5.0034,46.9721],[5.0493,46.9816],[5.0763,46.9594],[5.1003,46.956],[5.1243,46.9637],[5.1662,46.9639],[5.1819,46.9748],[5.222,46.9889],[5.2552,46.9799],[5.2602,46.9456],[5.2748,46.9348],[5.3085,46.9374],[5.3069,46.9246],[5.3287,46.8902],[5.3634,46.8833],[5.3908,46.8944],[5.4034,46.89],[5.4018,46.8683],[5.4184,46.8603],[5.4593,46.8552],[5.4628,46.8408],[5.4489,46.8263],[5.4098,46.8325],[5.3286,46.813],[5.3329,46.7961],[5.3529,46.7932],[5.3904,46.7678],[5.3664,46.7513],[5.3611,46.731],[5.3936,46.7286],[5.4078,46.6959],[5.3954,46.6851],[5.4221,46.673],[5.4155,46.655],[5.4411,46.6375],[5.4171,46.6155],[5.4057,46.5817],[5.3696,46.5803],[5.3592,46.5226],[5.3848,46.5156],[5.4078,46.5001],[5.4157,46.4731],[5.3733,46.4601],[5.3234,46.4625],[5.3106,46.4468],[5.2558,46.4519],[5.2151,46.4684],[5.2011,46.5082],[5.1727,46.5134],[5.1372,46.5093],[5.1074,46.4919],[5.0564,46.4839],[5.0278,46.4936],[5.0043,46.5104],[4.9356,46.5142],[4.9156,46.4889],[4.9158,46.4654],[4.8918,46.4399],[4.8882,46.403],[4.8515,46.3563],[4.8528,46.3282],[4.8318,46.2969],[4.826,46.2748],[4.811,46.2599],[4.8078,46.237],[4.7946,46.2183],[4.7802,46.1767],[4.7575,46.1723],[4.7305,46.1784],[4.7209,46.1939],[4.7353,46.2109],[4.7206,46.2224],[4.7358,46.2342],[4.6796,46.2587],[4.7075,46.2847],[4.6888,46.3013],[4.6547,46.3035],[4.617,46.2806],[4.6186,46.2648],[4.5865,46.2687],[4.5578,46.2946],[4.5373,46.2699],[4.504,46.2671],[4.4885,46.288],[4.4584,46.297],[4.4058,46.2961],[4.392,46.263],[4.3881,46.2198],[4.3622,46.1956],[4.3157,46.172],[4.2923,46.1725],[4.2818,46.1566],[4.2571,46.1573],[4.2574,46.1847],[4.2247,46.178],[4.2079,46.1948],[4.1845,46.188],[4.1884,46.1751],[4.1334,46.1773],[4.1041,46.1984],[4.052,46.1817],[4.0305,46.1698],[3.9818,46.1763],[3.9725,46.2027],[3.9136,46.2069],[3.8901,46.2145],[3.9094,46.2577],[3.8995,46.2759],[3.9136,46.2967],[3.9477,46.3034],[3.9502,46.3206],[3.9866,46.3192],[3.9916,46.3696],[3.9772,46.3992],[3.9961,46.4274],[3.9881,46.4355],[3.998,46.4655],[3.9579,46.4898],[3.919,46.4961],[3.8905,46.4813],[3.8618,46.4921],[3.8646,46.5097],[3.8398,46.5176],[3.834,46.5311],[3.8018,46.5199],[3.7675,46.539],[3.7418,46.5395],[3.7315,46.5496],[3.7431,46.5655],[3.7324,46.6049],[3.7139,46.614],[3.7121,46.6336],[3.697,46.6606],[3.669,46.6735],[3.6514,46.7028],[3.6379,46.7072],[3.6294,46.7495],[3.6389,46.7414],[3.6765,46.7389],[3.7362,46.7525],[3.7837,46.736],[3.7973,46.7015],[3.8261,46.7039],[3.8447,46.7209],[3.8862,46.7274],[3.9268,46.7393],[3.9632,46.766],[4.0334,46.7876],[4.0627,46.7894],[4.0562,46.8433],[4.1009,46.8591],[4.0939,46.8747],[4.0635,46.8986],[4.0479,46.8998],[4.0372,46.9182],[4.0557,46.9568],[4.0394,46.9851],[4.0144,46.9725],[3.9952,46.9853],[4.0315,46.9983],[4.0549,47.0127],[4.0565,47.0359],[4.0683,47.0608],[4.0387,47.08],[4.0614,47.121],[4.0935,47.1184],[4.116,47.1233]]]},"properties":{"code":"71","nom":"Saône-et-Loire"}},{"type":"Feature","geometry":{"type":"Polygon","coordinates":[[[-0.0545,48.382],[-0.0446,48.3798],[0.0034,48.396],[0.021,48.3802],[0.0625,48.383],[0.0687,48.4067],[0.0992,48.4104],[0.1162,48.4356],[0.1513,48.4372],[0.1722,48.4648],[0.1898,48.4619],[0.218,48.4738],[0.3002,48.4806],[0.3558,48.4582],[0.3816,48.4252],[0.3717,48.4105],[0.3831,48.3551],[0.3826,48.3338],[0.4062,48.3146],[0.4313,48.3066],[0.4876,48.3078],[0.4946,48.2868],[0.5303,48.2655],[0.536,48.2498],[0.5792,48.2444],[0.6236,48.2453],[0.6532,48.2637],[0.6755,48.2547],[0.6955,48.2363],[0.7236,48.1981],[0.7641,48.1816],[0.7977,48.1945],[0.8368,48.167],[0.862,48.1668],[0.9116,48.1489],[0.9138,48.1351],[0.8526,48.1336],[0.8412,48.1031],[0.843,48.0726],[0.8012,48.0715],[0.7976,48.0372],[0.8405,48.021],[0.8324,47.9966],[0.8187,47.9893],[0.8377,47.9687],[0.8455,47.9413],[0.8171,47.9345],[0.8091,47.9107],[0.7805,47.9104],[0.7573,47.8912],[0.7746,47.8397],[0.7452,47.8262],[0.7249,47.7989],[0.6513,47.7553],[0.6207,47.7475],[0.6116,47.7281],[0.5805,47.7123],[0.6144,47.6942],[0.6148,47.6827],[0.5848,47.6686],[0.5599,47.6708],[0.5446,47.6566],[0.5168,47.6549],[0.4984,47.6448],[0.4566,47.6388],[0.4499,47.6193],[0.4239,47.6178],[0.3963,47.6408],[0.3647,47.626],[0.397,47.594],[0.4026,47.5785],[0.3785,47.5685],[0.3396,47.5795],[0.3231,47.593],[0.278,47.5974],[0.2593,47.6123],[0.23,47.6084],[0.1858,47.6157],[0.1849,47.5995],[0.1398,47.5911],[0.1157,47.6057],[0.0517,47.6065],[0.017,47.6211],[-0.0045,47.6477],[-0.0547,47.6484],[-0.0718,47.6584],[-0.1076,47.6553],[-0.1361,47.6341],[-0.1571,47.6456],[-0.1932,47.6479],[-0.1951,47.6614],[-0.2202,47.6896],[-0.2003,47.6947],[-0.1823,47.7129],[-0.2024,47.7252],[-0.239,47.7042],[-0.2867,47.7193],[-0.3341,47.7212],[-0.3749,47.7393],[-0.3817,47.7606],[-0.3754,47.7672],[-0.3882,47.8053],[-0.4341,47.8091],[-0.4479,47.8322],[-0.4094,47.8584],[-0.3744,47.8583],[-0.377,47.8872],[-0.4052,47.8929],[-0.4071,47.9108],[-0.3962,47.926],[-0.3751,47.9327],[-0.3383,47.931],[-0.2953,47.944],[-0.2826,47.9582],[-0.316,48.0053],[-0.3399,48.0116],[-0.3172,48.0451],[-0.2714,48.0652],[-0.2309,48.059],[-0.225,48.074],[-0.2385,48.0851],[-0.2164,48.1137],[-0.2538,48.1365],[-0.2499,48.1571],[-0.199,48.1783],[-0.1468,48.205],[-0.1452,48.2242],[-0.161,48.2388],[-0.1624,48.26],[-0.1381,48.2934],[-0.1546,48.314],[-0.1562,48.3388],[-0.1323,48.3437],[-0.138,48.3614],[-0.1122,48.3742],[-0.0778,48.369],[-0.0545,48.382]]]},"properties":{"code":"72","nom":"Sarthe"}},{"type":"Feature","geometry":{"type":"Polygon","coordinates":[[[6.8025,45.7784],[6.8084,45.7252],[6.8477,45.6894],[6.9065,45.6746],[6.9021,45.6637],[6.9346,45.6471],[6.9667,45.6541],[7.0007,45.6399],[6.9879,45.6248],[6.9779,45.5899],[6.9954,45.5756],[6.9915,45.5313],[7.0053,45.5171],[7.0003,45.5044],[7.0445,45.4972],[7.0458,45.4784],[7.0998,45.4694],[7.1135,45.4342],[7.1522,45.4232],[7.1843,45.4075],[7.1651,45.3834],[7.1617,45.3625],[7.1377,45.3508],[7.1347,45.3312],[7.1136,45.3287],[7.1218,45.2962],[7.1364,45.2808],[7.1378,45.2569],[7.1065,45.2393],[7.0673,45.2101],[7.0512,45.2253],[7.02,45.2159],[6.9658,45.208],[6.9542,45.1796],[6.9303,45.171],[6.8953,45.1685],[6.8841,45.1567],[6.8944,45.1374],[6.8479,45.1272],[6.8123,45.1484],[6.7679,45.1597],[6.739,45.1368],[6.7113,45.1448],[6.6801,45.1401],[6.6725,45.1244],[6.63,45.1093],[6.6156,45.1215],[6.5765,45.1231],[6.556,45.1042],[6.5297,45.0986],[6.511,45.1088],[6.4804,45.0908],[6.4862,45.0561],[6.4518,45.0517],[6.4386,45.0626],[6.3939,45.0618],[6.3649,45.0702],[6.3735,45.0841],[6.3629,45.1045],[6.3313,45.1181],[6.2992,45.1086],[6.2606,45.1268],[6.2654,45.1396],[6.2489,45.1497],[6.2277,45.1427],[6.1892,45.1637],[6.1613,45.151],[6.1438,45.1546],[6.1619,45.1884],[6.1595,45.2025],[6.1257,45.2443],[6.1409,45.2619],[6.1319,45.2883],[6.1602,45.3125],[6.1845,45.3179],[6.1948,45.3522],[6.1775,45.3932],[6.1447,45.4136],[6.1325,45.4334],[6.0974,45.4321],[6.091,45.444],[6.0498,45.4379],[6.0085,45.4538],[6.0109,45.4732],[5.9912,45.4752],[5.9662,45.4923],[5.9154,45.4764],[5.9255,45.4661],[5.9206,45.4461],[5.9016,45.418],[5.9096,45.3904],[5.891,45.3922],[5.8797,45.4068],[5.8543,45.4166],[5.8203,45.4212],[5.7821,45.4407],[5.7401,45.4373],[5.732,45.4528],[5.7364,45.4725],[5.7191,45.4842],[5.7122,45.5051],[5.6902,45.5281],[5.6717,45.5366],[5.6752,45.5524],[5.623,45.6043],[5.6237,45.6133],[5.6595,45.6387],[5.6892,45.6485],[5.6871,45.6682],[5.7083,45.6831],[5.7041,45.7109],[5.7567,45.7087],[5.7835,45.7443],[5.7794,45.7622],[5.7868,45.8094],[5.8037,45.8556],[5.8285,45.9093],[5.8312,45.9385],[5.8621,45.9324],[5.8691,45.8869],[5.8789,45.8598],[5.8736,45.8428],[5.9132,45.8041],[5.9628,45.8127],[5.981,45.7956],[5.9739,45.7749],[6.0108,45.7501],[6.043,45.7391],[6.0527,45.7486],[6.0829,45.74],[6.1279,45.7517],[6.1429,45.7615],[6.1784,45.7472],[6.1955,45.7323],[6.1895,45.7025],[6.2317,45.7027],[6.2397,45.6854],[6.2799,45.6843],[6.3048,45.6933],[6.3287,45.693],[6.3839,45.7781],[6.4249,45.8035],[6.4448,45.8455],[6.4706,45.8847],[6.4937,45.89],[6.5148,45.9044],[6.5587,45.8931],[6.5729,45.8776],[6.5684,45.8632],[6.5395,45.8629],[6.5522,45.8269],[6.5772,45.8166],[6.6017,45.7954],[6.661,45.7991],[6.6888,45.7713],[6.6861,45.7553],[6.6987,45.7433],[6.6919,45.7268],[6.712,45.7229],[6.74,45.7456],[6.7555,45.7664],[6.8025,45.7784]]]},"properties":{"code":"73","nom":"Savoie"}},{"type":"Feature","geometry":{"type":"Polygon","coordinates":[[[6.8025,45.7784],[6.7555,45.7664],[6.74,45.7456],[6.712,45.7229],[6.6919,45.7268],[6.6987,45.7433],[6.6861,45.7553],[6.6888,45.7713],[6.661,45.7991],[6.6017,45.7954],[6.5772,45.8166],[6.5522,45.8269],[6.5395,45.8629],[6.5684,45.8632],[6.5729,45.8776],[6.5587,45.8931],[6.5148,45.9044],[6.4937,45.89],[6.4706,45.8847],[6.4448,45.8455],[6.4249,45.8035],[6.3839,45.7781],[6.3287,45.693],[6.3048,45.6933],[6.2799,45.6843],[6.2397,45.6854],[6.2317,45.7027],[6.1895,45.7025],[6.1955,45.7323],[6.1784,45.7472],[6.1429,45.7615],[6.1279,45.7517],[6.0829,45.74],[6.0527,45.7486],[6.043,45.7391],[6.0108,45.7501],[5.9739,45.7749],[5.981,45.7956],[5.9628,45.8127],[5.9132,45.8041],[5.8736,45.8428],[5.8789,45.8598],[5.8691,45.8869],[5.8621,45.9324],[5.8312,45.9385],[5.834,45.972],[5.8096,45.9898],[5.8124,46.024],[5.807,46.0438],[5.8114,46.0784],[5.8323,46.106],[5.8557,46.0868],[5.8832,46.0849],[5.8924,46.1185],[5.9223,46.1315],[5.9561,46.1321],[5.9853,46.1433],[6.0455,46.1399],[6.052,46.1514],[6.0925,46.1518],[6.1266,46.1405],[6.1751,46.1581],[6.186,46.1782],[6.236,46.2065],[6.2774,46.2156],[6.3101,46.2437],[6.3073,46.2554],[6.2676,46.2478],[6.2378,46.2773],[6.2468,46.3021],[6.277,46.3489],[6.3037,46.3663],[6.3447,46.37],[6.357,46.3527],[6.39,46.3402],[6.4116,46.3584],[6.4685,46.3724],[6.4829,46.3919],[6.5131,46.4048],[6.5452,46.3947],[6.5881,46.4023],[6.6351,46.4058],[6.7229,46.4076],[6.7898,46.3929],[6.8062,46.3804],[6.7706,46.3549],[6.7845,46.3327],[6.8203,46.3144],[6.83,46.3],[6.8645,46.283],[6.8539,46.2538],[6.8399,46.2482],[6.8037,46.2043],[6.8119,46.1834],[6.792,46.1629],[6.7965,46.1386],[6.8147,46.1297],[6.8984,46.1226],[6.8838,46.0958],[6.8915,46.0845],[6.8726,46.052],[6.8883,46.0431],[6.9245,46.0652],[6.9515,46.05],[6.9847,46.0065],[7.0058,46.0005],[7.0227,45.9803],[7.018,45.9603],[7.0372,45.9547],[7.0439,45.9236],[7.021,45.9162],[7.0032,45.8978],[7.0054,45.8844],[6.9917,45.8682],[6.951,45.8595],[6.9396,45.8467],[6.8951,45.8426],[6.8736,45.8455],[6.8189,45.8362],[6.804,45.8159],[6.8127,45.808],[6.8025,45.7784]]]},"properties":{"code":"74","nom":"Haute-Savoie"}},{"type":"Feature","geometry":{"type":"Polygon","coordinates":[[[2.4163,48.8492],[2.4623,48.8425],[2.4627,48.8191],[2.4385,48.8182],[2.4007,48.8291],[2.3639,48.8163],[2.3319,48.817],[2.2791,48.8325],[2.2242,48.8535],[2.2317,48.8691],[2.2585,48.8804],[2.2775,48.878],[2.3199,48.9005],[2.3852,48.902],[2.4139,48.8708],[2.4163,48.8492]]]},"properties":{"code":"75","nom":"Paris"}},{"type":"Feature","geometry":{"type":"Polygon","coordinates":[[[1.3816,50.0658],[1.4093,50.0571],[1.4236,50.0709],[1.4591,50.0625],[1.4522,50.0402],[1.4933,50.0177],[1.5166,50.0116],[1.5269,49.9966],[1.5739,49.9739],[1.594,49.9491],[1.6785,49.9181],[1.6933,49.8956],[1.7102,49.8893],[1.7374,49.8082],[1.7579,49.7808],[1.7838,49.7583],[1.7416,49.7516],[1.7455,49.7386],[1.7197,49.7305],[1.7155,49.7086],[1.6896,49.6948],[1.7045,49.6809],[1.734,49.6992],[1.7522,49.681],[1.7252,49.6726],[1.7088,49.6464],[1.7216,49.622],[1.7058,49.6062],[1.7148,49.5764],[1.7298,49.5613],[1.7272,49.5416],[1.7479,49.5377],[1.7192,49.5082],[1.7508,49.4953],[1.7719,49.5128],[1.7902,49.5035],[1.7741,49.4863],[1.7759,49.4713],[1.7474,49.4594],[1.723,49.4339],[1.7139,49.4092],[1.6593,49.399],[1.6211,49.4144],[1.607,49.4109],[1.5761,49.4397],[1.5283,49.442],[1.5035,49.4381],[1.4772,49.4513],[1.3785,49.4574],[1.3452,49.4481],[1.3354,49.4337],[1.3096,49.4287],[1.3081,49.3954],[1.2932,49.395],[1.286,49.3632],[1.2721,49.3463],[1.199,49.3508],[1.1603,49.342],[1.136,49.3251],[1.134,49.3098],[1.0929,49.31],[1.0482,49.2967],[1.0644,49.2819],[1.0541,49.2681],[1.0133,49.2523],[0.9595,49.2861],[0.9366,49.3217],[0.8925,49.3031],[0.8915,49.3166],[0.8623,49.3274],[0.8662,49.3423],[0.8876,49.3459],[0.9214,49.3386],[0.9181,49.3855],[0.8853,49.3835],[0.8609,49.3954],[0.8266,49.395],[0.8035,49.4166],[0.7737,49.4181],[0.6653,49.402],[0.6598,49.4162],[0.6341,49.4345],[0.6063,49.4287],[0.5791,49.4351],[0.5249,49.4779],[0.4901,49.4836],[0.4315,49.459],[0.3688,49.444],[0.339,49.4409],[0.3393,49.4499],[0.2731,49.4534],[0.2568,49.4463],[0.2177,49.453],[0.1925,49.4515],[0.1212,49.4632],[0.0903,49.4824],[0.0869,49.5014],[0.0696,49.5064],[0.0749,49.5363],[0.1067,49.5835],[0.1359,49.6186],[0.1545,49.6486],[0.1642,49.6865],[0.1916,49.7063],[0.2507,49.7231],[0.2833,49.7366],[0.3204,49.7415],[0.3549,49.755],[0.3653,49.7658],[0.4334,49.7881],[0.5228,49.8245],[0.5729,49.8497],[0.642,49.8642],[0.7061,49.8723],[0.7178,49.8698],[0.791,49.8758],[0.8326,49.8896],[0.8747,49.8947],[0.9298,49.9067],[0.9632,49.9199],[1.02,49.9161],[1.1061,49.9367],[1.2059,49.9735],[1.2465,49.9953],[1.3324,50.0471],[1.3816,50.0658]]]},"properties":{"code":"76","nom":"Seine-Maritime"}},{"type":"Feature","geometry":{"type":"Polygon","coordinates":[[[2.5717,48.692],[2.5688,48.7072],[2.5852,48.7272],[2.5854,48.7417],[2.607,48.7744],[2.5923,48.8074],[2.5925,48.8259],[2.5681,48.8659],[2.587,48.894],[2.5923,48.925],[2.5893,48.9538],[2.5718,48.9687],[2.5803,48.9916],[2.5531,49.0098],[2.5477,49.0234],[2.5879,49.0499],[2.572,49.0615],[2.5905,49.0797],[2.6333,49.1084],[2.6732,49.0909],[2.7067,49.0657],[2.7536,49.0607],[2.7871,49.0753],[2.7919,49.0902],[2.8452,49.0847],[2.8561,49.07],[2.895,49.0771],[2.9015,49.0854],[2.9746,49.0748],[3.0085,49.0915],[3.0484,49.0863],[3.0719,49.1176],[3.1039,49.1078],[3.1361,49.1074],[3.1652,49.0997],[3.1536,49.0833],[3.1818,49.0609],[3.1683,49.0167],[3.2292,48.9884],[3.2518,48.9724],[3.2678,48.9383],[3.3047,48.9488],[3.3131,48.9212],[3.3303,48.9087],[3.3663,48.9228],[3.3828,48.8887],[3.3805,48.8748],[3.4046,48.8639],[3.4522,48.8563],[3.4607,48.8394],[3.4852,48.8519],[3.485,48.825],[3.4322,48.8123],[3.4429,48.7862],[3.4094,48.7838],[3.3958,48.7593],[3.4302,48.7569],[3.4444,48.7367],[3.4697,48.7379],[3.4643,48.7074],[3.4694,48.6864],[3.4406,48.6637],[3.4604,48.653],[3.5175,48.6434],[3.5191,48.6335],[3.5556,48.6203],[3.5039,48.6048],[3.4975,48.59],[3.4655,48.5705],[3.4796,48.5447],[3.4592,48.5307],[3.4234,48.5336],[3.4054,48.528],[3.4349,48.4975],[3.3884,48.4804],[3.4065,48.4525],[3.392,48.4243],[3.4221,48.4133],[3.4148,48.3903],[3.3833,48.3997],[3.3672,48.3943],[3.3652,48.3723],[3.3052,48.3729],[3.2824,48.3775],[3.2544,48.365],[3.2328,48.3703],[3.2019,48.364],[3.1399,48.3726],[3.0989,48.3578],[3.0495,48.3601],[3.0368,48.3401],[3.0417,48.3294],[3.0159,48.3079],[3.0436,48.272],[3.0052,48.2077],[2.9745,48.2056],[2.971,48.1942],[2.9347,48.1788],[2.9363,48.1634],[2.868,48.1564],[2.8209,48.1297],[2.7978,48.1407],[2.7989,48.1683],[2.7415,48.1598],[2.7552,48.1457],[2.7205,48.1369],[2.7065,48.1248],[2.6634,48.1222],[2.6397,48.1389],[2.6027,48.1315],[2.5706,48.1408],[2.5375,48.1403],[2.5215,48.1273],[2.4903,48.1266],[2.4601,48.1369],[2.4832,48.1645],[2.5063,48.1564],[2.5094,48.1825],[2.5231,48.1949],[2.5069,48.226],[2.4691,48.2553],[2.4525,48.25],[2.4238,48.2603],[2.4211,48.2987],[2.4027,48.3207],[2.4256,48.3373],[2.4298,48.362],[2.4692,48.3765],[2.5216,48.4049],[2.5275,48.4157],[2.5077,48.4295],[2.5019,48.4848],[2.5154,48.5062],[2.4995,48.5252],[2.5198,48.5625],[2.5183,48.5833],[2.5438,48.6038],[2.5258,48.6131],[2.5336,48.6573],[2.5448,48.6712],[2.5854,48.6794],[2.5717,48.692]]]},"properties":{"code":"77","nom":"Seine-et-Marne"}},{"type":"Feature","geometry":{"type":"Polygon","coordinates":[[[2.2006,48.9087],[2.1684,48.8951],[2.1529,48.8733],[2.1459,48.836],[2.1516,48.817],[2.1767,48.8138],[2.1829,48.7972],[2.2026,48.7984],[2.2266,48.7761],[2.2027,48.7714],[2.182,48.7576],[2.1507,48.7537],[2.135,48.7371],[2.098,48.7344],[2.1103,48.7144],[2.0821,48.6854],[2.0457,48.6876],[2.0179,48.6422],[2.0602,48.6176],[2.0345,48.6035],[2.0357,48.5889],[2.0172,48.5695],[2.0176,48.5576],[1.9788,48.5537],[1.9379,48.5629],[1.9341,48.5481],[1.9674,48.5331],[1.946,48.5159],[1.9334,48.4821],[1.9149,48.4739],[1.9221,48.4576],[1.9064,48.4401],[1.8717,48.4398],[1.8449,48.4494],[1.8321,48.4676],[1.8032,48.4726],[1.7768,48.5093],[1.7758,48.5277],[1.7872,48.5537],[1.7653,48.5694],[1.7093,48.578],[1.702,48.585],[1.7149,48.6144],[1.6662,48.6137],[1.6516,48.6381],[1.6031,48.6624],[1.6118,48.6895],[1.5795,48.7018],[1.6264,48.7481],[1.5876,48.7736],[1.5757,48.7905],[1.5912,48.8149],[1.5773,48.8444],[1.5816,48.855],[1.5462,48.8724],[1.5595,48.8821],[1.5385,48.9067],[1.5386,48.9218],[1.5073,48.9276],[1.5015,48.9411],[1.4974,48.9796],[1.4771,48.9788],[1.4771,49.0168],[1.4578,49.0263],[1.4474,49.0452],[1.4608,49.0627],[1.4849,49.0515],[1.538,49.0723],[1.5571,49.0696],[1.6017,49.0845],[1.6088,49.0779],[1.6455,49.0814],[1.6737,49.0782],[1.6937,49.057],[1.7235,49.045],[1.7596,49.0633],[1.7943,49.0582],[1.7965,49.0722],[1.83,49.0755],[1.8653,49.0572],[1.8513,49.0334],[1.8691,49.0182],[1.8912,49.0393],[1.9125,49.0418],[1.9378,49.0218],[1.9919,49.021],[2.0234,48.9979],[2.0849,49.0147],[2.1271,49.0097],[2.1207,48.9933],[2.1549,48.9857],[2.1755,48.9724],[2.1772,48.9537],[2.2059,48.9497],[2.2006,48.9087]]]},"properties":{"code":"78","nom":"Yvelines"}},{"type":"Feature","geometry":{"type":"Polygon","coordinates":[[[-0.892,46.9758],[-0.8559,46.9791],[-0.7876,47.0051],[-0.762,46.9921],[-0.7434,47.0007],[-0.7156,46.9855],[-0.6758,47.0017],[-0.6439,46.9935],[-0.6157,46.9929],[-0.5655,47.0194],[-0.5556,47.0435],[-0.5595,47.0619],[-0.4953,47.0824],[-0.4627,47.0819],[-0.4643,47.0676],[-0.4285,47.0727],[-0.4008,47.0708],[-0.3835,47.0877],[-0.3579,47.0937],[-0.3415,47.0873],[-0.2879,47.1014],[-0.2415,47.1057],[-0.2025,47.0958],[-0.1848,47.1083],[-0.1521,47.1009],[-0.1785,47.0698],[-0.1477,47.0699],[-0.1284,47.0544],[-0.1021,47.0648],[-0.0811,47.0127],[-0.0668,46.9939],[-0.0382,46.9894],[-0.0442,46.9584],[-0.0222,46.9385],[-0.009,46.9075],[-0.0273,46.8799],[0.0256,46.8529],[0.0166,46.835],[-0.0078,46.8475],[-0.0457,46.8321],[-0.0203,46.8127],[-0.0223,46.7896],[-0.015,46.7564],[0.0057,46.7545],[0.0383,46.7316],[0.0007,46.7162],[-0.0069,46.6829],[-0.0404,46.6637],[-0.0334,46.6536],[-0.0653,46.6325],[-0.0265,46.6289],[0.0031,46.6108],[0.0229,46.6145],[0.0201,46.5851],[-0.008,46.5675],[0.0079,46.548],[-0.0072,46.5233],[-0.0314,46.525],[-0.0423,46.47],[-0.0171,46.4753],[-0.0105,46.4488],[-0.0171,46.4113],[0.0003,46.392],[0.0207,46.388],[0.0342,46.3735],[0.0138,46.3571],[0.0297,46.3492],[0.0325,46.3278],[0.0782,46.3049],[0.0978,46.3308],[0.1376,46.3494],[0.1752,46.3318],[0.1696,46.3102],[0.1522,46.3031],[0.1723,46.2786],[0.1596,46.2666],[0.1288,46.2672],[0.1434,46.2301],[0.1134,46.2122],[0.1077,46.1861],[0.1379,46.1808],[0.1551,46.1572],[0.1871,46.1485],[0.2204,46.158],[0.2149,46.1388],[0.1911,46.1123],[0.1974,46.0956],[0.1779,46.0833],[0.1357,46.104],[0.0997,46.0929],[0.073,46.0939],[0.0193,46.0528],[-0.032,46.0559],[-0.0214,46.0289],[-0.0455,46.0206],[-0.0414,45.9935],[-0.1029,45.9697],[-0.1369,45.979],[-0.1382,45.9965],[-0.1634,46.0102],[-0.1614,46.0346],[-0.1891,46.0261],[-0.1946,46.0444],[-0.213,46.0441],[-0.273,46.0573],[-0.2817,46.0798],[-0.3311,46.0826],[-0.3627,46.0755],[-0.372,46.0935],[-0.4015,46.0842],[-0.4225,46.0939],[-0.491,46.1083],[-0.5332,46.1397],[-0.547,46.1442],[-0.62,46.1378],[-0.6284,46.161],[-0.6554,46.17],[-0.6849,46.2005],[-0.6907,46.2192],[-0.7515,46.2451],[-0.7359,46.2669],[-0.7498,46.2868],[-0.7505,46.3043],[-0.7219,46.3024],[-0.7202,46.3149],[-0.6973,46.3251],[-0.6723,46.3162],[-0.6483,46.3171],[-0.6366,46.3376],[-0.6049,46.3472],[-0.6032,46.3615],[-0.5618,46.3597],[-0.5378,46.3865],[-0.5661,46.3931],[-0.6102,46.4137],[-0.6209,46.3905],[-0.6406,46.4162],[-0.6368,46.4323],[-0.6188,46.4389],[-0.616,46.4616],[-0.625,46.4975],[-0.6452,46.5086],[-0.6245,46.5297],[-0.6021,46.5333],[-0.6067,46.5623],[-0.6246,46.5774],[-0.6119,46.5883],[-0.627,46.6057],[-0.6141,46.6204],[-0.6342,46.6374],[-0.6375,46.6623],[-0.6807,46.6868],[-0.6562,46.7008],[-0.6689,46.7172],[-0.7001,46.7358],[-0.7273,46.7676],[-0.7088,46.8211],[-0.7329,46.8215],[-0.7816,46.8428],[-0.8153,46.8794],[-0.8322,46.8845],[-0.817,46.904],[-0.8291,46.9334],[-0.8519,46.9465],[-0.873,46.9443],[-0.892,46.9758]]]},"properties":{"code":"79","nom":"Deux-Sèvres"}},{"type":"Feature","geometry":{"type":"Polygon","coordinates":[[[1.3816,50.0658],[1.4539,50.1103],[1.4828,50.1724],[1.5124,50.2017],[1.5484,50.2152],[1.5962,50.1855],[1.6274,50.19],[1.6733,50.1747],[1.6838,50.183],[1.6627,50.2136],[1.6225,50.2151],[1.5936,50.2443],[1.5922,50.2565],[1.5493,50.2604],[1.5379,50.2827],[1.5509,50.3503],[1.5713,50.3585],[1.613,50.3603],[1.6415,50.3522],[1.6707,50.331],[1.7395,50.3546],[1.7788,50.3619],[1.8051,50.3596],[1.8313,50.3455],[1.8726,50.3322],[1.8759,50.3217],[1.918,50.3118],[1.9381,50.3301],[1.9588,50.3123],[1.9364,50.3015],[2.0032,50.2704],[2.0264,50.2695],[2.0561,50.2552],[2.0857,50.201],[2.1226,50.2107],[2.1602,50.1951],[2.1741,50.2089],[2.2173,50.2175],[2.2458,50.2117],[2.2698,50.2288],[2.3012,50.2129],[2.3405,50.2293],[2.3702,50.2098],[2.3814,50.2256],[2.4055,50.234],[2.4524,50.2262],[2.4852,50.2078],[2.4957,50.1946],[2.4512,50.1787],[2.4148,50.1731],[2.3898,50.1555],[2.3924,50.1453],[2.3755,50.1093],[2.4145,50.1006],[2.4297,50.0882],[2.4501,50.1244],[2.4815,50.1382],[2.5149,50.1408],[2.5325,50.115],[2.5571,50.142],[2.5792,50.1286],[2.576,50.1134],[2.6201,50.1111],[2.6334,50.1008],[2.6918,50.0917],[2.7296,50.126],[2.7633,50.11],[2.7818,50.0911],[2.7425,50.0482],[2.7631,50.0386],[2.789,50.0453],[2.8075,50.0624],[2.8578,50.0774],[2.8765,50.0422],[2.9172,50.0357],[2.9445,50.0535],[2.9788,50.0464],[3.0144,50.0592],[3.0745,50.0453],[3.0903,50.0537],[3.1176,50.0277],[3.173,50.0113],[3.1614,49.996],[3.1768,49.9852],[3.1515,49.9427],[3.118,49.9143],[3.1201,49.8843],[3.0835,49.8664],[3.0855,49.8438],[3.0559,49.8317],[3.0787,49.8224],[3.086,49.792],[3.0627,49.7826],[3.0938,49.7571],[3.1184,49.706],[3.063,49.7126],[3.0262,49.6803],[2.9896,49.708],[2.9495,49.6907],[2.9157,49.7027],[2.8573,49.6837],[2.8434,49.6585],[2.8007,49.6614],[2.7898,49.6381],[2.7981,49.6181],[2.771,49.6144],[2.7396,49.6269],[2.6876,49.6248],[2.6712,49.5986],[2.6707,49.5814],[2.6496,49.5718],[2.6299,49.5803],[2.6238,49.6102],[2.597,49.6117],[2.5715,49.5971],[2.5267,49.6294],[2.5061,49.635],[2.4781,49.6208],[2.4457,49.653],[2.4097,49.661],[2.3709,49.6564],[2.3376,49.669],[2.3157,49.6898],[2.2851,49.6894],[2.2176,49.7025],[2.1565,49.7021],[2.1214,49.6881],[2.1035,49.6947],[2.0599,49.6949],[2.0268,49.7113],[1.9889,49.7094],[1.9332,49.7196],[1.8939,49.699],[1.8381,49.7084],[1.8367,49.7401],[1.809,49.7543],[1.7838,49.7583],[1.7579,49.7808],[1.7374,49.8082],[1.7102,49.8893],[1.6933,49.8956],[1.6785,49.9181],[1.594,49.9491],[1.5739,49.9739],[1.5269,49.9966],[1.5166,50.0116],[1.4933,50.0177],[1.4522,50.0402],[1.4591,50.0625],[1.4236,50.0709],[1.4093,50.0571],[1.3816,50.0658]]]},"properties":{"code":"80","nom":"Somme"}},{"type":"Feature","geometry":{"type":"Polygon","coordinates":[[[1.9902,44.1495],[2.0297,44.157],[2.0274,44.1677],[2.0594,44.1723],[2.103,44.1924],[2.1495,44.2003],[2.1566,44.1799],[2.1753,44.181],[2.1911,44.1623],[2.2069,44.1713],[2.2376,44.1586],[2.2006,44.1449],[2.2396,44.1345],[2.2849,44.1453],[2.2907,44.1247],[2.3236,44.1247],[2.3577,44.1016],[2.4008,44.0835],[2.4102,44.0558],[2.4601,44.0514],[2.4635,44.035],[2.4828,44.0263],[2.5021,43.9855],[2.5248,43.9781],[2.5206,43.9624],[2.4993,43.9506],[2.5378,43.9337],[2.5563,43.9187],[2.5505,43.8965],[2.5767,43.8817],[2.5653,43.8678],[2.5642,43.8413],[2.5971,43.819],[2.6292,43.7803],[2.6817,43.7435],[2.7121,43.7427],[2.7376,43.7291],[2.7816,43.7371],[2.7876,43.7521],[2.8137,43.7617],[2.8766,43.7404],[2.9211,43.7361],[2.925,43.7072],[2.9355,43.6947],[2.9191,43.6875],[2.9197,43.6622],[2.9074,43.6542],[2.8159,43.6401],[2.7949,43.6244],[2.7545,43.6141],[2.7202,43.6454],[2.6447,43.6545],[2.6286,43.6101],[2.6143,43.5992],[2.6307,43.582],[2.6156,43.5666],[2.6556,43.5266],[2.6549,43.4969],[2.6652,43.4656],[2.6404,43.4562],[2.6083,43.4333],[2.5658,43.423],[2.5192,43.4236],[2.4969,43.4369],[2.4522,43.4319],[2.4331,43.4352],[2.3951,43.4183],[2.3114,43.4416],[2.282,43.4412],[2.2648,43.4535],[2.2441,43.4459],[2.222,43.4278],[2.2297,43.4094],[2.215,43.3835],[2.1877,43.3939],[2.1716,43.4156],[2.1093,43.3946],[2.0708,43.4064],[2.0531,43.4302],[2.0291,43.4369],[2.0138,43.4499],[2.0181,43.4704],[2.0483,43.4857],[2.0375,43.5069],[2.0151,43.5044],[2.0102,43.4818],[1.99,43.4775],[1.9561,43.4941],[1.917,43.5016],[1.8934,43.5114],[1.8804,43.5403],[1.8507,43.5493],[1.8495,43.5675],[1.8335,43.5782],[1.7795,43.587],[1.764,43.6036],[1.745,43.6035],[1.6878,43.6307],[1.7056,43.6526],[1.7309,43.6578],[1.7167,43.6893],[1.6636,43.6941],[1.6689,43.7043],[1.7072,43.7124],[1.7,43.7253],[1.6499,43.7519],[1.6557,43.7643],[1.6425,43.7784],[1.6448,43.8003],[1.6265,43.8013],[1.5902,43.8145],[1.5932,43.8431],[1.5726,43.8488],[1.5595,43.8661],[1.5604,43.8819],[1.5467,43.9023],[1.5556,43.9183],[1.5744,43.92],[1.5688,43.9432],[1.5392,43.9461],[1.5668,43.9653],[1.6127,43.9591],[1.6209,43.9793],[1.6503,44.0097],[1.6714,44.0106],[1.6914,44.0243],[1.7042,44.0444],[1.6929,44.0613],[1.6637,44.0673],[1.6693,44.0898],[1.6531,44.0964],[1.659,44.1164],[1.6872,44.1115],[1.7064,44.1174],[1.7637,44.1079],[1.77,44.0981],[1.8061,44.1264],[1.8255,44.108],[1.8405,44.1143],[1.8306,44.1316],[1.8601,44.1429],[1.9193,44.1414],[1.8944,44.1556],[1.9197,44.1629],[1.9471,44.1467],[1.9695,44.1427],[1.9902,44.1495]]]},"properties":{"code":"81","nom":"Tarn"}},{"type":"Feature","geometry":{"type":"Polygon","coordinates":[[[1.0641,44.3785],[1.1067,44.3923],[1.1338,44.393],[1.1274,44.373],[1.0935,44.366],[1.0812,44.3544],[1.1134,44.3389],[1.122,44.3167],[1.1593,44.3106],[1.1958,44.2814],[1.238,44.2759],[1.268,44.2815],[1.2978,44.2949],[1.3041,44.263],[1.2843,44.2517],[1.2843,44.2352],[1.3179,44.233],[1.3438,44.2243],[1.3568,44.204],[1.3804,44.2249],[1.4536,44.2541],[1.4532,44.2674],[1.4732,44.2842],[1.4951,44.2711],[1.5097,44.2734],[1.5291,44.2354],[1.5418,44.2278],[1.5752,44.2387],[1.5873,44.249],[1.5707,44.3015],[1.6169,44.2975],[1.6157,44.2784],[1.6423,44.2708],[1.6516,44.2868],[1.6995,44.3138],[1.7554,44.3258],[1.7745,44.3124],[1.7918,44.3334],[1.8265,44.3236],[1.8821,44.3401],[1.8595,44.3204],[1.8809,44.3035],[1.8688,44.292],[1.9014,44.2791],[1.9411,44.2824],[1.9704,44.2764],[1.9594,44.2412],[1.9431,44.2476],[1.9049,44.2102],[1.9037,44.1938],[1.9351,44.1814],[1.9767,44.1799],[1.9771,44.1626],[1.9902,44.1495],[1.9695,44.1427],[1.9471,44.1467],[1.9197,44.1629],[1.8944,44.1556],[1.9193,44.1414],[1.8601,44.1429],[1.8306,44.1316],[1.8405,44.1143],[1.8255,44.108],[1.8061,44.1264],[1.77,44.0981],[1.7637,44.1079],[1.7064,44.1174],[1.6872,44.1115],[1.659,44.1164],[1.6531,44.0964],[1.6693,44.0898],[1.6637,44.0673],[1.6929,44.0613],[1.7042,44.0444],[1.6914,44.0243],[1.6714,44.0106],[1.6503,44.0097],[1.6209,43.9793],[1.6127,43.9591],[1.5668,43.9653],[1.5392,43.9461],[1.5688,43.9432],[1.5744,43.92],[1.5556,43.9183],[1.5328,43.9214],[1.5233,43.9036],[1.4908,43.889],[1.4747,43.9021],[1.453,43.875],[1.4189,43.8714],[1.4086,43.8826],[1.3749,43.8843],[1.3492,43.8717],[1.3626,43.8572],[1.2966,43.8473],[1.3137,43.8322],[1.328,43.8382],[1.3573,43.8337],[1.36,43.8172],[1.3111,43.8006],[1.2676,43.7938],[1.2667,43.7832],[1.2192,43.7708],[1.2161,43.7912],[1.1798,43.7953],[1.1578,43.8184],[1.1261,43.8096],[1.1124,43.7971],[1.0808,43.8131],[1.0591,43.7986],[1.0362,43.8042],[0.991,43.797],[0.9778,43.7864],[0.954,43.7874],[0.9225,43.7922],[0.9016,43.8036],[0.9259,43.8316],[0.8954,43.8403],[0.8994,43.8647],[0.8835,43.8753],[0.8898,43.9033],[0.8636,43.9236],[0.8401,43.9163],[0.8093,43.9323],[0.7707,43.9223],[0.7601,43.9453],[0.7845,43.9558],[0.7968,43.9756],[0.8277,43.9996],[0.8136,44.0249],[0.8355,44.0246],[0.8579,44.0349],[0.8274,44.0553],[0.764,44.0296],[0.7596,44.0495],[0.7419,44.0652],[0.7384,44.0752],[0.7541,44.1049],[0.7962,44.1151],[0.7951,44.1456],[0.8205,44.1432],[0.8688,44.1263],[0.8885,44.1488],[0.8722,44.1679],[0.8536,44.175],[0.8597,44.1927],[0.9052,44.1973],[0.9292,44.2303],[0.9191,44.2383],[0.9505,44.275],[0.924,44.2887],[0.9164,44.3022],[0.8951,44.2968],[0.8696,44.3094],[0.8961,44.3462],[0.8873,44.3664],[0.8982,44.3814],[0.9199,44.3841],[0.9501,44.3598],[0.9806,44.3584],[0.9961,44.3686],[1.0498,44.3626],[1.0641,44.3785]]]},"properties":{"code":"82","nom":"Tarn-et-Garonne"}},{"type":"Feature","geometry":{"type":"MultiPolygon","coordinates":[[[[6.4348,43.0155],[6.4552,43.0268],[6.4702,43.0452],[6.4896,43.0426],[6.4698,43.0164],[6.4348,43.0155]]],[[[6.3971,42.9928],[6.3827,43.0123],[6.4207,43.0137],[6.3971,42.9928]]],[[[6.2441,43.02],[6.2505,42.9994],[6.2087,42.9834],[6.1641,43.0015],[6.1782,43.0084],[6.2017,43.0008],[6.2441,43.02]]],[[[5.7537,43.7246],[5.7573,43.7294],[5.7813,43.7557],[5.8279,43.7481],[5.8491,43.7203],[5.9015,43.7329],[5.9035,43.7514],[5.9377,43.7502],[5.938,43.7306],[5.9564,43.7194],[5.9854,43.714],[5.9879,43.6951],[6.005,43.6878],[6.0217,43.6683],[6.039,43.6789],[6.0361,43.6942],[6.0773,43.7082],[6.1036,43.7372],[6.1408,43.7377],[6.1829,43.7622],[6.1885,43.7763],[6.2124,43.7984],[6.2542,43.8004],[6.2629,43.7819],[6.3268,43.7466],[6.357,43.7364],[6.3835,43.7344],[6.4135,43.7604],[6.4144,43.7916],[6.4388,43.7977],[6.4821,43.7911],[6.5248,43.8064],[6.5589,43.7842],[6.5853,43.8005],[6.62,43.8055],[6.6364,43.789],[6.6574,43.7487],[6.6827,43.7579],[6.7014,43.7541],[6.7194,43.7381],[6.7535,43.7382],[6.7666,43.7202],[6.7744,43.6934],[6.7608,43.6665],[6.7823,43.6542],[6.7987,43.6282],[6.8129,43.6305],[6.8388,43.6136],[6.8879,43.6074],[6.908,43.5991],[6.9072,43.573],[6.8795,43.5354],[6.8964,43.5272],[6.8842,43.5025],[6.9337,43.4801],[6.9229,43.4517],[6.9051,43.4454],[6.8918,43.4286],[6.857,43.4305],[6.8588,43.4148],[6.8268,43.4174],[6.7828,43.4094],[6.7663,43.4238],[6.7337,43.4056],[6.732,43.3895],[6.7143,43.3679],[6.71,43.3446],[6.68,43.3403],[6.666,43.3182],[6.5839,43.2773],[6.586,43.2645],[6.6207,43.2642],[6.6399,43.2742],[6.6621,43.2649],[6.6773,43.2788],[6.6971,43.2664],[6.6903,43.2544],[6.6636,43.238],[6.6698,43.2059],[6.6425,43.185],[6.6202,43.1607],[6.5919,43.1855],[6.5564,43.1881],[6.4956,43.1511],[6.4594,43.1559],[6.4052,43.149],[6.3687,43.137],[6.3598,43.1199],[6.3658,43.0889],[6.3325,43.0911],[6.3167,43.1062],[6.2749,43.1207],[6.2413,43.1139],[6.2081,43.1164],[6.1803,43.107],[6.1604,43.0893],[6.15,43.0613],[6.1571,43.0284],[6.1167,43.0392],[6.1316,43.048],[6.1259,43.0775],[6.0765,43.0869],[6.0314,43.0775],[6.0235,43.0948],[6.0063,43.104],[5.9409,43.1078],[5.9206,43.1239],[5.8999,43.1132],[5.9165,43.0857],[5.872,43.0681],[5.8575,43.0466],[5.8288,43.0494],[5.8046,43.0783],[5.8139,43.1071],[5.7732,43.1176],[5.781,43.1309],[5.7259,43.1365],[5.719,43.1473],[5.6949,43.1436],[5.6719,43.1793],[5.6839,43.2361],[5.7381,43.2623],[5.7609,43.2673],[5.7498,43.2893],[5.7266,43.3174],[5.691,43.313],[5.6806,43.3206],[5.6865,43.3402],[5.705,43.3559],[5.6946,43.3644],[5.6828,43.3992],[5.7244,43.4089],[5.75,43.4015],[5.7865,43.4145],[5.7504,43.4348],[5.7295,43.4649],[5.6988,43.4822],[5.7161,43.5043],[5.7228,43.5482],[5.6958,43.5621],[5.6693,43.5647],[5.656,43.5774],[5.6916,43.5844],[5.6811,43.6125],[5.7002,43.6417],[5.7448,43.6568],[5.7991,43.6605],[5.8035,43.6797],[5.7822,43.7069],[5.7537,43.7246]]]]},"properties":{"code":"83","nom":"Var"}},{"type":"Feature","geometry":{"type":"MultiPolygon","coordinates":[[[[4.8929,44.3648],[4.9066,44.3741],[4.9185,44.4078],[4.9633,44.4219],[4.9886,44.4232],[5.0133,44.4053],[5.0158,44.3928],[5.0488,44.3812],[5.052,44.3647],[5.027,44.3628],[5.0233,44.3459],[4.9786,44.2975],[4.9221,44.3088],[4.8895,44.304],[4.8816,44.3249],[4.8953,44.3381],[4.8715,44.3496],[4.8929,44.3648]]],[[[4.6492,44.2704],[4.6535,44.3021],[4.6506,44.3298],[4.679,44.3205],[4.7201,44.3267],[4.7623,44.3254],[4.8046,44.3039],[4.8031,44.28],[4.8127,44.2577],[4.8141,44.2323],[4.8267,44.2283],[4.8791,44.2615],[4.9329,44.2622],[4.9815,44.2848],[5.0055,44.2868],[5.0606,44.3081],[5.0765,44.2841],[5.1045,44.2795],[5.1727,44.3094],[5.1672,44.2921],[5.1497,44.2821],[5.1615,44.2456],[5.1549,44.2309],[5.175,44.2208],[5.2381,44.2132],[5.2565,44.2301],[5.2922,44.2145],[5.3368,44.2035],[5.354,44.2134],[5.3845,44.201],[5.3832,44.1553],[5.4357,44.1517],[5.4547,44.1192],[5.4988,44.1157],[5.5026,44.0634],[5.5446,44.0699],[5.5436,44.026],[5.5181,43.9901],[5.5086,43.9598],[5.5121,43.946],[5.545,43.9391],[5.5588,43.9426],[5.5799,43.926],[5.6064,43.9161],[5.5732,43.8649],[5.5492,43.8514],[5.5445,43.8182],[5.5746,43.8303],[5.6277,43.8309],[5.6544,43.8251],[5.6745,43.8074],[5.6846,43.7885],[5.7134,43.7795],[5.7184,43.7551],[5.7492,43.7405],[5.7573,43.7294],[5.7537,43.7246],[5.7369,43.716],[5.7173,43.6935],[5.6741,43.6935],[5.6478,43.6758],[5.6069,43.6587],[5.5716,43.6619],[5.5327,43.659],[5.4392,43.6811],[5.341,43.7197],[5.3185,43.735],[5.2557,43.7466],[5.23,43.7477],[5.188,43.7351],[5.1733,43.7388],[5.0497,43.7887],[5.0295,43.8278],[4.9961,43.8461],[4.9663,43.8716],[4.9259,43.8865],[4.9023,43.8879],[4.8852,43.9001],[4.8531,43.9114],[4.8217,43.9128],[4.7391,43.9241],[4.779,43.9379],[4.8151,43.9676],[4.816,43.9888],[4.8421,43.9865],[4.8377,44.0149],[4.7891,44.0522],[4.788,44.0651],[4.7579,44.0772],[4.7301,44.079],[4.7075,44.1037],[4.7221,44.1874],[4.7058,44.1928],[4.7065,44.2144],[4.6766,44.2126],[4.6748,44.2386],[4.6541,44.2543],[4.6492,44.2704]]]]},"properties":{"code":"84","nom":"Vaucluse"}},{"type":"Feature","geometry":{"type":"MultiPolygon","coordinates":[[[[-2.3048,46.7094],[-2.3356,46.6881],[-2.3654,46.6951],[-2.3929,46.7115],[-2.399,46.7261],[-2.3715,46.7324],[-2.3184,46.719],[-2.3048,46.7094]]],[[[-1.1486,47.0295],[-1.1445,47.0254],[-1.0741,47.0083],[-1.0159,47.0041],[-1.0004,47.0208],[-0.967,47.0051],[-0.9335,47.0089],[-0.9028,46.9938],[-0.892,46.9758],[-0.873,46.9443],[-0.8519,46.9465],[-0.8291,46.9334],[-0.817,46.904],[-0.8322,46.8845],[-0.8153,46.8794],[-0.7816,46.8428],[-0.7329,46.8215],[-0.7088,46.8211],[-0.7273,46.7676],[-0.7001,46.7358],[-0.6689,46.7172],[-0.6562,46.7008],[-0.6807,46.6868],[-0.6375,46.6623],[-0.6342,46.6374],[-0.6141,46.6204],[-0.627,46.6057],[-0.6119,46.5883],[-0.6246,46.5774],[-0.6067,46.5623],[-0.6021,46.5333],[-0.6245,46.5297],[-0.6452,46.5086],[-0.625,46.4975],[-0.616,46.4616],[-0.6188,46.4389],[-0.6368,46.4323],[-0.6406,46.4162],[-0.6209,46.3905],[-0.6102,46.4137],[-0.5661,46.3931],[-0.5378,46.3865],[-0.5618,46.3597],[-0.6032,46.3615],[-0.6049,46.3472],[-0.6366,46.3376],[-0.6483,46.3171],[-0.6723,46.3162],[-0.6973,46.3251],[-0.7202,46.3149],[-0.7219,46.3024],[-0.7505,46.3043],[-0.8025,46.3252],[-0.8091,46.3384],[-0.8399,46.3404],[-0.8509,46.3172],[-0.8877,46.3263],[-0.9048,46.3138],[-0.9349,46.3129],[-0.9618,46.3231],[-0.9442,46.336],[-0.9318,46.3658],[-0.9645,46.3654],[-0.9774,46.3511],[-1.0138,46.3556],[-1.0525,46.3425],[-1.0807,46.3214],[-1.1294,46.3103],[-1.1672,46.3197],[-1.2022,46.316],[-1.1955,46.3005],[-1.2064,46.2888],[-1.2074,46.2666],[-1.2818,46.31],[-1.3444,46.342],[-1.3667,46.3486],[-1.401,46.3405],[-1.4284,46.3471],[-1.4659,46.3424],[-1.4878,46.3814],[-1.5021,46.3973],[-1.534,46.4089],[-1.5491,46.4055],[-1.6113,46.4134],[-1.7083,46.4509],[-1.7559,46.4749],[-1.7771,46.4928],[-1.8137,46.4953],[-1.8213,46.5237],[-1.856,46.6086],[-1.8907,46.6347],[-1.9408,46.6911],[-1.9654,46.692],[-1.9827,46.7203],[-2.0719,46.7828],[-2.141,46.8177],[-2.155,46.8897],[-2.1222,46.8913],[-2.1034,46.921],[-2.0582,46.9509],[-2.0293,47.0086],[-1.9804,47.0289],[-1.9688,47.0277],[-1.9432,46.9947],[-1.9166,46.9915],[-1.9174,46.9751],[-1.8726,46.9531],[-1.8318,46.9538],[-1.831,46.932],[-1.7756,46.9254],[-1.7513,46.9296],[-1.7363,46.9114],[-1.7371,46.8968],[-1.7203,46.8846],[-1.687,46.8906],[-1.6645,46.8748],[-1.6348,46.8784],[-1.5485,46.8601],[-1.5008,46.8839],[-1.5279,46.9238],[-1.5309,46.945],[-1.5544,46.9782],[-1.5427,47.0033],[-1.5553,47.0153],[-1.5157,47.0277],[-1.4998,47.0407],[-1.4759,47.0295],[-1.4692,47.002],[-1.477,46.981],[-1.4572,46.9546],[-1.4715,46.9329],[-1.4583,46.9258],[-1.4182,46.9431],[-1.373,46.9522],[-1.3591,46.9811],[-1.3775,46.9909],[-1.363,47.0052],[-1.3786,47.0309],[-1.3628,47.0407],[-1.3124,47.0335],[-1.2946,47.0395],[-1.2903,47.0702],[-1.2683,47.0847],[-1.2483,47.0682],[-1.2306,47.0648],[-1.2007,47.04],[-1.1486,47.0295]]],[[[-2.1981,46.9512],[-2.2232,46.9653],[-2.2644,46.9609],[-2.3011,46.989],[-2.2925,47.0126],[-2.2765,47.0289],[-2.2507,47.0273],[-2.2188,47.0085],[-2.2263,46.9762],[-2.1572,46.95],[-2.1474,46.9342],[-2.1485,46.913],[-2.168,46.9085],[-2.1756,46.9293],[-2.1981,46.9512]]]]},"properties":{"code":"85","nom":"Vendée"}},{"type":"Feature","geometry":{"type":"Polygon","coordinates":[[[-0.1021,47.0648],[-0.0981,47.0914],[-0.0859,47.101],[-0.0442,47.0932],[-0.036,47.1251],[-0.0107,47.1575],[0.019,47.1758],[0.0366,47.1604],[0.0538,47.1637],[0.0764,47.1239],[0.1361,47.1216],[0.1347,47.1079],[0.1569,47.1033],[0.1815,47.1144],[0.201,47.0913],[0.1742,47.0713],[0.208,47.0532],[0.2455,47.0713],[0.2719,47.0464],[0.2982,47.0539],[0.3093,47.0441],[0.2987,47.0196],[0.3082,46.9999],[0.3007,46.9738],[0.3112,46.9378],[0.3248,46.9307],[0.3665,46.9496],[0.4387,46.9296],[0.4448,46.9411],[0.5027,46.9579],[0.5393,46.9602],[0.5644,46.9555],[0.6016,46.9591],[0.6012,46.9731],[0.5783,46.9798],[0.5669,47.0023],[0.6189,47.0075],[0.6362,46.9855],[0.6926,46.9743],[0.7063,46.9372],[0.7043,46.9033],[0.7521,46.8609],[0.8093,46.8279],[0.8119,46.7945],[0.828,46.7768],[0.8675,46.7482],[0.901,46.7361],[0.928,46.6954],[0.9084,46.6827],[0.9065,46.6477],[0.8943,46.6257],[0.9159,46.5966],[0.9408,46.5814],[0.9872,46.5656],[1.0148,46.5678],[1.0206,46.5371],[1.0876,46.5382],[1.1083,46.5315],[1.1491,46.5022],[1.135,46.4953],[1.153,46.473],[1.1516,46.4492],[1.211,46.4294],[1.1773,46.384],[1.1575,46.3887],[1.1309,46.3644],[1.1237,46.3491],[1.0969,46.3621],[1.0502,46.3628],[1.027,46.343],[1.0218,46.3107],[0.9884,46.2804],[0.9684,46.286],[0.9327,46.282],[0.9005,46.2868],[0.8853,46.2661],[0.8614,46.2616],[0.8455,46.2421],[0.848,46.2288],[0.8101,46.2279],[0.7957,46.2111],[0.8158,46.1967],[0.8335,46.1666],[0.8234,46.1286],[0.8095,46.1382],[0.7802,46.1321],[0.7469,46.1386],[0.7106,46.1309],[0.6841,46.1193],[0.6875,46.0973],[0.6086,46.0897],[0.606,46.0771],[0.575,46.079],[0.5646,46.0896],[0.5382,46.0953],[0.4925,46.136],[0.4433,46.1016],[0.4445,46.0912],[0.476,46.0827],[0.4691,46.0615],[0.4451,46.0508],[0.4133,46.0491],[0.3911,46.0663],[0.2798,46.061],[0.2522,46.08],[0.2197,46.0943],[0.1974,46.0956],[0.1911,46.1123],[0.2149,46.1388],[0.2204,46.158],[0.1871,46.1485],[0.1551,46.1572],[0.1379,46.1808],[0.1077,46.1861],[0.1134,46.2122],[0.1434,46.2301],[0.1288,46.2672],[0.1596,46.2666],[0.1723,46.2786],[0.1522,46.3031],[0.1696,46.3102],[0.1752,46.3318],[0.1376,46.3494],[0.0978,46.3308],[0.0782,46.3049],[0.0325,46.3278],[0.0297,46.3492],[0.0138,46.3571],[0.0342,46.3735],[0.0207,46.388],[0.0003,46.392],[-0.0171,46.4113],[-0.0105,46.4488],[-0.0171,46.4753],[-0.0423,46.47],[-0.0314,46.525],[-0.0072,46.5233],[0.0079,46.548],[-0.008,46.5675],[0.0201,46.5851],[0.0229,46.6145],[0.0031,46.6108],[-0.0265,46.6289],[-0.0653,46.6325],[-0.0334,46.6536],[-0.0404,46.6637],[-0.0069,46.6829],[0.0007,46.7162],[0.0383,46.7316],[0.0057,46.7545],[-0.015,46.7564],[-0.0223,46.7896],[-0.0203,46.8127],[-0.0457,46.8321],[-0.0078,46.8475],[0.0166,46.835],[0.0256,46.8529],[-0.0273,46.8799],[-0.009,46.9075],[-0.0222,46.9385],[-0.0442,46.9584],[-0.0382,46.9894],[-0.0668,46.9939],[-0.0811,47.0127],[-0.1021,47.0648]]]},"properties":{"code":"86","nom":"Vienne"}},{"type":"Feature","geometry":{"type":"Polygon","coordinates":[[[0.8234,46.1286],[0.8335,46.1666],[0.8158,46.1967],[0.7957,46.2111],[0.8101,46.2279],[0.848,46.2288],[0.8455,46.2421],[0.8614,46.2616],[0.8853,46.2661],[0.9005,46.2868],[0.9327,46.282],[0.9684,46.286],[0.9884,46.2804],[1.0218,46.3107],[1.027,46.343],[1.0502,46.3628],[1.0969,46.3621],[1.1237,46.3491],[1.1309,46.3644],[1.1575,46.3887],[1.1773,46.384],[1.2048,46.3877],[1.2192,46.3659],[1.2604,46.3788],[1.3031,46.371],[1.3223,46.3897],[1.356,46.4001],[1.3835,46.3748],[1.409,46.3613],[1.4152,46.3472],[1.4438,46.3059],[1.4266,46.2989],[1.4037,46.2599],[1.4169,46.2409],[1.3941,46.2383],[1.3749,46.2155],[1.4153,46.1772],[1.4552,46.181],[1.4679,46.1518],[1.5052,46.1275],[1.492,46.1147],[1.5049,46.0882],[1.543,46.0766],[1.5318,46.0582],[1.5492,46.0354],[1.5364,46.0263],[1.5385,45.9974],[1.5648,45.9971],[1.5765,45.981],[1.5661,45.9633],[1.5325,45.9528],[1.53,45.9318],[1.5473,45.9168],[1.5783,45.9173],[1.5792,45.9304],[1.6151,45.932],[1.6397,45.8995],[1.636,45.8884],[1.6023,45.891],[1.6024,45.8575],[1.6766,45.8351],[1.6904,45.8436],[1.7149,45.8401],[1.7558,45.8557],[1.7892,45.8301],[1.8284,45.8098],[1.8464,45.8099],[1.8809,45.7977],[1.8941,45.7593],[1.8751,45.7328],[1.881,45.7129],[1.8987,45.6983],[1.9043,45.6777],[1.88,45.6782],[1.8751,45.6649],[1.8264,45.6651],[1.7858,45.6827],[1.7764,45.6585],[1.7481,45.6457],[1.7048,45.6374],[1.6602,45.608],[1.6582,45.5953],[1.6249,45.5779],[1.5938,45.5771],[1.5849,45.5561],[1.5572,45.5494],[1.5221,45.5641],[1.5063,45.551],[1.4807,45.5659],[1.4551,45.5533],[1.4503,45.5304],[1.4121,45.5281],[1.3896,45.4962],[1.3716,45.4921],[1.3511,45.47],[1.3104,45.483],[1.2703,45.4777],[1.2645,45.4541],[1.2532,45.4442],[1.2095,45.4631],[1.1866,45.4553],[1.1642,45.4755],[1.1358,45.4709],[1.1198,45.4878],[1.1359,45.5064],[1.1673,45.5248],[1.1377,45.5398],[1.1103,45.5449],[1.0804,45.534],[1.0746,45.5458],[1.0475,45.5579],[1.0354,45.5733],[1.0358,45.6002],[1.0232,45.61],[0.9864,45.6045],[0.947,45.6136],[0.8982,45.5998],[0.8748,45.6214],[0.8593,45.6126],[0.8426,45.5823],[0.8115,45.5759],[0.8036,45.5962],[0.7804,45.5912],[0.7515,45.6183],[0.763,45.6283],[0.7758,45.6676],[0.7637,45.6683],[0.7422,45.6906],[0.7165,45.6949],[0.7021,45.6871],[0.6542,45.6887],[0.6297,45.7146],[0.6454,45.7175],[0.6525,45.7405],[0.6884,45.7604],[0.7149,45.7631],[0.7079,45.7955],[0.7164,45.8056],[0.7471,45.8031],[0.7721,45.7876],[0.7822,45.8211],[0.798,45.8327],[0.8274,45.8827],[0.8133,45.8987],[0.8222,45.9321],[0.8595,45.918],[0.8847,45.9237],[0.9227,45.953],[0.9426,45.9574],[0.9256,46.0105],[0.894,46.0231],[0.867,46.0184],[0.8511,46.0346],[0.8179,46.0479],[0.8269,46.0639],[0.8189,46.0774],[0.8337,46.1064],[0.8152,46.1158],[0.8234,46.1286]]]},"properties":{"code":"87","nom":"Haute-Vienne"}},{"type":"Feature","geometry":{"type":"Polygon","coordinates":[[[5.4701,48.4209],[5.511,48.4182],[5.5203,48.4324],[5.5647,48.4411],[5.6151,48.4404],[5.679,48.4714],[5.7132,48.4603],[5.7386,48.4661],[5.7652,48.4965],[5.787,48.4829],[5.8142,48.4982],[5.8561,48.5068],[5.8881,48.494],[5.9036,48.4802],[5.8869,48.4539],[5.899,48.4467],[5.8592,48.4162],[5.8791,48.4039],[5.936,48.4029],[5.9549,48.3873],[5.9447,48.3758],[5.9601,48.3507],[6.0041,48.3615],[6.0252,48.357],[6.0534,48.3656],[6.066,48.3593],[6.0976,48.3716],[6.1167,48.354],[6.1524,48.381],[6.1471,48.4042],[6.1784,48.3976],[6.2321,48.4002],[6.2604,48.4064],[6.2703,48.4261],[6.3013,48.4305],[6.3057,48.4132],[6.3313,48.4048],[6.4224,48.4073],[6.4504,48.4151],[6.5008,48.4142],[6.5337,48.4314],[6.5839,48.4172],[6.5681,48.4387],[6.585,48.4605],[6.6237,48.4731],[6.6483,48.4339],[6.6995,48.4131],[6.7607,48.4117],[6.7688,48.3995],[6.8152,48.3988],[6.8283,48.4166],[6.8663,48.4318],[6.8941,48.4195],[6.983,48.4791],[7.0505,48.4949],[7.094,48.513],[7.1232,48.5136],[7.0977,48.4876],[7.1169,48.4849],[7.0959,48.427],[7.108,48.377],[7.0785,48.3511],[7.1205,48.3333],[7.1848,48.3362],[7.1983,48.3105],[7.1724,48.2975],[7.1595,48.2688],[7.1478,48.2639],[7.1175,48.208],[7.0853,48.1809],[7.058,48.1377],[7.0842,48.1292],[7.0476,48.0801],[7.0298,48.0719],[7.0019,48.0224],[6.9614,48.0003],[6.9434,47.998],[6.9208,47.9429],[6.9278,47.9082],[6.9002,47.8912],[6.92,47.8503],[6.8976,47.8376],[6.8462,47.8229],[6.8235,47.8131],[6.7922,47.8301],[6.7848,47.8496],[6.7378,47.8616],[6.7037,47.8814],[6.6437,47.905],[6.6411,47.9158],[6.6073,47.9431],[6.5634,47.9314],[6.5422,47.9026],[6.4763,47.8914],[6.456,47.9068],[6.4317,47.9438],[6.3662,47.9619],[6.3245,47.9493],[6.2773,47.9538],[6.238,47.9328],[6.2083,47.9396],[6.1933,47.9532],[6.168,47.9524],[6.1524,47.9951],[6.156,48.0064],[6.1314,48.0241],[6.0412,48.0044],[6.0235,47.9782],[5.9946,47.9578],[5.9708,47.9572],[5.9537,47.937],[5.9377,47.9509],[5.9595,47.9658],[5.9367,47.9789],[5.9183,47.9656],[5.918,47.9474],[5.9001,47.9448],[5.8847,47.926],[5.85,47.9628],[5.7873,47.9526],[5.7785,47.978],[5.7936,47.9907],[5.7777,48.0314],[5.7406,48.05],[5.6597,48.0849],[5.629,48.0844],[5.6569,48.1204],[5.6843,48.145],[5.6822,48.1757],[5.6967,48.1889],[5.731,48.1897],[5.7193,48.2128],[5.6878,48.2342],[5.6774,48.229],[5.6409,48.2424],[5.6538,48.2685],[5.6117,48.2918],[5.588,48.2785],[5.5447,48.3148],[5.5224,48.3409],[5.4821,48.3562],[5.4418,48.3359],[5.4182,48.3398],[5.42,48.3621],[5.4416,48.3802],[5.4087,48.3831],[5.4438,48.4128],[5.4701,48.4209]]]},"properties":{"code":"88","nom":"Vosges"}},{"type":"Feature","geometry":{"type":"Polygon","coordinates":[[[2.9363,48.1634],[2.9347,48.1788],[2.971,48.1942],[2.9745,48.2056],[3.0052,48.2077],[3.0436,48.272],[3.0159,48.3079],[3.0417,48.3294],[3.0368,48.3401],[3.0495,48.3601],[3.0989,48.3578],[3.1399,48.3726],[3.2019,48.364],[3.2328,48.3703],[3.2544,48.365],[3.2824,48.3775],[3.3052,48.3729],[3.3652,48.3723],[3.3672,48.3943],[3.3833,48.3997],[3.4148,48.3903],[3.4275,48.36],[3.4526,48.3744],[3.4987,48.3686],[3.5325,48.3405],[3.5634,48.3214],[3.5666,48.3074],[3.588,48.3008],[3.5872,48.2802],[3.6168,48.2713],[3.6243,48.2545],[3.6001,48.237],[3.6216,48.2257],[3.6112,48.2119],[3.5752,48.1887],[3.5942,48.1789],[3.6196,48.1908],[3.6415,48.1839],[3.6679,48.1392],[3.705,48.1443],[3.7403,48.1697],[3.7548,48.1502],[3.7397,48.1328],[3.7733,48.1297],[3.805,48.1025],[3.8068,48.0839],[3.8246,48.0613],[3.8243,48.0429],[3.8706,48.0156],[3.8398,48.0039],[3.85,47.9838],[3.8783,47.9794],[3.9002,47.9979],[3.9147,47.9757],[3.9016,47.9386],[3.9481,47.9309],[3.986,47.9306],[4.0039,47.942],[4.0181,47.9285],[4.0452,47.926],[4.0613,47.9456],[4.093,47.943],[4.1118,47.927],[4.1663,47.9598],[4.2078,47.9466],[4.2067,47.9722],[4.2285,47.9692],[4.2221,47.9497],[4.2427,47.932],[4.2656,47.9241],[4.2934,47.9257],[4.3112,47.9039],[4.2773,47.8995],[4.2622,47.884],[4.261,47.8439],[4.3008,47.8488],[4.3193,47.8374],[4.3203,47.8117],[4.3403,47.7996],[4.3272,47.7857],[4.3325,47.7565],[4.2897,47.7332],[4.2605,47.7422],[4.2526,47.7161],[4.2673,47.7016],[4.2583,47.6839],[4.2256,47.6712],[4.2491,47.6595],[4.2124,47.628],[4.2142,47.6029],[4.1972,47.598],[4.1751,47.5533],[4.1565,47.5516],[4.1381,47.5215],[4.1124,47.5035],[4.1298,47.4748],[4.1194,47.4436],[4.0661,47.4073],[4.0883,47.3965],[4.0762,47.3835],[4.1061,47.3393],[4.0464,47.3399],[4.0288,47.3156],[3.9993,47.3128],[3.9731,47.3327],[3.9654,47.3652],[3.9442,47.3802],[3.9088,47.3821],[3.8868,47.3646],[3.8719,47.3669],[3.8635,47.3958],[3.8934,47.4103],[3.8783,47.4293],[3.8515,47.4356],[3.8444,47.4108],[3.8218,47.4028],[3.8185,47.3802],[3.7856,47.3905],[3.7746,47.4062],[3.7406,47.3965],[3.7148,47.4068],[3.679,47.4455],[3.5801,47.4649],[3.5806,47.4979],[3.5531,47.5023],[3.5135,47.5277],[3.5046,47.5579],[3.4924,47.5601],[3.4883,47.4938],[3.4372,47.508],[3.3973,47.5089],[3.3807,47.4873],[3.3395,47.4782],[3.2853,47.5039],[3.2722,47.4915],[3.2355,47.4892],[3.2046,47.523],[3.1652,47.5175],[3.1351,47.5419],[3.102,47.588],[3.0806,47.5855],[3.0592,47.5688],[3.0188,47.5573],[2.9765,47.5694],[2.9623,47.5768],[2.9403,47.6035],[2.9363,47.6367],[2.9542,47.6458],[2.9182,47.6698],[2.9117,47.6915],[2.859,47.7113],[2.8488,47.7259],[2.8567,47.7609],[2.9145,47.7694],[2.9497,47.7659],[2.9547,47.7756],[2.9882,47.786],[3.0238,47.7866],[3.0281,47.8006],[3.0125,47.8344],[3.0297,47.8351],[3.0291,47.8571],[3.0054,47.864],[3.0072,47.8953],[3.0646,47.9305],[3.0785,47.9314],[3.1285,47.971],[3.1246,48.006],[3.1041,48.0135],[3.0883,48.0539],[3.0505,48.0723],[3.0499,48.0888],[3.0295,48.1332],[2.9909,48.1525],[2.9713,48.1518],[2.9363,48.1634]]]},"properties":{"code":"89","nom":"Yonne"}},{"type":"Feature","geometry":{"type":"Polygon","coordinates":[[[6.8235,47.8131],[6.8462,47.8229],[6.8485,47.8019],[6.8624,47.7864],[6.924,47.7705],[6.9404,47.7716],[6.9712,47.7527],[7.0118,47.7417],[7.0374,47.7216],[7.0265,47.701],[7.0463,47.6715],[7.0189,47.6507],[7.005,47.6194],[7.0254,47.5927],[7.0647,47.6011],[7.0863,47.5926],[7.1062,47.5514],[7.1358,47.5365],[7.1303,47.503],[7.1111,47.4949],[7.0666,47.4935],[7.0244,47.5042],[6.9859,47.4915],[6.999,47.4523],[6.97,47.4469],[6.9405,47.4334],[6.9323,47.4558],[6.9172,47.4689],[6.9076,47.4944],[6.9309,47.4982],[6.9462,47.5113],[6.9097,47.5255],[6.9057,47.5474],[6.8835,47.5553],[6.8608,47.5475],[6.8167,47.5479],[6.807,47.5628],[6.805,47.5821],[6.7804,47.6253],[6.801,47.636],[6.7761,47.6686],[6.7819,47.6877],[6.7726,47.7116],[6.7566,47.7244],[6.7576,47.7479],[6.7856,47.7821],[6.8115,47.796],[6.8235,47.8131]]]},"properties":{"code":"90","nom":"Territoire de Belfort"}},{"type":"Feature","geometry":{"type":"Polygon","coordinates":[[[2.2266,48.7761],[2.233,48.7662],[2.2649,48.7614],[2.3144,48.7304],[2.3207,48.7488],[2.3547,48.7386],[2.3707,48.7202],[2.4141,48.718],[2.455,48.7223],[2.5035,48.7352],[2.5158,48.7289],[2.5311,48.6998],[2.5539,48.6883],[2.5717,48.692],[2.5854,48.6794],[2.5448,48.6712],[2.5336,48.6573],[2.5258,48.6131],[2.5438,48.6038],[2.5183,48.5833],[2.5198,48.5625],[2.4995,48.5252],[2.5154,48.5062],[2.5019,48.4848],[2.5077,48.4295],[2.5275,48.4157],[2.5216,48.4049],[2.4692,48.3765],[2.4298,48.362],[2.4256,48.3373],[2.4027,48.3207],[2.3633,48.3096],[2.3277,48.3331],[2.3126,48.3308],[2.2954,48.3082],[2.238,48.3164],[2.2239,48.3364],[2.2022,48.3446],[2.1807,48.3117],[2.1557,48.3045],[2.0815,48.2936],[2.0527,48.2955],[2.0438,48.2864],[1.9941,48.2866],[1.9753,48.2872],[1.9592,48.3087],[1.98,48.3185],[1.97,48.3397],[1.9868,48.3621],[1.9735,48.3888],[1.9766,48.3994],[1.9259,48.4127],[1.9407,48.4252],[1.9221,48.4576],[1.9149,48.4739],[1.9334,48.4821],[1.946,48.5159],[1.9674,48.5331],[1.9341,48.5481],[1.9379,48.5629],[1.9788,48.5537],[2.0176,48.5576],[2.0172,48.5695],[2.0357,48.5889],[2.0345,48.6035],[2.0602,48.6176],[2.0179,48.6422],[2.0457,48.6876],[2.0821,48.6854],[2.1103,48.7144],[2.098,48.7344],[2.135,48.7371],[2.1507,48.7537],[2.182,48.7576],[2.2027,48.7714],[2.2266,48.7761]]]},"properties":{"code":"91","nom":"Essonne"}},{"type":"Feature","geometry":{"type":"Polygon","coordinates":[[[2.291,48.951],[2.327,48.9454],[2.3364,48.9324],[2.3198,48.9159],[2.3199,48.9005],[2.2775,48.878],[2.2585,48.8804],[2.2317,48.8691],[2.2242,48.8535],[2.2791,48.8325],[2.3319,48.817],[2.3187,48.788],[2.3258,48.7819],[2.3087,48.7554],[2.3207,48.7488],[2.3144,48.7304],[2.2649,48.7614],[2.233,48.7662],[2.2266,48.7761],[2.2026,48.7984],[2.1829,48.7972],[2.1767,48.8138],[2.1516,48.817],[2.1459,48.836],[2.1529,48.8733],[2.1684,48.8951],[2.2006,48.9087],[2.2687,48.9466],[2.291,48.951]]]},"properties":{"code":"92","nom":"Hauts-de-Seine"}},{"type":"Feature","geometry":{"type":"Polygon","coordinates":[[[2.5531,49.0098],[2.5803,48.9916],[2.5718,48.9687],[2.5893,48.9538],[2.5923,48.925],[2.587,48.894],[2.5681,48.8659],[2.5925,48.8259],[2.5923,48.8074],[2.5337,48.8451],[2.4815,48.8614],[2.4163,48.8492],[2.4139,48.8708],[2.3852,48.902],[2.3199,48.9005],[2.3198,48.9159],[2.3364,48.9324],[2.327,48.9454],[2.291,48.951],[2.299,48.9663],[2.3333,48.9554],[2.3441,48.9682],[2.3845,48.971],[2.4074,48.9561],[2.4595,48.955],[2.4673,48.9643],[2.5148,48.9823],[2.5322,49.0052],[2.5531,49.0098]]]},"properties":{"code":"93","nom":"Seine-Saint-Denis"}},{"type":"Feature","geometry":{"type":"Polygon","coordinates":[[[2.3319,48.817],[2.3639,48.8163],[2.4007,48.8291],[2.4385,48.8182],[2.4627,48.8191],[2.4623,48.8425],[2.4163,48.8492],[2.4815,48.8614],[2.5337,48.8451],[2.5923,48.8074],[2.607,48.7744],[2.5854,48.7417],[2.5852,48.7272],[2.5688,48.7072],[2.5717,48.692],[2.5539,48.6883],[2.5311,48.6998],[2.5158,48.7289],[2.5035,48.7352],[2.455,48.7223],[2.4141,48.718],[2.3707,48.7202],[2.3547,48.7386],[2.3207,48.7488],[2.3087,48.7554],[2.3258,48.7819],[2.3187,48.788],[2.3319,48.817]]]},"properties":{"code":"94","nom":"Val-de-Marne"}},{"type":"Feature","geometry":{"type":"Polygon","coordinates":[[[2.5905,49.0797],[2.572,49.0615],[2.5879,49.0499],[2.5477,49.0234],[2.5531,49.0098],[2.5322,49.0052],[2.5148,48.9823],[2.4673,48.9643],[2.4595,48.955],[2.4074,48.9561],[2.3845,48.971],[2.3441,48.9682],[2.3333,48.9554],[2.299,48.9663],[2.291,48.951],[2.2687,48.9466],[2.2006,48.9087],[2.2059,48.9497],[2.1772,48.9537],[2.1755,48.9724],[2.1549,48.9857],[2.1207,48.9933],[2.1271,49.0097],[2.0849,49.0147],[2.0234,48.9979],[1.9919,49.021],[1.9378,49.0218],[1.9125,49.0418],[1.8912,49.0393],[1.8691,49.0182],[1.8513,49.0334],[1.8653,49.0572],[1.83,49.0755],[1.7965,49.0722],[1.7943,49.0582],[1.7596,49.0633],[1.7235,49.045],[1.6937,49.057],[1.6737,49.0782],[1.6455,49.0814],[1.6088,49.0779],[1.6351,49.1143],[1.6558,49.1302],[1.6644,49.1534],[1.6741,49.2102],[1.7044,49.2322],[1.7341,49.2213],[1.7421,49.1802],[1.7552,49.1745],[1.7955,49.1853],[1.8455,49.1699],[1.877,49.1714],[1.8852,49.1626],[1.9315,49.1742],[1.9607,49.1735],[1.9738,49.1838],[2.0006,49.1757],[2.0749,49.2087],[2.0969,49.1898],[2.1327,49.1914],[2.182,49.1737],[2.2187,49.1807],[2.2525,49.1529],[2.2864,49.1599],[2.3109,49.1864],[2.3463,49.1618],[2.3913,49.1493],[2.4131,49.1524],[2.4716,49.1354],[2.5033,49.1176],[2.4899,49.1064],[2.5582,49.0984],[2.5905,49.0797]]]},"properties":{"code":"95","nom":"Val-d'Oise"}},{"type":"Feature","geometry":{"type":"MultiPolygon","coordinates":[[[[-61.7904,16.1668],[-61.792,16.1679],[-61.7882,16.1691],[-61.7904,16.1668]]],[[[-61.6336,15.8398],[-61.6509,15.8486],[-61.6472,15.8542],[-61.6467,15.8611],[-61.6398,15.8634],[-61.6351,15.871],[-61.6345,15.868],[-61.6231,15.8656],[-61.6251,15.8619],[-61.6241,15.8588],[-61.617,15.8585],[-61.6144,15.8553],[-61.6181,15.8515],[-61.6203,15.8554],[-61.6285,15.8423],[-61.6336,15.8398]]],[[[-61.1199,16.1672],[-61.1289,16.1695],[-61.1312,16.1724],[-61.1126,16.1745],[-61.1072,16.1722],[-61.1088,16.1686],[-61.1199,16.1672]]],[[[-61.0098,16.35],[-61.0025,16.3357],[-61.0053,16.3315],[-61.0247,16.3245],[-61.0485,16.3076],[-61.0736,16.3029],[-61.0838,16.2965],[-61.0914,16.2956],[-61.0972,16.2905],[-61.0988,16.2938],[-61.0964,16.2984],[-61.0981,16.3035],[-61.0936,16.3053],[-61.0906,16.3118],[-61.0786,16.3124],[-61.0753,16.3191],[-61.0646,16.3201],[-61.0563,16.3267],[-61.0513,16.3276],[-61.0489,16.3322],[-61.0461,16.3306],[-61.0355,16.3383],[-61.0316,16.3379],[-61.0306,16.3412],[-61.0284,16.3406],[-61.0225,16.3449],[-61.0197,16.3438],[-61.0167,16.3489],[-61.0098,16.35]]],[[[-61.7777,16.364],[-61.7816,16.3669],[-61.7806,16.3704],[-61.7779,16.3682],[-61.7777,16.364]]],[[[-61.5858,15.8321],[-61.5971,15.8354],[-61.5917,15.8429],[-61.5846,15.8363],[-61.5858,15.8321]]],[[[-61.5933,15.8525],[-61.6003,15.8547],[-61.6022,15.8576],[-61.6067,15.8571],[-61.6052,15.8595],[-61.6002,15.8602],[-61.5998,15.8649],[-61.5843,15.8643],[-61.5821,15.8693],[-61.5848,15.8761],[-61.5816,15.8809],[-61.5782,15.873],[-61.5756,15.875],[-61.5737,15.8836],[-61.5716,15.8826],[-61.5681,15.8787],[-61.5713,15.8722],[-61.5665,15.871],[-61.5709,15.8692],[-61.5711,15.8673],[-61.5766,15.8666],[-61.5788,15.8596],[-61.5763,15.8582],[-61.5784,15.8553],[-61.5793,15.8578],[-61.5867,15.8572],[-61.5879,15.8592],[-61.5933,15.8525]]],[[[-61.5937,15.8718],[-61.6017,15.8774],[-61.5912,15.8774],[-61.5937,15.8718]]],[[[-61.1063,16.176],[-61.1106,16.1756],[-61.1138,16.1776],[-61.1039,16.1811],[-61.1063,16.176]]],[[[-61.3231,15.9496],[-61.3193,15.9536],[-61.319,15.9759],[-61.3067,15.9788],[-61.3063,15.986],[-61.3016,15.9879],[-61.2912,16.0032],[-61.2818,16.0031],[-61.2757,16.0073],[-61.2758,16.0052],[-61.2607,15.9995],[-61.2527,15.9922],[-61.2481,15.9934],[-61.2476,15.9913],[-61.2417,15.9915],[-61.2433,15.9873],[-61.24,15.9889],[-61.2397,15.9857],[-61.2331,15.9857],[-61.2331,15.9827],[-61.2305,15.9811],[-61.2311,15.9735],[-61.2272,15.9679],[-61.2235,15.9683],[-61.2245,15.9644],[-61.2191,15.9621],[-61.2171,15.9567],[-61.2082,15.953],[-61.2006,15.9451],[-61.1952,15.9306],[-61.1972,15.916],[-61.2045,15.9009],[-61.2178,15.8952],[-61.2217,15.8879],[-61.2345,15.879],[-61.2506,15.8719],[-61.2633,15.8709],[-61.2687,15.8673],[-61.2792,15.8665],[-61.2828,15.87],[-61.3023,15.8743],[-61.3077,15.8786],[-61.315,15.8805],[-61.3226,15.8861],[-61.331,15.8981],[-61.3318,15.9006],[-61.3294,15.9041],[-61.3371,15.9415],[-61.3231,15.9496]]],[[[-61.5872,16.3449],[-61.5919,16.3463],[-61.5944,16.342],[-61.597,16.3423],[-61.5903,16.3535],[-61.5827,16.3521],[-61.5789,16.349],[-61.5807,16.3453],[-61.5872,16.3449]]],[[[-61.5252,16.3483],[-61.5299,16.3508],[-61.5264,16.3506],[-61.5252,16.3483]]],[[[-61.5439,16.2923],[-61.5451,16.2944],[-61.5429,16.2951],[-61.5439,16.2923]]],[[[-61.5501,16.2804],[-61.5528,16.2812],[-61.5502,16.2822],[-61.5501,16.2804]]],[[[-61.8061,16.268],[-61.8096,16.2729],[-61.805,16.2749],[-61.8025,16.2791],[-61.8041,16.2815],[-61.8016,16.2867],[-61.8021,16.3012],[-61.7946,16.3068],[-61.8018,16.3119],[-61.8016,16.3144],[-61.7887,16.3221],[-61.7868,16.3252],[-61.7889,16.3318],[-61.7874,16.3357],[-61.7778,16.3425],[-61.7761,16.35],[-61.772,16.3496],[-61.7595,16.3557],[-61.7503,16.3543],[-61.7433,16.362],[-61.7351,16.357],[-61.7294,16.3578],[-61.7245,16.354],[-61.7208,16.3503],[-61.7211,16.3474],[-61.7157,16.3445],[-61.717,16.3431],[-61.7138,16.3373],[-61.694,16.3346],[-61.6909,16.3311],[-61.6867,16.3299],[-61.6853,16.3246],[-61.6814,16.3248],[-61.6812,16.3275],[-61.6786,16.3282],[-61.6726,16.3246],[-61.6712,16.3179],[-61.669,16.3171],[-61.6667,16.32],[-61.6649,16.3176],[-61.6608,16.3202],[-61.6504,16.321],[-61.6412,16.3163],[-61.6446,16.3129],[-61.6435,16.3088],[-61.6371,16.3092],[-61.6332,16.3048],[-61.6277,16.3044],[-61.6257,16.3016],[-61.6088,16.3044],[-61.6023,16.3034],[-61.6023,16.2993],[-61.6106,16.2937],[-61.6144,16.2832],[-61.6207,16.2833],[-61.6167,16.2875],[-61.6208,16.2922],[-61.619,16.2872],[-61.6269,16.2805],[-61.6243,16.2754],[-61.6118,16.2795],[-61.6114,16.2764],[-61.6149,16.27],[-61.6135,16.2676],[-61.606,16.2696],[-61.5986,16.2817],[-61.597,16.2748],[-61.6007,16.2689],[-61.5974,16.266],[-61.5842,16.2701],[-61.5834,16.2743],[-61.5792,16.2789],[-61.5796,16.2838],[-61.5761,16.2851],[-61.5745,16.2824],[-61.5703,16.2815],[-61.5648,16.2866],[-61.5619,16.2834],[-61.5587,16.2864],[-61.5551,16.2847],[-61.553,16.2824],[-61.5532,16.2786],[-61.5556,16.2765],[-61.5561,16.2789],[-61.5596,16.2803],[-61.5606,16.2775],[-61.5561,16.273],[-61.5532,16.2782],[-61.5495,16.2776],[-61.5472,16.2561],[-61.5531,16.2496],[-61.5485,16.2423],[-61.5506,16.2385],[-61.5497,16.2327],[-61.543,16.233],[-61.5417,16.2314],[-61.5469,16.2282],[-61.5446,16.2253],[-61.5477,16.2233],[-61.5517,16.2242],[-61.5589,16.2353],[-61.5641,16.2322],[-61.5672,16.236],[-61.5749,16.2344],[-61.5799,16.2369],[-61.5844,16.233],[-61.5882,16.2204],[-61.5846,16.2142],[-61.5876,16.21],[-61.5832,16.2048],[-61.5904,16.1932],[-61.5859,16.1806],[-61.5802,16.179],[-61.5796,16.1732],[-61.585,16.1675],[-61.5817,16.1557],[-61.5755,16.1536],[-61.574,16.1504],[-61.5777,16.1429],[-61.5729,16.1366],[-61.5631,16.1343],[-61.5609,16.1311],[-61.5611,16.1283],[-61.5699,16.1211],[-61.5704,16.1139],[-61.5672,16.1085],[-61.5632,16.1076],[-61.5636,16.1034],[-61.5609,16.1016],[-61.5613,16.0963],[-61.5588,16.0928],[-61.561,16.0835],[-61.5591,16.0783],[-61.5608,16.0632],[-61.5553,16.0532],[-61.5576,16.0542],[-61.5564,16.0512],[-61.564,16.0432],[-61.5649,16.0337],[-61.5727,16.022],[-61.5797,16.0193],[-61.5844,16.0123],[-61.5876,16.0119],[-61.5985,16.0011],[-61.6026,16],[-61.6081,15.9922],[-61.6124,15.9913],[-61.6144,15.9821],[-61.6201,15.9771],[-61.6192,15.9717],[-61.6272,15.972],[-61.6298,15.9705],[-61.6299,15.9674],[-61.6346,15.9662],[-61.641,15.9682],[-61.6444,15.9669],[-61.6485,15.9697],[-61.6593,15.9602],[-61.6627,15.9644],[-61.6691,15.962],[-61.6759,15.9526],[-61.6803,15.9505],[-61.7,15.9466],[-61.7039,15.9492],[-61.7077,15.9489],[-61.7074,15.952],[-61.7099,15.9546],[-61.7085,15.965],[-61.7151,15.9826],[-61.7258,15.9879],[-61.7458,16.0094],[-61.751,16.0345],[-61.7546,16.0403],[-61.7647,16.0491],[-61.7695,16.0587],[-61.7673,16.0841],[-61.7691,16.0864],[-61.7666,16.0892],[-61.7668,16.0907],[-61.7728,16.0911],[-61.7704,16.0954],[-61.7736,16.098],[-61.7719,16.1017],[-61.7746,16.1035],[-61.7727,16.1058],[-61.7739,16.125],[-61.7699,16.1282],[-61.7698,16.1309],[-61.7715,16.1358],[-61.78,16.1402],[-61.7751,16.1489],[-61.7773,16.1699],[-61.7759,16.1709],[-61.7792,16.1744],[-61.7826,16.1736],[-61.7841,16.1762],[-61.7823,16.1877],[-61.7877,16.1952],[-61.7823,16.2144],[-61.7849,16.2178],[-61.7864,16.2272],[-61.7922,16.2358],[-61.8015,16.243],[-61.8026,16.2511],[-61.8059,16.2575],[-61.8061,16.268]]],[[[-61.5305,16.2178],[-61.5328,16.2213],[-61.5255,16.2171],[-61.5234,16.2175],[-61.5233,16.2212],[-61.5288,16.2195],[-61.5299,16.2209],[-61.5275,16.221],[-61.5273,16.2229],[-61.5327,16.2247],[-61.5298,16.227],[-61.5336,16.2292],[-61.5333,16.2342],[-61.5397,16.237],[-61.5388,16.2398],[-61.5416,16.2405],[-61.5412,16.2438],[-61.5497,16.2517],[-61.5465,16.2541],[-61.5465,16.2666],[-61.5489,16.2749],[-61.5474,16.2799],[-61.5513,16.2874],[-61.5545,16.2881],[-61.5519,16.2891],[-61.5506,16.287],[-61.5456,16.2924],[-61.5438,16.2897],[-61.5411,16.2896],[-61.5423,16.2958],[-61.5456,16.2963],[-61.547,16.3014],[-61.5452,16.3041],[-61.5437,16.3008],[-61.5373,16.3064],[-61.5335,16.3163],[-61.5359,16.3188],[-61.5334,16.3259],[-61.5355,16.3311],[-61.5334,16.3347],[-61.5282,16.3373],[-61.5296,16.3392],[-61.5228,16.3455],[-61.5194,16.3433],[-61.5081,16.3421],[-61.5073,16.3453],[-61.5044,16.3453],[-61.507,16.3481],[-61.5058,16.3503],[-61.504,16.3491],[-61.5041,16.3511],[-61.4937,16.3541],[-61.4995,16.3551],[-61.496,16.361],[-61.5014,16.3642],[-61.4971,16.3666],[-61.495,16.3767],[-61.5058,16.3889],[-61.5092,16.3856],[-61.5123,16.3895],[-61.5258,16.3947],[-61.5332,16.4147],[-61.5334,16.4244],[-61.5374,16.4307],[-61.5373,16.4357],[-61.5415,16.4376],[-61.5363,16.4477],[-61.5354,16.455],[-61.5296,16.4606],[-61.5233,16.4634],[-61.5181,16.4707],[-61.5081,16.474],[-61.5041,16.4842],[-61.4861,16.4915],[-61.4801,16.4975],[-61.4735,16.5109],[-61.4669,16.5105],[-61.4648,16.5143],[-61.4667,16.5069],[-61.4614,16.5052],[-61.4633,16.5019],[-61.4614,16.4995],[-61.4539,16.4995],[-61.4525,16.4976],[-61.4436,16.5002],[-61.4414,16.4886],[-61.4389,16.4906],[-61.4337,16.4875],[-61.4332,16.484],[-61.4285,16.4824],[-61.4246,16.4761],[-61.42,16.4764],[-61.4172,16.4714],[-61.4138,16.4694],[-61.4124,16.4707],[-61.41,16.4674],[-61.4109,16.4612],[-61.4078,16.4565],[-61.4073,16.448],[-61.4016,16.4426],[-61.3979,16.424],[-61.3984,16.4178],[-61.4021,16.4159],[-61.4014,16.4079],[-61.4054,16.407],[-61.4036,16.4025],[-61.4054,16.3845],[-61.3927,16.3602],[-61.3795,16.3437],[-61.3676,16.3388],[-61.3685,16.3355],[-61.3652,16.3378],[-61.3522,16.3336],[-61.3454,16.3354],[-61.3417,16.3297],[-61.3404,16.3333],[-61.3344,16.3341],[-61.3214,16.3306],[-61.3131,16.3319],[-61.3052,16.3253],[-61.297,16.3278],[-61.297,16.3229],[-61.286,16.3217],[-61.2818,16.3166],[-61.2773,16.3168],[-61.2755,16.313],[-61.2728,16.3137],[-61.2662,16.3091],[-61.2664,16.3051],[-61.2595,16.3043],[-61.2565,16.2956],[-61.2533,16.293],[-61.2433,16.2732],[-61.2336,16.2672],[-61.2204,16.2641],[-61.2068,16.2554],[-61.1994,16.2548],[-61.1994,16.2581],[-61.1945,16.2543],[-61.1863,16.254],[-61.1793,16.2477],[-61.1762,16.2488],[-61.1737,16.2448],[-61.1767,16.2422],[-61.1912,16.2501],[-61.2038,16.2497],[-61.2185,16.253],[-61.2557,16.256],[-61.2644,16.2513],[-61.2681,16.2532],[-61.2658,16.2502],[-61.2786,16.2506],[-61.2945,16.2432],[-61.3175,16.2403],[-61.3233,16.2439],[-61.325,16.2436],[-61.3244,16.2411],[-61.3386,16.242],[-61.3477,16.2367],[-61.3705,16.2322],[-61.372,16.2282],[-61.3794,16.2222],[-61.3903,16.2236],[-61.394,16.2172],[-61.3979,16.2195],[-61.4033,16.2181],[-61.4068,16.2132],[-61.4181,16.2112],[-61.4245,16.2078],[-61.4268,16.2104],[-61.4383,16.2089],[-61.4425,16.2069],[-61.444,16.2026],[-61.4507,16.2004],[-61.4584,16.2011],[-61.4642,16.1968],[-61.4856,16.205],[-61.5074,16.2061],[-61.5074,16.2117],[-61.5101,16.2159],[-61.5186,16.2151],[-61.5223,16.2127],[-61.5305,16.2178]]],[[[-61.5372,16.2131],[-61.5428,16.2139],[-61.5427,16.2184],[-61.5347,16.2134],[-61.5372,16.2131]]]]},"properties":{"code":"971","nom":"Guadeloupe"}},{"type":"Feature","geometry":{"type":"MultiPolygon","coordinates":[[[[-60.8673,14.3887],[-60.8688,14.3906],[-60.8684,14.3926],[-60.8671,14.3921],[-60.8673,14.3887]]],[[[-61.0391,14.4419],[-61.0409,14.4432],[-61.0403,14.4444],[-61.0378,14.4434],[-61.0391,14.4419]]],[[[-60.8272,14.4279],[-60.8304,14.4306],[-60.8298,14.4319],[-60.826,14.4329],[-60.8252,14.4299],[-60.8272,14.4279]]],[[[-60.8333,14.4102],[-60.8343,14.4109],[-60.8325,14.4115],[-60.832,14.4105],[-60.8333,14.4102]]],[[[-60.9788,14.474],[-60.9802,14.4763],[-60.9786,14.4775],[-60.9788,14.474]]],[[[-60.8385,14.5664],[-60.8358,14.5704],[-60.8343,14.5697],[-60.8346,14.5677],[-60.8385,14.5664]]],[[[-60.9885,14.7862],[-60.9907,14.7879],[-60.9874,14.789],[-60.9885,14.7862]]],[[[-60.8746,14.4505],[-60.875,14.4521],[-60.874,14.4518],[-60.8746,14.4505]]],[[[-60.8621,14.608],[-60.8578,14.6112],[-60.8578,14.6124],[-60.8528,14.6144],[-60.8516,14.6141],[-60.8516,14.6109],[-60.8496,14.6105],[-60.8504,14.6096],[-60.8568,14.6111],[-60.8576,14.6094],[-60.8621,14.608]]],[[[-60.8486,14.6234],[-60.8503,14.6252],[-60.8471,14.627],[-60.846,14.6252],[-60.8486,14.6234]]],[[[-60.8637,14.6181],[-60.8642,14.6192],[-60.8582,14.622],[-60.8603,14.6188],[-60.8637,14.6181]]],[[[-60.853,14.6293],[-60.8518,14.6268],[-60.8539,14.626],[-60.853,14.6293]]],[[[-61.0208,14.5466],[-61.0216,14.549],[-61.0165,14.5502],[-61.0169,14.5477],[-61.0208,14.5466]]],[[[-61.0795,14.5433],[-61.0794,14.5453],[-61.0784,14.5447],[-61.0795,14.5433]]],[[[-60.9635,14.7714],[-60.9646,14.7744],[-60.9625,14.7729],[-60.9635,14.7714]]],[[[-60.8787,14.7546],[-60.88,14.7574],[-60.8786,14.7569],[-60.8787,14.7546]]],[[[-60.9329,14.7302],[-60.9342,14.7312],[-60.9324,14.731],[-60.9329,14.7302]]],[[[-60.8744,14.7757],[-60.876,14.7758],[-60.8756,14.7769],[-60.8743,14.7771],[-60.8744,14.7757]]],[[[-61.1175,14.6276],[-61.1195,14.6297],[-61.123,14.6289],[-61.1303,14.633],[-61.1327,14.6335],[-61.1337,14.6321],[-61.1357,14.6329],[-61.1386,14.6372],[-61.1392,14.6393],[-61.1381,14.641],[-61.1446,14.6465],[-61.1507,14.6483],[-61.152,14.6496],[-61.153,14.6553],[-61.1568,14.6565],[-61.159,14.6642],[-61.1801,14.6944],[-61.1848,14.7085],[-61.1799,14.7311],[-61.1769,14.7378],[-61.1773,14.7462],[-61.1854,14.7573],[-61.1984,14.7667],[-61.2054,14.7799],[-61.2146,14.7819],[-61.2191,14.7889],[-61.2225,14.798],[-61.2272,14.8026],[-61.2262,14.807],[-61.2289,14.8118],[-61.2293,14.8221],[-61.2264,14.8313],[-61.2234,14.8343],[-61.223,14.8384],[-61.2191,14.8428],[-61.2192,14.8456],[-61.2147,14.8479],[-61.2128,14.8545],[-61.2066,14.8617],[-61.197,14.864],[-61.1934,14.8674],[-61.1926,14.8667],[-61.1877,14.8683],[-61.1866,14.87],[-61.1824,14.8715],[-61.1805,14.8748],[-61.177,14.8741],[-61.1705,14.8765],[-61.1598,14.8781],[-61.1544,14.8773],[-61.1482,14.8788],[-61.1454,14.8771],[-61.1388,14.8778],[-61.1349,14.8748],[-61.127,14.8745],[-61.1203,14.8702],[-61.1177,14.8695],[-61.114,14.8704],[-61.1091,14.8669],[-61.1062,14.8669],[-61.1031,14.864],[-61.0979,14.8632],[-61.097,14.8605],[-61.0898,14.8537],[-61.0813,14.8516],[-61.0775,14.8465],[-61.0734,14.8456],[-61.071,14.8435],[-61.0645,14.8434],[-61.0626,14.8387],[-61.0573,14.8344],[-61.0497,14.8329],[-61.0426,14.837],[-61.0381,14.8305],[-61.0292,14.8304],[-61.0317,14.8233],[-61.0227,14.8221],[-61.0187,14.8094],[-61.0149,14.8073],[-61.0113,14.8071],[-61.0068,14.8114],[-61.0079,14.8096],[-61.007,14.8085],[-61.0054,14.808],[-61.0035,14.8093],[-61.0012,14.8079],[-61.0036,14.8051],[-61.0037,14.8035],[-61.0026,14.8033],[-61.0049,14.8021],[-61.0043,14.7982],[-60.9985,14.7943],[-60.9988,14.7907],[-60.9972,14.7877],[-60.9933,14.7851],[-60.9908,14.7858],[-60.991,14.783],[-60.9874,14.778],[-60.9812,14.7795],[-60.9796,14.7776],[-60.9794,14.7755],[-60.9823,14.7758],[-60.9828,14.7744],[-60.9787,14.7691],[-60.9743,14.7681],[-60.9748,14.7662],[-60.9733,14.7632],[-60.9679,14.7607],[-60.9663,14.7566],[-60.9674,14.7526],[-60.9651,14.7485],[-60.9634,14.7472],[-60.9617,14.7479],[-60.9635,14.7454],[-60.9626,14.739],[-60.9581,14.7366],[-60.9544,14.738],[-60.9527,14.7424],[-60.9524,14.7485],[-60.948,14.7523],[-60.9479,14.7537],[-60.9453,14.7549],[-60.9442,14.7572],[-60.9421,14.7568],[-60.9355,14.7596],[-60.9346,14.7618],[-60.9332,14.761],[-60.9323,14.7627],[-60.9266,14.7622],[-60.9253,14.7635],[-60.9239,14.7598],[-60.9205,14.7583],[-60.9172,14.7609],[-60.9122,14.7625],[-60.9112,14.7638],[-60.9119,14.7655],[-60.9098,14.7663],[-60.9092,14.7689],[-60.9078,14.7655],[-60.9024,14.767],[-60.9017,14.7697],[-60.8974,14.7701],[-60.892,14.7738],[-60.8922,14.7753],[-60.8903,14.7759],[-60.8884,14.7802],[-60.8862,14.7804],[-60.8851,14.7765],[-60.8827,14.7771],[-60.8746,14.7748],[-60.8768,14.7737],[-60.8728,14.7722],[-60.8747,14.7698],[-60.873,14.7682],[-60.8761,14.7655],[-60.8756,14.7635],[-60.872,14.7601],[-60.8727,14.7582],[-60.8781,14.7589],[-60.8787,14.7579],[-60.8816,14.761],[-60.8823,14.7664],[-60.8837,14.7677],[-60.8861,14.7655],[-60.8915,14.7668],[-60.8935,14.7654],[-60.8933,14.7616],[-60.8953,14.7623],[-60.8968,14.7612],[-60.8969,14.7585],[-60.8908,14.7564],[-60.8885,14.7533],[-60.8909,14.7478],[-60.8947,14.7492],[-60.8958,14.7463],[-60.8981,14.7461],[-60.8993,14.7438],[-60.8981,14.7421],[-60.8947,14.7421],[-60.8907,14.74],[-60.8922,14.7381],[-60.8918,14.7357],[-60.893,14.737],[-60.8963,14.7366],[-60.8956,14.7335],[-60.8969,14.7348],[-60.901,14.7345],[-60.903,14.7371],[-60.9069,14.7364],[-60.9082,14.7349],[-60.9104,14.7355],[-60.9119,14.7437],[-60.9162,14.7465],[-60.92,14.7466],[-60.9259,14.7508],[-60.9309,14.7492],[-60.9361,14.7506],[-60.9375,14.7499],[-60.9407,14.7429],[-60.9431,14.7433],[-60.9444,14.7376],[-60.943,14.7359],[-60.9376,14.7343],[-60.9385,14.733],[-60.9444,14.7335],[-60.9442,14.7315],[-60.9456,14.7309],[-60.9462,14.7281],[-60.9447,14.7228],[-60.9399,14.7214],[-60.939,14.7176],[-60.9345,14.7155],[-60.9328,14.7162],[-60.9312,14.7214],[-60.9254,14.7215],[-60.9291,14.7188],[-60.9287,14.7152],[-60.9339,14.7118],[-60.9331,14.7077],[-60.9295,14.707],[-60.9246,14.7082],[-60.9193,14.7117],[-60.9182,14.716],[-60.9158,14.7149],[-60.9139,14.7162],[-60.9156,14.7097],[-60.9132,14.7073],[-60.9153,14.7057],[-60.9142,14.7029],[-60.9088,14.6995],[-60.9025,14.702],[-60.9034,14.6998],[-60.9007,14.6988],[-60.9024,14.6975],[-60.9014,14.6966],[-60.9022,14.6954],[-60.9068,14.6959],[-60.9089,14.6905],[-60.9114,14.6879],[-60.9126,14.6885],[-60.913,14.6917],[-60.9191,14.6908],[-60.9216,14.6885],[-60.9263,14.6889],[-60.9285,14.6874],[-60.9292,14.6831],[-60.924,14.6793],[-60.9249,14.6785],[-60.9299,14.6787],[-60.9339,14.6828],[-60.9366,14.6836],[-60.9383,14.6749],[-60.9431,14.6724],[-60.943,14.6693],[-60.942,14.6672],[-60.94,14.6671],[-60.9395,14.6651],[-60.9353,14.6647],[-60.9333,14.6577],[-60.929,14.6529],[-60.9248,14.6534],[-60.9234,14.6552],[-60.9198,14.6545],[-60.9201,14.6579],[-60.9177,14.6611],[-60.9167,14.6609],[-60.9168,14.6629],[-60.9119,14.666],[-60.9106,14.6656],[-60.909,14.6618],[-60.9077,14.6636],[-60.9059,14.6624],[-60.9061,14.6666],[-60.9035,14.6662],[-60.9039,14.6644],[-60.9021,14.6621],[-60.9009,14.6623],[-60.9002,14.6651],[-60.897,14.6653],[-60.8994,14.6612],[-60.895,14.6613],[-60.8937,14.6589],[-60.8909,14.6595],[-60.892,14.6618],[-60.8905,14.6656],[-60.8869,14.6664],[-60.883,14.6655],[-60.8832,14.6588],[-60.8836,14.6581],[-60.8847,14.6593],[-60.886,14.658],[-60.8847,14.6563],[-60.8859,14.6526],[-60.8879,14.6539],[-60.8888,14.6566],[-60.89,14.6547],[-60.8891,14.6538],[-60.89,14.6507],[-60.8916,14.6514],[-60.8956,14.6502],[-60.8964,14.6486],[-60.8997,14.6519],[-60.9029,14.6528],[-60.9019,14.6496],[-60.906,14.6482],[-60.9053,14.646],[-60.8997,14.6454],[-60.8958,14.6412],[-60.893,14.6411],[-60.8905,14.6427],[-60.8886,14.6413],[-60.8951,14.6391],[-60.8939,14.6379],[-60.8945,14.6355],[-60.8909,14.636],[-60.8922,14.6345],[-60.8909,14.6314],[-60.895,14.6315],[-60.894,14.63],[-60.8948,14.6281],[-60.8984,14.6286],[-60.8972,14.6251],[-60.8991,14.6214],[-60.8978,14.62],[-60.8965,14.6208],[-60.8944,14.6194],[-60.8891,14.6193],[-60.8887,14.622],[-60.8873,14.6215],[-60.8869,14.6155],[-60.8843,14.6192],[-60.882,14.6193],[-60.8809,14.6178],[-60.8772,14.6215],[-60.8733,14.6188],[-60.8702,14.6195],[-60.8694,14.6173],[-60.876,14.616],[-60.878,14.6123],[-60.8774,14.6105],[-60.8749,14.6098],[-60.8754,14.6081],[-60.87,14.6059],[-60.868,14.6013],[-60.8684,14.6001],[-60.8721,14.6001],[-60.8725,14.5963],[-60.8681,14.5936],[-60.8676,14.5904],[-60.8652,14.5915],[-60.8586,14.5893],[-60.8519,14.5947],[-60.8519,14.5903],[-60.8497,14.5899],[-60.8484,14.5877],[-60.8507,14.5866],[-60.8505,14.5855],[-60.8463,14.5846],[-60.8462,14.5826],[-60.8516,14.5828],[-60.8524,14.5801],[-60.8423,14.579],[-60.8471,14.5763],[-60.8536,14.5755],[-60.8529,14.5695],[-60.8516,14.5685],[-60.8485,14.5705],[-60.8468,14.5696],[-60.8446,14.5717],[-60.843,14.5711],[-60.8453,14.568],[-60.849,14.5666],[-60.8483,14.5647],[-60.8409,14.5669],[-60.8407,14.5643],[-60.8453,14.5594],[-60.8413,14.5596],[-60.8302,14.5696],[-60.8255,14.5684],[-60.8291,14.5659],[-60.8301,14.5603],[-60.8336,14.5566],[-60.8355,14.5568],[-60.8363,14.5511],[-60.8386,14.55],[-60.8361,14.5462],[-60.8338,14.5452],[-60.8334,14.5464],[-60.8295,14.5431],[-60.8266,14.5374],[-60.8283,14.5364],[-60.8286,14.5345],[-60.8344,14.5356],[-60.8372,14.5335],[-60.8341,14.5331],[-60.833,14.5314],[-60.8268,14.5336],[-60.825,14.5328],[-60.8242,14.5295],[-60.8261,14.5214],[-60.8302,14.5242],[-60.8347,14.5227],[-60.8333,14.5176],[-60.8363,14.5165],[-60.8353,14.5152],[-60.8369,14.5117],[-60.8347,14.5099],[-60.8285,14.515],[-60.8249,14.5149],[-60.8235,14.5131],[-60.8225,14.5086],[-60.824,14.5044],[-60.8223,14.5032],[-60.8234,14.4959],[-60.8212,14.4929],[-60.819,14.4933],[-60.819,14.4947],[-60.8177,14.4951],[-60.8179,14.4932],[-60.8162,14.4932],[-60.8142,14.4898],[-60.8147,14.4865],[-60.8106,14.4798],[-60.8141,14.4734],[-60.8188,14.4716],[-60.8202,14.4765],[-60.8217,14.4758],[-60.8216,14.473],[-60.8237,14.4718],[-60.8187,14.4691],[-60.8184,14.4665],[-60.817,14.4659],[-60.814,14.4604],[-60.8095,14.4602],[-60.8109,14.4592],[-60.816,14.4599],[-60.8162,14.4581],[-60.8186,14.4584],[-60.8212,14.4558],[-60.8219,14.4527],[-60.8236,14.4525],[-60.824,14.4494],[-60.8225,14.4464],[-60.8252,14.4374],[-60.8267,14.4355],[-60.8297,14.4355],[-60.834,14.433],[-60.8327,14.43],[-60.8339,14.427],[-60.8355,14.4263],[-60.8343,14.4252],[-60.8347,14.4229],[-60.8405,14.4223],[-60.8426,14.4271],[-60.8489,14.4271],[-60.8496,14.4217],[-60.8472,14.4226],[-60.8474,14.4195],[-60.8444,14.4211],[-60.8432,14.4205],[-60.8452,14.4158],[-60.838,14.4146],[-60.8387,14.4106],[-60.8405,14.4105],[-60.8458,14.4134],[-60.8547,14.4043],[-60.8556,14.3973],[-60.8575,14.3981],[-60.8597,14.3972],[-60.8596,14.3957],[-60.8605,14.3965],[-60.8631,14.3956],[-60.8656,14.3968],[-60.8688,14.3946],[-60.8781,14.3971],[-60.8766,14.3982],[-60.8767,14.4009],[-60.8811,14.4042],[-60.8845,14.4046],[-60.8847,14.4077],[-60.8872,14.4098],[-60.8855,14.4108],[-60.8854,14.4136],[-60.8932,14.4192],[-60.8925,14.4216],[-60.89,14.4222],[-60.8863,14.4265],[-60.8799,14.4384],[-60.8812,14.4431],[-60.8845,14.4476],[-60.8838,14.4519],[-60.8825,14.4519],[-60.8778,14.4462],[-60.8761,14.4489],[-60.8722,14.4483],[-60.874,14.4528],[-60.8728,14.4569],[-60.8714,14.4555],[-60.8699,14.4563],[-60.8644,14.4549],[-60.8642,14.4563],[-60.8674,14.4584],[-60.8622,14.4629],[-60.8645,14.4642],[-60.8642,14.4686],[-60.8661,14.4705],[-60.8721,14.4691],[-60.8766,14.4721],[-60.878,14.4675],[-60.8803,14.4678],[-60.882,14.4652],[-60.883,14.4662],[-60.8883,14.4595],[-60.8907,14.4587],[-60.8928,14.4555],[-60.8926,14.4526],[-60.899,14.4477],[-60.9005,14.4495],[-60.8999,14.4516],[-60.9114,14.4607],[-60.9101,14.4689],[-60.916,14.4685],[-60.9174,14.4717],[-60.9188,14.4672],[-60.9228,14.467],[-60.9342,14.4624],[-60.9362,14.4645],[-60.9414,14.4638],[-60.9431,14.4662],[-60.9518,14.4666],[-60.9563,14.4654],[-60.9567,14.4671],[-60.9614,14.4688],[-60.9621,14.4714],[-60.9645,14.4729],[-60.9695,14.4722],[-60.9693,14.4702],[-60.9745,14.468],[-60.9784,14.4712],[-60.9759,14.4756],[-60.9782,14.4772],[-60.9804,14.482],[-60.9814,14.481],[-60.9826,14.4823],[-60.9845,14.4792],[-60.9833,14.4776],[-60.9846,14.4773],[-60.9849,14.4728],[-60.987,14.4735],[-60.9881,14.476],[-60.9918,14.4788],[-60.99,14.4746],[-60.991,14.4712],[-60.9896,14.468],[-60.9916,14.4663],[-60.993,14.4679],[-60.9974,14.468],[-60.9992,14.4695],[-61.0038,14.4788],[-61.0079,14.4741],[-61.0063,14.471],[-61.0095,14.4724],[-61.0188,14.4807],[-61.0325,14.4771],[-61.0441,14.471],[-61.0466,14.4678],[-61.0463,14.4637],[-61.0486,14.4585],[-61.0561,14.4539],[-61.0615,14.4551],[-61.0652,14.4577],[-61.0673,14.4604],[-61.0677,14.4655],[-61.0704,14.4685],[-61.0738,14.4689],[-61.0767,14.4675],[-61.0799,14.4687],[-61.082,14.4704],[-61.083,14.4738],[-61.0819,14.475],[-61.0827,14.4764],[-61.0796,14.4782],[-61.0792,14.4796],[-61.0799,14.4894],[-61.0827,14.492],[-61.0857,14.4909],[-61.0908,14.4926],[-61.0894,14.4951],[-61.0899,14.4976],[-61.0842,14.4989],[-61.0854,14.5053],[-61.0901,14.5077],[-61.0965,14.5064],[-61.1012,14.5082],[-61.0968,14.5137],[-61.0974,14.5186],[-61.0945,14.5221],[-61.0945,14.5246],[-61.0901,14.5255],[-61.0899,14.5283],[-61.0878,14.5271],[-61.089,14.5314],[-61.0877,14.5341],[-61.081,14.5369],[-61.079,14.5409],[-61.0766,14.5422],[-61.0677,14.5398],[-61.0645,14.5419],[-61.0648,14.5443],[-61.061,14.5493],[-61.0613,14.5506],[-61.0585,14.5517],[-61.0573,14.5505],[-61.0553,14.5509],[-61.0536,14.5524],[-61.0531,14.5545],[-61.0544,14.5567],[-61.0522,14.5624],[-61.0512,14.5572],[-61.0498,14.5599],[-61.0488,14.5596],[-61.0517,14.5514],[-61.0448,14.5523],[-61.0385,14.5568],[-61.0374,14.5555],[-61.0373,14.55],[-61.0444,14.5466],[-61.0407,14.5414],[-61.0365,14.5417],[-61.0365,14.5401],[-61.034,14.542],[-61.0301,14.5408],[-61.0319,14.5367],[-61.0278,14.5371],[-61.0275,14.535],[-61.023,14.5398],[-61.0215,14.5384],[-61.0204,14.5397],[-61.0176,14.5389],[-61.0168,14.5343],[-61.0138,14.5351],[-61.0084,14.5421],[-61.0057,14.5406],[-61.0073,14.5361],[-61.0005,14.5445],[-60.9937,14.5466],[-60.9936,14.5484],[-60.9975,14.5502],[-60.997,14.5514],[-60.9934,14.5518],[-60.9906,14.5473],[-60.9898,14.5502],[-60.9919,14.554],[-60.9956,14.5549],[-60.9965,14.5566],[-60.995,14.5571],[-60.9949,14.5588],[-60.9976,14.5614],[-61.0011,14.5595],[-61.0039,14.562],[-61.0068,14.5623],[-61.0097,14.5602],[-61.0113,14.5611],[-61.0109,14.5675],[-61.0138,14.5686],[-61.0141,14.5706],[-61.0103,14.575],[-61.0099,14.5783],[-61.0143,14.5787],[-61.0158,14.583],[-61.0169,14.5821],[-61.0198,14.5848],[-61.0219,14.5832],[-61.0243,14.5848],[-61.0236,14.5919],[-61.0193,14.5924],[-61.0164,14.5957],[-61.0168,14.5984],[-61.0197,14.6008],[-61.0138,14.6017],[-61.0172,14.6035],[-61.0217,14.6033],[-61.0221,14.6053],[-61.0196,14.6073],[-61.0206,14.6099],[-61.0189,14.6117],[-61.0204,14.6124],[-61.0218,14.6109],[-61.0241,14.613],[-61.0272,14.6089],[-61.0295,14.6084],[-61.0316,14.6059],[-61.0334,14.607],[-61.0366,14.6057],[-61.0397,14.6065],[-61.0403,14.6039],[-61.0364,14.5952],[-61.0369,14.5926],[-61.041,14.5962],[-61.0466,14.5943],[-61.0481,14.5983],[-61.0491,14.5985],[-61.0527,14.5983],[-61.0559,14.595],[-61.0602,14.5951],[-61.0609,14.597],[-61.0575,14.6036],[-61.0592,14.6041],[-61.0589,14.6023],[-61.0613,14.6001],[-61.0615,14.6019],[-61.0645,14.6014],[-61.0651,14.6032],[-61.0661,14.6026],[-61.0649,14.5996],[-61.0661,14.5971],[-61.0675,14.6014],[-61.0708,14.6029],[-61.0748,14.6011],[-61.0794,14.6015],[-61.0844,14.599],[-61.0887,14.5998],[-61.0904,14.5986],[-61.0961,14.6052],[-61.0959,14.607],[-61.0973,14.6071],[-61.0983,14.6115],[-61.1016,14.6154],[-61.1037,14.616],[-61.1047,14.6191],[-61.1113,14.6242],[-61.1112,14.6256],[-61.1175,14.6276]]],[[[-60.889,14.6896],[-60.8913,14.6902],[-60.8921,14.6931],[-60.8987,14.6964],[-60.8976,14.6973],[-60.8952,14.6957],[-60.8942,14.6971],[-60.8918,14.6956],[-60.8873,14.6974],[-60.887,14.6961],[-60.8792,14.6926],[-60.8798,14.6913],[-60.8828,14.6928],[-60.8865,14.6912],[-60.8876,14.6924],[-60.889,14.6896]]],[[[-60.8876,14.6297],[-60.89,14.6334],[-60.8889,14.6349],[-60.8871,14.6327],[-60.8848,14.6325],[-60.8876,14.6297]]],[[[-60.8825,14.686],[-60.884,14.6873],[-60.8843,14.6905],[-60.8825,14.686]]],[[[-60.9108,14.6844],[-60.9113,14.6853],[-60.9091,14.6874],[-60.909,14.6857],[-60.9108,14.6844]]],[[[-60.9,14.6849],[-60.9019,14.6859],[-60.9016,14.687],[-60.899,14.6869],[-60.9,14.6849]]],[[[-60.8831,14.6694],[-60.8839,14.671],[-60.8828,14.6714],[-60.8816,14.67],[-60.8831,14.6694]]]]},"properties":{"code":"972","nom":"Martinique"}},{"type":"Feature","geometry":{"type":"MultiPolygon","coordinates":[[[[-53.8705,5.7449],[-53.8646,5.743],[-53.8838,5.7365],[-53.9026,5.7466],[-53.8705,5.7449]]],[[[-52.2032,4.9251],[-52.2062,4.9293],[-52.201,4.9312],[-52.2032,4.9251]]],[[[-53.4694,5.5653],[-53.4031,5.5637],[-53.3183,5.5387],[-53.2802,5.5431],[-53.2508,5.5212],[-53.2621,5.538],[-53.3006,5.5529],[-53.2747,5.5632],[-53.2614,5.5485],[-53.1314,5.5082],[-53.0725,5.4683],[-53.0201,5.4581],[-52.9956,5.432],[-53.0031,5.4558],[-52.9969,5.4597],[-52.9408,5.4497],[-52.8551,5.3776],[-52.8317,5.3333],[-52.7882,5.3075],[-52.7472,5.258],[-52.6664,5.2003],[-52.6283,5.1628],[-52.6277,5.1463],[-52.576,5.1065],[-52.5564,5.107],[-52.5472,5.0948],[-52.5567,5.0961],[-52.5523,5.0878],[-52.5382,5.0885],[-52.4604,5.0122],[-52.4164,4.9818],[-52.3647,4.9207],[-52.3343,4.9314],[-52.3355,4.9427],[-52.3023,4.9513],[-52.2588,4.9135],[-52.2628,4.8999],[-52.2291,4.8596],[-52.2011,4.8513],[-52.1859,4.8216],[-52.1457,4.7909],[-52.1394,4.7969],[-52.11,4.7848],[-52.0062,4.7018],[-51.9161,4.6688],[-51.9037,4.6766],[-51.8618,4.6721],[-51.8361,4.6543],[-51.8106,4.6316],[-51.7897,4.5907],[-51.7766,4.4902],[-51.7475,4.439],[-51.7524,4.4182],[-51.7119,4.3881],[-51.6923,4.3951],[-51.7192,4.3528],[-51.7105,4.3122],[-51.6759,4.2538],[-51.6611,4.2439],[-51.6609,4.2266],[-51.6348,4.2007],[-51.6191,4.2011],[-51.635,4.1764],[-51.6493,4.0734],[-51.6757,4.0361],[-51.7457,4.0015],[-51.7758,3.9765],[-51.7826,3.9207],[-51.7987,3.887],[-51.8564,3.8327],[-51.874,3.8032],[-51.886,3.7947],[-51.9047,3.7984],[-51.8981,3.7839],[-51.9213,3.7784],[-51.9217,3.7243],[-51.9558,3.7204],[-51.9726,3.7055],[-51.9935,3.6429],[-51.9883,3.6277],[-52.0198,3.5931],[-52.0604,3.5197],[-52.0731,3.5156],[-52.0952,3.4618],[-52.1867,3.3201],[-52.1908,3.2967],[-52.2336,3.2407],[-52.2427,3.2374],[-52.2598,3.2531],[-52.2925,3.2264],[-52.3027,3.1729],[-52.3296,3.1719],[-52.3408,3.1444],[-52.3314,3.1385],[-52.3529,3.128],[-52.3392,3.1209],[-52.3455,3.0977],[-52.3259,3.0778],[-52.3621,3.0171],[-52.3831,2.9505],[-52.3934,2.9446],[-52.3951,2.9278],[-52.3875,2.9175],[-52.3768,2.9196],[-52.3793,2.913],[-52.3901,2.8982],[-52.4056,2.9009],[-52.4226,2.8903],[-52.4734,2.7939],[-52.479,2.7531],[-52.5293,2.6516],[-52.5421,2.654],[-52.5552,2.6403],[-52.5423,2.6225],[-52.5499,2.6109],[-52.5315,2.598],[-52.5277,2.581],[-52.5369,2.5586],[-52.5513,2.5609],[-52.5612,2.5503],[-52.5517,2.5209],[-52.5887,2.4924],[-52.5938,2.4779],[-52.618,2.4752],[-52.6216,2.4621],[-52.6103,2.4525],[-52.6367,2.4447],[-52.6464,2.4321],[-52.6606,2.374],[-52.7105,2.3586],[-52.7168,2.3438],[-52.8037,2.2996],[-52.8418,2.2914],[-52.8382,2.2813],[-52.8559,2.2816],[-52.854,2.2637],[-52.869,2.259],[-52.8773,2.2384],[-52.8873,2.2386],[-52.8862,2.2193],[-52.9045,2.1867],[-52.9346,2.1943],[-52.9412,2.1786],[-52.9878,2.1681],[-52.9986,2.1783],[-53.0519,2.1898],[-53.0797,2.2222],[-53.1306,2.2255],[-53.2242,2.2011],[-53.2448,2.2111],[-53.2631,2.1892],[-53.2742,2.1903],[-53.2789,2.2187],[-53.2632,2.2195],[-53.2559,2.2488],[-53.2519,2.2414],[-53.2272,2.2548],[-53.2268,2.264],[-53.256,2.2701],[-53.2814,2.305],[-53.3009,2.3071],[-53.3192,2.3451],[-53.3319,2.3341],[-53.3401,2.352],[-53.3564,2.3479],[-53.3721,2.313],[-53.3992,2.305],[-53.4107,2.2873],[-53.4308,2.2886],[-53.4611,2.2535],[-53.484,2.2621],[-53.5468,2.2525],[-53.5675,2.2671],[-53.5866,2.2632],[-53.6045,2.2807],[-53.6175,2.2731],[-53.6569,2.2795],[-53.6519,2.2961],[-53.6655,2.3021],[-53.6828,2.2928],[-53.699,2.3112],[-53.7396,2.3058],[-53.7477,2.3198],[-53.7332,2.3224],[-53.7383,2.3325],[-53.7208,2.35],[-53.7509,2.358],[-53.7361,2.3725],[-53.766,2.3756],[-53.8346,2.3323],[-53.8152,2.3223],[-53.8133,2.3114],[-53.8382,2.3022],[-53.8527,2.3037],[-53.8556,2.3133],[-53.8643,2.3045],[-53.8828,2.3088],[-53.8852,2.2751],[-53.9055,2.2607],[-53.9151,2.2623],[-53.9151,2.2782],[-53.9344,2.2811],[-53.9414,2.2593],[-53.9328,2.2371],[-53.9443,2.2154],[-53.9624,2.2193],[-53.9735,2.2062],[-53.9904,2.2091],[-54.0235,2.1814],[-54.0656,2.1968],[-54.0829,2.1725],[-54.0843,2.1362],[-54.0937,2.1398],[-54.1065,2.1213],[-54.1014,2.1118],[-54.1262,2.1241],[-54.1422,2.1131],[-54.1686,2.1295],[-54.1872,2.1789],[-54.2241,2.1498],[-54.2543,2.1558],[-54.2805,2.1464],[-54.3207,2.1593],[-54.3419,2.1518],[-54.3392,2.1693],[-54.3631,2.1797],[-54.3547,2.2025],[-54.3623,2.2118],[-54.4156,2.1948],[-54.4159,2.2079],[-54.4267,2.2146],[-54.4489,2.2035],[-54.4772,2.2133],[-54.4781,2.2286],[-54.4958,2.2328],[-54.4959,2.2486],[-54.5231,2.252],[-54.5482,2.2695],[-54.5139,2.2808],[-54.5337,2.2925],[-54.5391,2.3247],[-54.5572,2.3303],[-54.5876,2.3216],[-54.6016,2.3367],[-54.5905,2.352],[-54.5697,2.3542],[-54.5336,2.3336],[-54.5064,2.3381],[-54.505,2.3911],[-54.4762,2.4354],[-54.4378,2.4303],[-54.4196,2.4369],[-54.3992,2.4677],[-54.3871,2.4704],[-54.37,2.509],[-54.3486,2.5247],[-54.3453,2.5628],[-54.3282,2.5745],[-54.3128,2.6134],[-54.3184,2.63],[-54.2664,2.6888],[-54.2731,2.6933],[-54.2648,2.7232],[-54.2448,2.7327],[-54.2082,2.7778],[-54.2108,2.7891],[-54.1979,2.8044],[-54.2078,2.8313],[-54.186,2.8379],[-54.1795,2.8586],[-54.1952,2.885],[-54.1857,2.9044],[-54.1911,2.9253],[-54.1794,2.9281],[-54.176,2.9577],[-54.1607,2.9686],[-54.1814,2.9837],[-54.1856,2.9992],[-54.1696,3.0156],[-54.1946,3.0654],[-54.1743,3.0726],[-54.1811,3.0908],[-54.1745,3.1093],[-54.1918,3.135],[-54.1985,3.1238],[-54.2114,3.1277],[-54.2141,3.1364],[-54.2012,3.142],[-54.2139,3.1502],[-54.2032,3.1576],[-54.1891,3.2064],[-54.1753,3.2061],[-54.1364,3.266],[-54.1005,3.3004],[-54.0809,3.2925],[-54.0643,3.3127],[-54.0622,3.3521],[-54.0535,3.3634],[-54.0585,3.3855],[-54.0122,3.4271],[-54.0201,3.4427],[-54,3.5242],[-54.0093,3.5356],[-53.9806,3.6084],[-54.0067,3.6486],[-54.0227,3.6468],[-54.0295,3.6312],[-54.0464,3.6332],[-54.0504,3.6528],[-54.0829,3.6744],[-54.0791,3.7136],[-54.1219,3.7927],[-54.1498,3.8042],[-54.1978,3.8055],[-54.2018,3.8233],[-54.1919,3.8474],[-54.2369,3.8605],[-54.2534,3.8987],[-54.2492,3.9089],[-54.29,3.9358],[-54.3179,4.0148],[-54.3576,4.0502],[-54.3425,4.0896],[-54.3444,4.1135],[-54.3231,4.1444],[-54.3912,4.1872],[-54.3961,4.2087],[-54.3824,4.2633],[-54.3945,4.3066],[-54.3873,4.354],[-54.4136,4.3755],[-54.4365,4.3617],[-54.4419,4.3708],[-54.4317,4.4102],[-54.4423,4.4379],[-54.4322,4.4632],[-54.4501,4.5259],[-54.4247,4.555],[-54.4153,4.6065],[-54.438,4.6426],[-54.4237,4.6655],[-54.4335,4.6974],[-54.4273,4.715],[-54.4355,4.7248],[-54.4586,4.7258],[-54.4663,4.7399],[-54.46,4.7778],[-54.4667,4.8725],[-54.4787,4.9036],[-54.4436,4.9401],[-54.4379,5.0173],[-54.4193,5.0517],[-54.4156,5.0847],[-54.3754,5.1079],[-54.3649,5.138],[-54.3506,5.1439],[-54.279,5.2625],[-54.1842,5.3234],[-54.1419,5.3706],[-54.1175,5.4174],[-54.0189,5.5215],[-54.0037,5.5731],[-54.0149,5.6525],[-53.9684,5.7452],[-53.7993,5.7239],[-53.5926,5.6083],[-53.4694,5.5653]]],[[[-52.5851,5.2903],[-52.5831,5.2965],[-52.58,5.295],[-52.5851,5.2903]]]]},"properties":{"code":"973","nom":"Guyane"}},{"type":"Feature","geometry":{"type":"MultiPolygon","coordinates":[[[[55.5689,-21.3767],[55.5673,-21.3773],[55.5682,-21.3759],[55.5689,-21.3767]]],[[[55.2542,-21.1097],[55.2309,-21.0909],[55.2209,-21.0774],[55.2218,-21.0584],[55.2226,-21.0557],[55.226,-21.0535],[55.2242,-21.0545],[55.2213,-21.0499],[55.2167,-21.0378],[55.2353,-21.0179],[55.2465,-21.0199],[55.2565,-21.0162],[55.2632,-21.0126],[55.2765,-21.0011],[55.2799,-20.9939],[55.2829,-20.9781],[55.2775,-20.955],[55.2805,-20.9488],[55.2815,-20.937],[55.2839,-20.9376],[55.2825,-20.9454],[55.2841,-20.9385],[55.2864,-20.9406],[55.288,-20.9367],[55.2871,-20.9347],[55.2894,-20.9351],[55.2878,-20.9342],[55.2897,-20.9329],[55.2865,-20.9325],[55.2882,-20.9307],[55.2857,-20.9305],[55.2863,-20.9359],[55.2833,-20.9355],[55.2835,-20.9269],[55.2872,-20.9238],[55.2897,-20.923],[55.3043,-20.9291],[55.3183,-20.9283],[55.3194,-20.9312],[55.3145,-20.9316],[55.3145,-20.9331],[55.3195,-20.9327],[55.3248,-20.9354],[55.3251,-20.9296],[55.3229,-20.9292],[55.3217,-20.9264],[55.3239,-20.9285],[55.3305,-20.9279],[55.3445,-20.9222],[55.3521,-20.9114],[55.3599,-20.908],[55.3696,-20.8987],[55.3904,-20.8868],[55.395,-20.8818],[55.4211,-20.8744],[55.4404,-20.8766],[55.4452,-20.875],[55.4479,-20.872],[55.4512,-20.8717],[55.4577,-20.8775],[55.4696,-20.8843],[55.4896,-20.8857],[55.5029,-20.8823],[55.5106,-20.8838],[55.5198,-20.8881],[55.5367,-20.8914],[55.5354,-20.8928],[55.5416,-20.8947],[55.5506,-20.8954],[55.5588,-20.8915],[55.5737,-20.8936],[55.5818,-20.8975],[55.5924,-20.896],[55.6206,-20.9108],[55.6289,-20.9106],[55.6477,-20.9156],[55.6661,-20.9265],[55.6693,-20.932],[55.6832,-20.9443],[55.6968,-20.9658],[55.7007,-20.9786],[55.7005,-21.0053],[55.7028,-21.018],[55.7051,-21.0199],[55.7078,-21.028],[55.7183,-21.0323],[55.7238,-21.039],[55.7265,-21.0453],[55.7323,-21.0499],[55.7314,-21.0601],[55.7387,-21.0715],[55.7558,-21.0891],[55.7626,-21.1006],[55.7714,-21.107],[55.78,-21.122],[55.786,-21.1257],[55.7916,-21.1243],[55.8001,-21.1273],[55.8065,-21.1325],[55.8098,-21.1373],[55.8143,-21.1394],[55.8173,-21.1387],[55.8259,-21.1436],[55.828,-21.1526],[55.835,-21.1604],[55.8351,-21.1641],[55.8328,-21.1656],[55.8331,-21.1714],[55.8366,-21.1834],[55.8319,-21.1865],[55.8258,-21.1861],[55.8247,-21.2033],[55.8141,-21.2143],[55.8125,-21.222],[55.8085,-21.2275],[55.8081,-21.2388],[55.8053,-21.2436],[55.8048,-21.2508],[55.8016,-21.2597],[55.8042,-21.2721],[55.8038,-21.2789],[55.8083,-21.2873],[55.8056,-21.2925],[55.8038,-21.3098],[55.8062,-21.3263],[55.8092,-21.3308],[55.8073,-21.3368],[55.7969,-21.3506],[55.7888,-21.3545],[55.7752,-21.3655],[55.7564,-21.363],[55.7505,-21.3678],[55.7271,-21.3698],[55.7172,-21.3749],[55.7113,-21.3749],[55.7088,-21.3766],[55.6816,-21.3747],[55.6776,-21.3764],[55.6774,-21.3792],[55.6759,-21.3788],[55.6747,-21.3815],[55.6709,-21.3838],[55.6592,-21.3828],[55.6468,-21.3894],[55.6432,-21.3876],[55.6418,-21.3844],[55.6334,-21.3825],[55.6256,-21.3828],[55.6191,-21.3856],[55.6093,-21.3871],[55.6025,-21.3838],[55.5981,-21.3786],[55.5896,-21.3762],[55.5867,-21.3717],[55.572,-21.376],[55.563,-21.3724],[55.5591,-21.373],[55.5555,-21.3712],[55.5511,-21.3745],[55.5495,-21.3706],[55.5386,-21.364],[55.5236,-21.3612],[55.501,-21.3506],[55.4881,-21.3502],[55.4841,-21.3524],[55.4787,-21.3436],[55.4699,-21.3446],[55.4595,-21.3411],[55.4542,-21.3347],[55.4548,-21.3316],[55.449,-21.3284],[55.4301,-21.3264],[55.4196,-21.3215],[55.4115,-21.3145],[55.4063,-21.3053],[55.3966,-21.2955],[55.3907,-21.2922],[55.367,-21.2845],[55.3408,-21.2816],[55.3353,-21.2778],[55.3322,-21.273],[55.3346,-21.2701],[55.3306,-21.2587],[55.3246,-21.2539],[55.3201,-21.2527],[55.3211,-21.2492],[55.3136,-21.2445],[55.3108,-21.2401],[55.3023,-21.2366],[55.293,-21.2298],[55.2924,-21.2243],[55.2888,-21.2195],[55.2852,-21.2073],[55.2805,-21.2025],[55.2827,-21.2011],[55.2848,-21.195],[55.2874,-21.183],[55.2858,-21.1658],[55.2876,-21.1631],[55.2869,-21.1609],[55.2813,-21.1533],[55.2726,-21.1504],[55.2702,-21.1436],[55.2714,-21.1433],[55.271,-21.1317],[55.268,-21.1304],[55.268,-21.1279],[55.2641,-21.1268],[55.2532,-21.1139],[55.2542,-21.1097]]]]},"properties":{"code":"974","nom":"La Réunion"}},{"type":"Feature","geometry":{"type":"MultiPolygon","coordinates":[[[[45.041,-12.6469],[45.042,-12.6477],[45.0413,-12.649],[45.0364,-12.6506],[45.0328,-12.6559],[45.0318,-12.656],[45.0288,-12.6551],[45.0305,-12.6516],[45.0289,-12.6495],[45.0236,-12.6463],[45.022,-12.6476],[45.0188,-12.6472],[45.0184,-12.6434],[45.0229,-12.6416],[45.0266,-12.6366],[45.0323,-12.6393],[45.0343,-12.6418],[45.041,-12.6469]]],[[[45.028,-12.6567],[45.027,-12.6581],[45.0269,-12.6567],[45.0283,-12.6554],[45.028,-12.6567]]],[[[45.1382,-13.0034],[45.1376,-13.0053],[45.1368,-13.0037],[45.1384,-13.0012],[45.1382,-13.0034]]],[[[45.2342,-12.8981],[45.2317,-12.9018],[45.2295,-12.8991],[45.2312,-12.8951],[45.234,-12.8965],[45.2342,-12.8981]]],[[[45.2188,-12.983],[45.2172,-12.9862],[45.216,-12.9863],[45.2173,-12.9808],[45.2192,-12.9816],[45.2188,-12.983]]],[[[45.1604,-12.9756],[45.1595,-12.9759],[45.1611,-12.9753],[45.1604,-12.9756]]],[[[45.1437,-12.92],[45.1418,-12.9225],[45.1391,-12.9214],[45.1416,-12.9173],[45.1437,-12.92]]],[[[45.2026,-12.9336],[45.2022,-12.9351],[45.1979,-12.9324],[45.2026,-12.9336]]],[[[45.2074,-12.9205],[45.2079,-12.9213],[45.2054,-12.9202],[45.2074,-12.9205]]],[[[45.2058,-12.9109],[45.2054,-12.9111],[45.2056,-12.9109],[45.2058,-12.9109]]],[[[45.1182,-12.675],[45.1182,-12.6767],[45.1148,-12.6755],[45.1127,-12.6765],[45.1109,-12.6755],[45.1136,-12.6732],[45.1157,-12.6749],[45.1182,-12.675]]],[[[45.0593,-12.6767],[45.0571,-12.6777],[45.0551,-12.6767],[45.06,-12.6752],[45.0593,-12.6767]]],[[[45.049,-12.6718],[45.0495,-12.673],[45.0461,-12.6718],[45.049,-12.6718]]],[[[45.0998,-12.8019],[45.1001,-12.7982],[45.1011,-12.797],[45.1063,-12.7961],[45.1081,-12.7949],[45.1109,-12.7967],[45.1121,-12.7964],[45.1126,-12.794],[45.1087,-12.791],[45.1069,-12.7912],[45.1054,-12.7929],[45.0977,-12.7924],[45.0966,-12.7914],[45.0965,-12.7895],[45.0967,-12.7867],[45.0985,-12.7858],[45.0983,-12.7844],[45.0963,-12.7851],[45.0961,-12.7868],[45.0939,-12.7845],[45.1019,-12.7803],[45.1009,-12.7785],[45.1018,-12.7774],[45.1014,-12.774],[45.1034,-12.7729],[45.102,-12.7696],[45.1025,-12.7665],[45.0994,-12.7652],[45.0969,-12.7668],[45.0945,-12.7663],[45.0946,-12.768],[45.0954,-12.7679],[45.0949,-12.7703],[45.0924,-12.7714],[45.0917,-12.7697],[45.088,-12.7672],[45.0873,-12.7645],[45.0866,-12.7653],[45.0808,-12.7639],[45.0791,-12.7669],[45.077,-12.7666],[45.0739,-12.7652],[45.073,-12.7616],[45.0713,-12.7614],[45.0687,-12.7588],[45.0647,-12.757],[45.0637,-12.7535],[45.0602,-12.7509],[45.0586,-12.7518],[45.057,-12.7509],[45.0548,-12.7518],[45.054,-12.7544],[45.0516,-12.7562],[45.0494,-12.7514],[45.047,-12.7514],[45.0433,-12.7485],[45.0426,-12.744],[45.0461,-12.7399],[45.0506,-12.7386],[45.054,-12.7352],[45.058,-12.728],[45.0578,-12.727],[45.0553,-12.7233],[45.052,-12.7237],[45.0492,-12.7222],[45.0421,-12.7236],[45.0401,-12.7232],[45.0398,-12.7222],[45.0433,-12.7212],[45.05,-12.7122],[45.0515,-12.7074],[45.0503,-12.7048],[45.0492,-12.7043],[45.0517,-12.7015],[45.0516,-12.7001],[45.0535,-12.6999],[45.0549,-12.7014],[45.0597,-12.7008],[45.0623,-12.7018],[45.0642,-12.7002],[45.0663,-12.7],[45.0693,-12.6966],[45.0674,-12.6938],[45.07,-12.6952],[45.0726,-12.6919],[45.0735,-12.6895],[45.073,-12.6855],[45.0707,-12.6835],[45.0691,-12.684],[45.0675,-12.6831],[45.0665,-12.6811],[45.0729,-12.6835],[45.0761,-12.6837],[45.0811,-12.6814],[45.0834,-12.6788],[45.0819,-12.675],[45.0826,-12.6712],[45.0856,-12.67],[45.086,-12.6664],[45.0901,-12.6657],[45.0932,-12.663],[45.0937,-12.6606],[45.0926,-12.6572],[45.0953,-12.6589],[45.0984,-12.658],[45.1018,-12.6557],[45.105,-12.6507],[45.1071,-12.6527],[45.1036,-12.6547],[45.1021,-12.6593],[45.1026,-12.6605],[45.1054,-12.6623],[45.1016,-12.6625],[45.0949,-12.665],[45.0897,-12.6677],[45.0883,-12.6702],[45.0903,-12.6724],[45.0971,-12.6729],[45.098,-12.6753],[45.1048,-12.6766],[45.1029,-12.6792],[45.101,-12.6801],[45.1018,-12.6827],[45.1026,-12.6836],[45.1081,-12.683],[45.109,-12.6857],[45.1122,-12.6863],[45.1138,-12.6883],[45.1115,-12.6887],[45.1112,-12.6912],[45.1146,-12.6958],[45.1264,-12.7012],[45.1305,-12.7005],[45.1306,-12.704],[45.1259,-12.7022],[45.1226,-12.7057],[45.1234,-12.7056],[45.1243,-12.7115],[45.1294,-12.7152],[45.1302,-12.7176],[45.1292,-12.7196],[45.1308,-12.7218],[45.1316,-12.7211],[45.1309,-12.7223],[45.1273,-12.7233],[45.1215,-12.7229],[45.1275,-12.7238],[45.1261,-12.7242],[45.1254,-12.7273],[45.1296,-12.7275],[45.131,-12.7309],[45.1323,-12.7296],[45.134,-12.7315],[45.1377,-12.7309],[45.1375,-12.7329],[45.1398,-12.7332],[45.1401,-12.7346],[45.1398,-12.733],[45.1376,-12.7328],[45.1379,-12.7316],[45.142,-12.7336],[45.1444,-12.7311],[45.1432,-12.7291],[45.1405,-12.7291],[45.1409,-12.7279],[45.148,-12.7281],[45.1507,-12.7292],[45.1499,-12.7323],[45.1507,-12.7346],[45.1548,-12.7367],[45.1581,-12.7351],[45.1604,-12.7324],[45.1616,-12.7325],[45.1615,-12.7279],[45.1655,-12.7257],[45.1641,-12.7252],[45.1635,-12.7231],[45.1668,-12.7243],[45.1672,-12.7219],[45.1647,-12.7216],[45.1636,-12.7199],[45.1662,-12.7175],[45.1701,-12.7231],[45.17,-12.7257],[45.1768,-12.7301],[45.1793,-12.7304],[45.1832,-12.7269],[45.1851,-12.7273],[45.186,-12.7295],[45.1891,-12.7294],[45.1897,-12.7281],[45.1963,-12.7312],[45.1981,-12.7301],[45.1987,-12.731],[45.2007,-12.731],[45.2015,-12.7295],[45.2039,-12.7302],[45.2057,-12.7311],[45.2058,-12.7322],[45.207,-12.7322],[45.2066,-12.7344],[45.209,-12.7353],[45.2099,-12.7344],[45.2103,-12.7355],[45.2115,-12.7355],[45.2128,-12.7324],[45.2142,-12.7324],[45.2137,-12.7359],[45.2118,-12.7381],[45.2133,-12.7409],[45.2159,-12.7422],[45.2185,-12.7419],[45.2187,-12.7431],[45.2211,-12.7445],[45.2257,-12.7437],[45.2288,-12.7502],[45.2317,-12.7525],[45.2358,-12.7519],[45.2369,-12.7543],[45.235,-12.7567],[45.2365,-12.76],[45.2398,-12.7612],[45.2397,-12.763],[45.2378,-12.7632],[45.236,-12.7647],[45.2345,-12.7733],[45.2297,-12.7731],[45.2334,-12.7693],[45.2337,-12.7675],[45.2323,-12.7667],[45.2329,-12.766],[45.2316,-12.763],[45.2301,-12.7623],[45.2304,-12.7662],[45.2322,-12.7667],[45.2304,-12.767],[45.2295,-12.769],[45.2278,-12.768],[45.2294,-12.7694],[45.2285,-12.7705],[45.2272,-12.7701],[45.2274,-12.7741],[45.2256,-12.7743],[45.2274,-12.7757],[45.229,-12.7747],[45.2337,-12.7761],[45.2328,-12.7797],[45.2352,-12.7818],[45.2381,-12.7819],[45.2379,-12.7848],[45.2363,-12.7863],[45.2347,-12.7834],[45.2303,-12.784],[45.2307,-12.7865],[45.2275,-12.7859],[45.2229,-12.7912],[45.2224,-12.79],[45.2209,-12.7896],[45.2226,-12.7914],[45.2182,-12.7947],[45.2164,-12.7949],[45.2158,-12.7997],[45.2167,-12.7997],[45.2152,-12.8018],[45.2138,-12.802],[45.2144,-12.8024],[45.21,-12.8066],[45.21,-12.8054],[45.2031,-12.8095],[45.204,-12.8102],[45.2031,-12.8102],[45.2038,-12.8125],[45.2052,-12.8123],[45.2038,-12.8141],[45.2047,-12.8163],[45.2037,-12.8175],[45.2037,-12.8196],[45.2004,-12.8205],[45.1946,-12.8242],[45.1931,-12.8275],[45.1932,-12.8301],[45.1928,-12.828],[45.1921,-12.8314],[45.193,-12.8304],[45.1931,-12.8311],[45.1977,-12.8306],[45.1964,-12.8331],[45.1893,-12.8386],[45.1852,-12.8384],[45.186,-12.8414],[45.1841,-12.8421],[45.1861,-12.8418],[45.1873,-12.8437],[45.1907,-12.8423],[45.1942,-12.8444],[45.1941,-12.8456],[45.1957,-12.8449],[45.1946,-12.8485],[45.1966,-12.8515],[45.1968,-12.8542],[45.1985,-12.8558],[45.2003,-12.8539],[45.202,-12.8568],[45.2022,-12.8599],[45.2009,-12.8606],[45.2019,-12.8616],[45.2015,-12.8627],[45.2031,-12.8635],[45.2054,-12.8624],[45.2069,-12.8637],[45.2087,-12.8636],[45.2101,-12.8623],[45.2124,-12.863],[45.21,-12.8689],[45.2133,-12.8731],[45.2145,-12.8734],[45.2203,-12.871],[45.2221,-12.8719],[45.2207,-12.8749],[45.2177,-12.8771],[45.216,-12.8812],[45.2159,-12.8835],[45.2179,-12.8845],[45.2173,-12.8862],[45.2138,-12.8876],[45.2108,-12.8914],[45.2048,-12.893],[45.1984,-12.8961],[45.1974,-12.8977],[45.1958,-12.8974],[45.1973,-12.8979],[45.1974,-12.8991],[45.1956,-12.902],[45.1954,-12.9064],[45.1954,-12.9035],[45.1925,-12.9058],[45.1938,-12.9076],[45.1961,-12.9075],[45.1962,-12.9095],[45.1947,-12.9102],[45.1966,-12.9103],[45.1971,-12.9142],[45.2009,-12.9158],[45.205,-12.9201],[45.1994,-12.92],[45.1951,-12.9175],[45.1915,-12.9168],[45.1865,-12.917],[45.1839,-12.9214],[45.185,-12.9244],[45.1796,-12.9258],[45.176,-12.9325],[45.1759,-12.9353],[45.1797,-12.9392],[45.1795,-12.9435],[45.1739,-12.9414],[45.1703,-12.9437],[45.1709,-12.9426],[45.1694,-12.943],[45.1701,-12.9442],[45.1688,-12.9496],[45.1707,-12.9532],[45.1751,-12.9563],[45.1769,-12.9654],[45.1771,-12.9641],[45.1781,-12.9659],[45.1847,-12.9701],[45.1905,-12.9712],[45.1938,-12.9749],[45.1932,-12.976],[45.194,-12.9751],[45.1966,-12.9759],[45.1988,-12.9744],[45.2044,-12.9746],[45.2009,-12.9788],[45.2007,-12.9809],[45.1976,-12.9816],[45.1968,-12.9838],[45.1947,-12.9838],[45.1939,-12.9875],[45.1859,-12.984],[45.1819,-12.9836],[45.1817,-12.9846],[45.1807,-12.9844],[45.1775,-12.9907],[45.1776,-12.9925],[45.1794,-12.9943],[45.1782,-12.995],[45.1754,-12.9946],[45.1744,-12.9847],[45.172,-12.9805],[45.1718,-12.9784],[45.1665,-12.9749],[45.1613,-12.9758],[45.1631,-12.9751],[45.1619,-12.9754],[45.1604,-12.9742],[45.1605,-12.9726],[45.1604,-12.9746],[45.1581,-12.9763],[45.1578,-12.9779],[45.1593,-12.9767],[45.1594,-12.9774],[45.156,-12.9803],[45.1579,-12.9887],[45.1536,-12.9943],[45.1529,-12.9969],[45.1491,-12.9998],[45.142,-12.9995],[45.1395,-12.9947],[45.1394,-12.9915],[45.139,-12.992],[45.135,-12.9906],[45.1364,-12.9896],[45.1338,-12.9902],[45.1341,-12.9889],[45.1329,-12.9891],[45.1333,-12.9905],[45.1314,-12.9934],[45.1263,-12.9957],[45.125,-12.9909],[45.1267,-12.9872],[45.1245,-12.9824],[45.125,-12.9799],[45.1243,-12.9821],[45.1196,-12.9802],[45.114,-12.982],[45.111,-12.9859],[45.1088,-12.9939],[45.1056,-12.9873],[45.1083,-12.9819],[45.1066,-12.9743],[45.109,-12.9718],[45.1107,-12.9678],[45.1109,-12.9608],[45.1083,-12.9572],[45.107,-12.957],[45.1062,-12.9579],[45.1069,-12.9583],[45.1041,-12.958],[45.1036,-12.9595],[45.1008,-12.9617],[45.0999,-12.9644],[45.0976,-12.9643],[45.0926,-12.9665],[45.0832,-12.9613],[45.08,-12.9629],[45.0789,-12.9625],[45.0855,-12.9575],[45.0934,-12.9547],[45.0951,-12.9532],[45.1011,-12.9456],[45.1016,-12.9375],[45.1043,-12.9328],[45.102,-12.9278],[45.0979,-12.9249],[45.096,-12.925],[45.094,-12.9272],[45.0871,-12.9299],[45.0874,-12.9285],[45.0894,-12.9274],[45.0889,-12.9251],[45.0867,-12.9221],[45.0833,-12.9219],[45.0822,-12.9182],[45.0807,-12.9168],[45.0803,-12.9135],[45.0792,-12.9128],[45.0774,-12.9053],[45.074,-12.9021],[45.0716,-12.902],[45.0712,-12.8993],[45.0784,-12.8982],[45.0813,-12.8989],[45.0848,-12.8978],[45.0992,-12.8986],[45.1,-12.9015],[45.1028,-12.9043],[45.1015,-12.9104],[45.1023,-12.9179],[45.1057,-12.9232],[45.1154,-12.9262],[45.1202,-12.9289],[45.1239,-12.9292],[45.124,-12.9321],[45.1252,-12.9334],[45.131,-12.936],[45.1366,-12.9364],[45.137,-12.9381],[45.1383,-12.9359],[45.1453,-12.9359],[45.1465,-12.9343],[45.1492,-12.9336],[45.1515,-12.9306],[45.1518,-12.9268],[45.155,-12.9236],[45.1536,-12.9206],[45.1535,-12.9169],[45.1488,-12.9114],[45.149,-12.9079],[45.1458,-12.907],[45.1441,-12.9047],[45.1455,-12.9005],[45.1405,-12.8947],[45.141,-12.8975],[45.1422,-12.8987],[45.1408,-12.8981],[45.1393,-12.8938],[45.1407,-12.8938],[45.1385,-12.892],[45.1385,-12.8908],[45.1321,-12.8888],[45.1301,-12.8847],[45.1315,-12.8843],[45.1287,-12.8839],[45.1265,-12.8819],[45.1237,-12.8818],[45.1202,-12.877],[45.1188,-12.8768],[45.1138,-12.8666],[45.1112,-12.8636],[45.1043,-12.8632],[45.1031,-12.8614],[45.1004,-12.8606],[45.0951,-12.8537],[45.0929,-12.8531],[45.0925,-12.8516],[45.0939,-12.8505],[45.0962,-12.8514],[45.0987,-12.8495],[45.1025,-12.8435],[45.1061,-12.8448],[45.1082,-12.8437],[45.1154,-12.8444],[45.1173,-12.8418],[45.1213,-12.8397],[45.1157,-12.8387],[45.1121,-12.8366],[45.1029,-12.8356],[45.101,-12.8342],[45.1028,-12.826],[45.104,-12.8245],[45.1032,-12.8207],[45.1064,-12.8196],[45.1059,-12.8135],[45.1051,-12.8137],[45.103,-12.8105],[45.1015,-12.8109],[45.1014,-12.8092],[45.0996,-12.8074],[45.1004,-12.8058],[45.0993,-12.8035],[45.0998,-12.8019]]],[[[45.2713,-12.7933],[45.2629,-12.7869],[45.2602,-12.7878],[45.2605,-12.7856],[45.2583,-12.784],[45.2539,-12.783],[45.2545,-12.7811],[45.2565,-12.7804],[45.2586,-12.7841],[45.2681,-12.7895],[45.2683,-12.7867],[45.2718,-12.7859],[45.2706,-12.7853],[45.2717,-12.7844],[45.2711,-12.7832],[45.274,-12.7792],[45.2748,-12.7754],[45.277,-12.7735],[45.2754,-12.7713],[45.281,-12.7649],[45.2846,-12.7588],[45.2873,-12.763],[45.2934,-12.7691],[45.2939,-12.7757],[45.2968,-12.777],[45.298,-12.7792],[45.2979,-12.7806],[45.2957,-12.7803],[45.2958,-12.7823],[45.2975,-12.7831],[45.299,-12.7818],[45.3,-12.7842],[45.2996,-12.7853],[45.2983,-12.7836],[45.297,-12.7836],[45.2955,-12.7857],[45.2962,-12.7865],[45.2942,-12.7876],[45.2946,-12.7899],[45.296,-12.7908],[45.2948,-12.7929],[45.297,-12.7937],[45.2966,-12.7957],[45.2928,-12.7993],[45.2876,-12.7993],[45.2849,-12.8032],[45.2843,-12.8109],[45.2876,-12.8173],[45.2863,-12.818],[45.2838,-12.8137],[45.2812,-12.8134],[45.2797,-12.8121],[45.2787,-12.8049],[45.2766,-12.8014],[45.2736,-12.7993],[45.2713,-12.7933]]],[[[45.2378,-12.8098],[45.2399,-12.8107],[45.2394,-12.8142],[45.2381,-12.8141],[45.2365,-12.8163],[45.2355,-12.8157],[45.2329,-12.8168],[45.2325,-12.8142],[45.2306,-12.8136],[45.2321,-12.8113],[45.2312,-12.8071],[45.2356,-12.8046],[45.2376,-12.8081],[45.2366,-12.8098],[45.2378,-12.8098]]],[[[45.2691,-12.7804],[45.2671,-12.7816],[45.2656,-12.7806],[45.2674,-12.779],[45.2691,-12.7804]]],[[[45.2072,-12.8097],[45.2055,-12.812],[45.2045,-12.8098],[45.2054,-12.8102],[45.205,-12.8094],[45.2082,-12.8086],[45.2101,-12.807],[45.2072,-12.8097]]],[[[45.2707,-12.7775],[45.2694,-12.7782],[45.2701,-12.777],[45.2707,-12.7775]]]]},"properties":{"code":"976","nom":"Mayotte"}}]}